CollectionID,run,ExpID,SiteID,site_name,series,continent,country,year,date,tectonicType1,tectonicType2,tectonicType3,tectonicType4,featureClass,featureType,hazardCode,matCode,wellDepth,rockType,lithology,lithologyUnit,waterType,latitude,longitude,elevation,temp,ph,spc,orp,do_sat,do,tds,sal,alk_tot,sio2,sulfide,fe2,gasFlow,fluidFlow,cl,br,no3,so4,po4,li,na,nh4,k,mg,ca,v,mn,fe,co,ni,cu,zn,se,mo,w,be,bo,al,ti,cr,ga,as,rb,sr,y,zr,nb,ag,cd,cs,ba,la,ce,pr,nd,sm,eu,gd,dy,ho,er,tm,yb,ta,re,tl,pb,th,u,v_s,mn_s,fe_s,co_s,ni_s,cu_s,zn_s,se_s,mo_s,w_s,be_s,bo_s,al_s,ti_s,cr_s,ga_s,as_s,rb_s,sr_s,y_s,zr_s,nb_s,ag_s,cd_s,cs_s,ba_s,la_s,ce_s,pr_s,nd_s,sm_s,eu_s,gd_s,dy_s,ho_s,er_s,tm_s,yb_s,ta_s,tl_s,pb_s,th_s,u_s,toc,tc,tn,prt,chla,D_w,d18O_w,d13DIC,d13TOC,d13TC,d13DOC,pcf,co2_dry,ch4_dry,s_dry,he_dry,h2_dry,o2_dry,ar_dry,n2_dry,co_dry,Unnamed: 179,d13CO2_dry,d13CH4_dry,co2_dis,ch4_dis,he_dis,h2_dis,o2_dis,ar_dis,n2_dis,d13CO2_dis,d13CH4_dis,co2_he,co2_ar,co2_ch4,he4,r_ra,rc_ra,X,he4_ne20,co2_3he,co2_4he,dic_old,d18O_DIC,project,doi,sample_type,source,sample_accession,sample_me,site_me,geotype3,dic,database_solid,database_soli_id,material,rock_type,sample_name.1,lat_d,long_d,dist_to_sample,major_sum,sio2_d,tio2_d,al2o3_d,fe2o3_d,feo_d,FEOt_d,mno_d,mgo_d,cao_d,na2o_d,k2o_d,bao_d,p2o5_d,cu_d,co_d,mo_d,ni_d,v_d,zn_d,ba_d,be_d,ce_d,cr_d,dy_d,er_d,eu_d,ga_d,gd_d,hr_d,ho_d,la_d,li_d,lu_d,nb_d,nd_d,pb_d,pr_d,rb_d,sc_d,sm_d,sn_d,sr_d,ta_d,tb_d,th_d,ti_d,tl_d,u_d,w_d,y_d,yb_d,zr_d,map_id,source_id,name,lith,comments,t_int_id,t_int_name,b_int_id,b_int_name,color,t_age,b_age,best_int_name,sample_subgroup,sample_group,surface_subsurface
PB_190912,PB_190912_S,AEO19,PB,Pietra del Bagno,8,EUR,ITA,2019.0,2019-09-12,plate margin,convergent,oceanic-continental subduction,volcanic arc,submarine,Shallow-vent,,,,igneous,ign_intermediate,Quaternary andesite,,38.47514,14.898117,-12.0,45.0,8.08,29.85,77.0,57.3,4.05,15126.15,1.84,,,,,,,22950.868,65.986,,2678.767,,0.3677,11693.128,,442.545,1411.152,342.509,4.57,79.45,315.81,0.6,15.924,,,,16.823,,0.08,5657.3,927.728,2.16,40.61,0.29,3.83,200.27,10303.7,0.26,4.43,,5.74,0.02,5.41,,0.42,1.41,0.07,0.36,,,0.06,0.05,0.01,,,0.01,,,0.55,0.74,0.1304,4.3,,,,,,,,,,,,,,,,,,,,,,,,,,,,,,,,,,,,,,,,,,,,,,,,0.0,,,0.4,,,,,,,,,,,,,,0.0,,,,,,,,,,,,,,,,,,,,,,,-4.42,,,sediment,coevolve,,,,,,EarthChem,160-2,whole_rock,"IGNEOUS,VOLCANIC,INTERMEDIATE,ANDESITE",160-2,13.2367,143.7597,37.15930836677058,97.09,53.7,1.98,13.86,,,11.65,0.24,3.69,7.65,3.77,0.3,,0.25,46.4,33.5,,10.7,396.0,,39.7,,12.02,9.1,5.66,3.47,1.27,18.4,4.97,,1.26,4.31,,0.54,2.56,10.86,1.06,2.07,4.29,33.0,3.66,,157.5,,0.93,0.29,,,0.12,,35.0,3.44,109.0,3158556.0,147.0,Quaternary andesite,andesite group,,421.0,Quaternary,421.0,Quaternary,#F9F97F,0.0,2.588,Cenozoic,subsurface_sediment,subsurface_sample,subsurface
PB_190912,PB_190912_F,AEO19,PB,Pietra del Bagno,8,EUR,ITA,2019.0,2019-09-12,plate margin,convergent,oceanic-continental subduction,volcanic arc,submarine,Shallow-vent,,,,igneous,ign_intermediate,Quaternary andesite,,38.47514,14.898117,-12.0,45.0,8.08,29.85,77.0,57.3,4.05,15126.15,1.84,,,,,,,22950.868,65.986,,2678.767,,0.3677,11693.128,,442.545,1411.152,342.509,4.57,79.45,315.81,0.6,15.924,,,,16.823,,0.08,5657.3,927.728,2.16,40.61,0.29,3.83,200.27,10303.7,0.26,4.43,,5.74,0.02,5.41,,0.42,1.41,0.07,0.36,,,0.06,0.05,0.01,,,0.01,,,0.55,0.74,0.1304,4.3,,,,,,,,,,,,,,,,,,,,,,,,,,,,,,,,,,,,,,,,,,,,,,,,0.0,,,0.4,,,,,,,,,,,,,,0.0,,,,,,,,,,,,,,,,,,,,,,,-4.42,,,fluid,coevolve,,,,,,EarthChem,160-2,whole_rock,"IGNEOUS,VOLCANIC,INTERMEDIATE,ANDESITE",160-2,13.2367,143.7597,37.15930836677058,97.09,53.7,1.98,13.86,,,11.65,0.24,3.69,7.65,3.77,0.3,,0.25,46.4,33.5,,10.7,396.0,,39.7,,12.02,9.1,5.66,3.47,1.27,18.4,4.97,,1.26,4.31,,0.54,2.56,10.86,1.06,2.07,4.29,33.0,3.66,,157.5,,0.93,0.29,,,0.12,,35.0,3.44,109.0,3158556.0,147.0,Quaternary andesite,andesite group,,421.0,Quaternary,421.0,Quaternary,#F9F97F,0.0,2.588,Cenozoic,subsurface_fluid,subsurface_sample,subsurface
BO_190909,BO_190909_B,AEO19,BO,Bottaro,6,EUR,ITA,2019.0,2019-09-09,plate margin,convergent,oceanic-continental subduction,volcanic arc,submarine,Shallow-vent,,,,igneous,ign_intermediate,Quaternary andesite,,38.6388904,15.1104468,-6.5,46.0,5.4,61.0,-260.0,15.0,0.88,30856.9,4.09,,,,,,,24882.589,73.097,,2623.202,,1.073,12680.011,,584.858,1515.692,716.039,,17949.3,123.96,0.29,7.606,,179.13,,0.983,,0.97,7845.8,,,18.86,0.0,13.314,1102.2,12195.0,2.34,1.95,0.081,3.87,,213.33,89.53,0.3,1.66,0.05,0.29,0.04,0.02,0.09,0.14,0.04,0.12,0.02,0.1,,0.01,2.59,,,2.27,,,,,,,,,,,,,,,,,,,,,,,,,,,,,,,,,,,,,,,,,,,,,,,,0.0,,,1.68,,,,,,,,,,,,,,0.0,,,,,,,,,,,,,,,,,,,,,,,-4.34,,,biofilm,coevolve,,,,,,EarthChem,160-2,whole_rock,"IGNEOUS,VOLCANIC,INTERMEDIATE,ANDESITE",160-2,13.2367,143.7597,37.15930836677058,97.09,53.7,1.98,13.86,,,11.65,0.24,3.69,7.65,3.77,0.3,,0.25,46.4,33.5,,10.7,396.0,,39.7,,12.02,9.1,5.66,3.47,1.27,18.4,4.97,,1.26,4.31,,0.54,2.56,10.86,1.06,2.07,4.29,33.0,3.66,,157.5,,0.93,0.29,,,0.12,,35.0,3.44,109.0,3158556.0,147.0,Quaternary andesite,andesite group,,421.0,Quaternary,421.0,Quaternary,#F9F97F,0.0,2.588,Cenozoic,subsurface_biofilm,subsurface_sample,subsurface
BO_190909,BO_190909_S,AEO19,BO,Bottaro,6,EUR,ITA,2019.0,2019-09-09,plate margin,convergent,oceanic-continental subduction,volcanic arc,submarine,Shallow-vent,,,,igneous,ign_intermediate,Quaternary andesite,,38.6388904,15.1104468,-6.5,46.0,5.4,61.0,-260.0,15.0,0.88,30856.9,4.09,,,,,,,24882.589,73.097,,2623.202,,1.073,12680.011,,584.858,1515.692,716.039,,17949.3,123.96,0.29,7.606,,179.13,,0.983,,0.97,7845.8,,,18.86,0.0,13.314,1102.2,12195.0,2.34,1.95,0.081,3.87,,213.33,89.53,0.3,1.66,0.05,0.29,0.04,0.02,0.09,0.14,0.04,0.12,0.02,0.1,,0.01,2.59,,,2.27,,,,,,,,,,,,,,,,,,,,,,,,,,,,,,,,,,,,,,,,,,,,,,,,0.0,,,1.68,,,,,,,,,,,,,,0.0,,,,,,,,,,,,,,,,,,,,,,,-4.34,,,sediment,coevolve,,,,,,EarthChem,160-2,whole_rock,"IGNEOUS,VOLCANIC,INTERMEDIATE,ANDESITE",160-2,13.2367,143.7597,37.15930836677058,97.09,53.7,1.98,13.86,,,11.65,0.24,3.69,7.65,3.77,0.3,,0.25,46.4,33.5,,10.7,396.0,,39.7,,12.02,9.1,5.66,3.47,1.27,18.4,4.97,,1.26,4.31,,0.54,2.56,10.86,1.06,2.07,4.29,33.0,3.66,,157.5,,0.93,0.29,,,0.12,,35.0,3.44,109.0,3158556.0,147.0,Quaternary andesite,andesite group,,421.0,Quaternary,421.0,Quaternary,#F9F97F,0.0,2.588,Cenozoic,subsurface_sediment,subsurface_sample,subsurface
PO_190911,PO_190911_F,AEO19,PO,Pollara,7,EUR,ITA,2019.0,2019-09-11,plate margin,convergent,oceanic-continental subduction,volcanic arc,submarine,Shallow-vent,,,,igneous,ign_intermediate,Quaternary andesite,,38.574516,14.799716,-10.0,28.0,5.6,58.0,121.0,48.0,3.76,29341.9,3.9,,,,,,,21986.563,66.143,,2537.122,,0.224,11638.648,,437.112,1420.754,377.06,3.44,71.69,420.8,0.7,10.957,,,,14.787,,0.02,5233.3,275.897,1.3,26.79,,4.3,173.5,9141.7,0.39,2.79,,4.18,,5.54,12.27,0.48,1.19,0.07,0.37,0.02,0.0,0.06,0.05,0.01,,,0.02,,0.01,1.18,8.49,0.0994,3.82,,,,,,,,,,,,,,,,,,,,,,,,,,,,,,,,,,,,,,,,,,,,,,,,0.0,,,2.37,,,,,,,,,,,,,,0.0,,,,,,,,,,,,,,,,,,,,,,,-4.21,,,fluid,coevolve,,,,,,EarthChem,160-2,whole_rock,"IGNEOUS,VOLCANIC,INTERMEDIATE,ANDESITE",160-2,13.2367,143.7597,37.15930836677058,97.09,53.7,1.98,13.86,,,11.65,0.24,3.69,7.65,3.77,0.3,,0.25,46.4,33.5,,10.7,396.0,,39.7,,12.02,9.1,5.66,3.47,1.27,18.4,4.97,,1.26,4.31,,0.54,2.56,10.86,1.06,2.07,4.29,33.0,3.66,,157.5,,0.93,0.29,,,0.12,,35.0,3.44,109.0,3158556.0,147.0,Quaternary andesite,andesite group,,421.0,Quaternary,421.0,Quaternary,#F9F97F,0.0,2.588,Cenozoic,subsurface_fluid,subsurface_sample,subsurface
LB_190908,LB_190908_F,AEO19,LB,Levante Bay,2,EUR,ITA,2019.0,2019-09-08,plate margin,convergent,oceanic-continental subduction,volcanic arc,submarine,Shallow-vent,,,,igneous,ign_intermediate,Quaternary andesite,,38.416729,14.959821,-0.2,83.9,5.8,52.0,-295.0,11.0,0.41,26311.9,3.3,,,,,,,18998.343,59.241,,2397.332,,0.4254,10250.139,,517.416,1192.018,386.684,1.65,1969.4,122.63,0.13,0.941,,420.32,0.78,,,0.29,11946.1,89.604,0.77,5.54,0.23,3.552,785.37,7149.4,0.4,0.62,,3.81,,39.56,121.19,0.47,0.93,0.07,0.49,0.03,,0.36,0.08,0.02,,,0.02,,,0.01,0.24,0.6694,0.88,,,,,,,,,,,,,,,,,,,,,,,,,,,,,,,,,,,,,,,,,,,,,,,,0.0,,,0.03,,,,,,,,,,,,,,0.0,,,,,,,,,,,,,,,,,,,,,,,-4.55,,,fluid,coevolve,,,,,,EarthChem,160-2,whole_rock,"IGNEOUS,VOLCANIC,INTERMEDIATE,ANDESITE",160-2,13.2367,143.7597,37.15930836677058,97.09,53.7,1.98,13.86,,,11.65,0.24,3.69,7.65,3.77,0.3,,0.25,46.4,33.5,,10.7,396.0,,39.7,,12.02,9.1,5.66,3.47,1.27,18.4,4.97,,1.26,4.31,,0.54,2.56,10.86,1.06,2.07,4.29,33.0,3.66,,157.5,,0.93,0.29,,,0.12,,35.0,3.44,109.0,3158556.0,147.0,Quaternary andesite,andesite group,,421.0,Quaternary,421.0,Quaternary,#F9F97F,0.0,2.588,Cenozoic,subsurface_fluid,subsurface_sample,subsurface
BC_190909,BC_190909_F,AEO19,BC,Baia Calcara,5,EUR,ITA,2019.0,2019-09-09,plate margin,convergent,oceanic-continental subduction,volcanic arc,submarine,Shallow-vent,,,,igneous,ign_intermediate,Quaternary andesite,,38.64557,15.076182,-15.0,90.0,5.26,56.0,150.0,43.0,1.51,28331.9,3.75,,,,,,,20581.765,61.366,,2181.477,,0.532,10898.93,,444.622,1278.445,370.753,4.35,14416.3,214.81,0.38,5.847,,,,,,0.13,7674.5,278.816,1.35,16.34,0.28,14.843,466.17,9118.0,,2.04,,4.28,,102.88,119.94,0.63,1.58,0.08,,0.1,,0.1,0.08,0.01,0.04,,0.04,,1.0,6.74,0.53,0.1914,2.17,,,,,,,,,,,,,,,,,,,,,,,,,,,,,,,,,,,,,,,,,,,,,,,,0.0,,,2.42,,,,,,,,,,,,,,0.0,,,,,,,,,,,,,,,,,,,,,,,-4.37,,,fluid,coevolve,,,,,,EarthChem,TN62030711,whole_rock,"IGNEOUS,PLIUTONIC,FELSIC,ADAMELLITE",TN62030711,31.5,130.7,20.222742565627083,98.45088790000003,66.9,0.66,15.73,0.59,3.66,4.1908879,0.08,1.52,3.07,2.73,3.45,,0.12,40.0,12.0,,12.0,120.0,,420.0,,,25.0,,,,23.0,,,,,80.0,,,,35.0,,230.0,,,,120.0,,,,,,,,,,,3155385.0,147.0,Quaternary andesite,"Major:{andesite}, Minor{andesite tuff,latite andesite}",,421.0,Quaternary,421.0,Quaternary,#F9F97F,0.0,2.588,Cenozoic,subsurface_fluid,subsurface_sample,subsurface
VC_190908,VC_190908_S,AEO19,VC,Volcano Crater,1,EUR,ITA,2019.0,2019-09-08,plate margin,convergent,oceanic-continental subduction,volcanic arc,subaerial,Fumarole,,,,igneous,ign_intermediate,Quaternary andesite,,38.405897,14.961687,301.0,78.0,2.0,,,,,,,0.0,,,,,,,,,,,,,,,,,,,,,,,,,,,,,,,,,,,,,,,,,,,,,,,,,,,,,,,,,,,,,,,,,,,,,,,,,,,,,,,,,,,,,,,,,,,,,,,,,,,,,,,,,,,,,,,,,,,,,,,,,,,,,0.0,,,,,,,,,,,,,,,,,,,,,,,,,,soil,coevolve,,,,,,EarthChem,TN62030711,whole_rock,"IGNEOUS,PLIUTONIC,FELSIC,ADAMELLITE",TN62030711,31.5,130.7,19.286442094145215,98.45088790000003,66.9,0.66,15.73,0.59,3.66,4.1908879,0.08,1.52,3.07,2.73,3.45,,0.12,40.0,12.0,,12.0,120.0,,420.0,,,25.0,,,,23.0,,,,,80.0,,,,35.0,,230.0,,,,120.0,,,,,,,,,,,3139112.0,147.0,Quaternary rhyolite,"Major:{rhyolite}, Minor{rhyodacite,latite,andesite}",,421.0,Quaternary,421.0,Quaternary,#F9F97F,0.0,2.588,Cenozoic,terrestrial_soil,soil,surface
FV_220827,FV_220827_F,AEO22,FV,fangaia_vulcano,2,EUR,ITA,2022.0,2022-08-27,plate margin,convergent,oceanic-continental subduction,volcanic arc,subaerial,Spring,,,,igneous,ign_intermediate,Quaternary andesite,,38.416171,14.959509,5.0,41.5,1.82,15.72,267.4,13.3,0.81,7885.0,0.9,0.0,,,,,,2204.926,11.447,,4297.679,,0.119,1383.206,8.564,165.805,204.603,313.118,281.96,,,19.319,,,,,,,8.33,,,967.691,136.929,33.08,102.712,410.96,,52.093,5.557,,,0.085,19.633,,155.913,277.366,30.28,109.878,21.258,3.87,16.101,11.432,2.052,5.759,0.78,5.201,,,1.51,78.434,3.851,,,,,,,,,,,,,,,,,,,,,,,,,,,,,,,,,,,,,,,,,,,,,,,,,,,,,,,,,,,,,,,,,,0.0,,,8.666169,0.0,2.5e-05,,0.001665,0.047832,3.387624,,,,,,6.3e-06,3.04,4.84,2.13,0.57,,,,,,,fluid,coevolve,,,,,,EarthChem,TN62030711,whole_rock,"IGNEOUS,PLIUTONIC,FELSIC,ADAMELLITE",TN62030711,31.5,130.7,20.433373778940606,98.45088790000003,66.9,0.66,15.73,0.59,3.66,4.1908879,0.08,1.52,3.07,2.73,3.45,,0.12,40.0,12.0,,12.0,120.0,,420.0,,,25.0,,,,23.0,,,,,80.0,,,,35.0,,230.0,,,,120.0,,,,,,,,,,,3158556.0,147.0,Quaternary andesite,andesite group,,421.0,Quaternary,421.0,Quaternary,#F9F97F,0.0,2.588,Cenozoic,subsurface_fluid,subsurface_sample,subsurface
HO_220830,HO_220830_F,AEO22,HO,Hotel Oasi,11,EUR,ITA,2022.0,2022-08-30,plate margin,convergent,oceanic-continental subduction,volcanic arc,subaerial,Well,,,,igneous,ign_intermediate,Quaternary andesite,,38.637719,15.075066,25.0,50.8,5.98,43.83,106.9,30.4,1.56,21910.0,2.75,655.0,,,,,,14782.04,54.608,41.094,2054.653,,,8082.916,4.853,328.014,1070.902,458.259,,,,5.03,,,,,,9.877,,,,0.966,,,,,,,,38.365,,,,,1.384,2.779,,0.159,,,,,,,,,,,,,,,,,,,,,,,,,,,,,,,,,,,,,,,,,,,,,,,,,,,,,,,,,,,,,,,,,,,,,,,,,,,,,,,0.0,,,11.74025,0.000533,7.1e-05,,0.000628,0.001958,0.222434,,,,,,7.39e-06,4.13,4.69,6.61,2.1,,,,,,,fluid,coevolve,,,,,1745.3012341174226,EarthChem,D206323,whole_rock,CALCAREOUS SANDSTONE,D206323,38.93333,-110.08333,4.9689727084144435,45.93962,36.0,0.2,4.5,2.0,,1.79962,,0.48,1.3,0.32,1.3,,0.04,25.0,,,,,,,,,,,,,,,,,,,,,,,,,,,,,,,,,,,,,,,3155385.0,147.0,Quaternary andesite,"Major:{andesite}, Minor{andesite tuff,latite andesite}",,421.0,Quaternary,421.0,Quaternary,#F9F97F,0.0,2.588,Cenozoic,subsurface_fluid,subsurface_sample,subsurface
OS_220831,OS_220831_F,AEO22,OS,Hotel Ossidiana Stromboli,12,EUR,ITA,2022.0,2022-08-31,plate margin,convergent,oceanic-continental subduction,volcanic arc,subaerial,Well,,,,igneous,ign_intermediate,Quaternary andesite,,38.799207,15.239915,2.0,38.0,6.81,57.23,-24.3,21.3,1.23,28620.0,3.77,350.0,,,,,,20951.655,75.259,,2722.419,,,11493.09,6.2,555.21,1396.726,648.712,,,,3.611,,,,,,,,,,,,,22.513,,,,,,,,14.057,,,,,16.727,,,,,0.037,,,,,,0.677,,,,,,,,,,,,,,,,,,,,,,,,,,,,,,,,,,,,,,,,,,,,,,,,,,,,,,,,,,,,,,,,,,,,0.0,,,1.123638,0.000566,0.000124,,0.001994,0.018374,0.748133,,,,,,0.000272,3.75,3.83,34.66,11.02,,,,,,,fluid,coevolve,,,,,402.76650396278853,EarthChem,KM-6,whole_rock,"IGNEOUS, PLUTONIC, EXOTIC, LAMPROPHYRE",KM-6,25.03,121.67,20.1115537138119,94.43999999999998,52.22,1.36,17.54,,,6.16,0.1,1.69,3.22,7.42,4.73,,,16.0,,,27.5,,,,,,4.0,,,,,,,,,20.0,,,,,,101.0,,,,304.0,,,,,,,,,,,3157404.0,147.0,Quaternary andesite,"Major:{andesite}, Minor{andesite tuff,latite andesite}",,421.0,Quaternary,421.0,Quaternary,#F9F97F,0.0,2.588,Cenozoic,subsurface_fluid,subsurface_sample,subsurface
LB_220827,LB_220827_F,AEO22,LB,levante_bay,3,EUR,ITA,2022.0,2022-08-27,plate margin,convergent,oceanic-continental subduction,volcanic arc,submarine,Shallow-vent,,,,igneous,ign_intermediate,Quaternary andesite,,38.4167042,14.9599477,-1.0,57.0,5.19,55.11,-28.3,30.0,1.81,27560.0,3.63,255.0,,,,,,20338.32,72.646,,2981.758,,0.363,11185.778,7.875,495.078,1340.547,510.389,,653.584,180.551,,,,,,,,,,,,,,,,,,,,,,,,8.232,,,8.233,0.0,,,,,,,,,,,,2.242,,,,,,,,,,,,,,,,,,,,,,,,,,,,,,,,,,,,,,,,,,,,,,,,,,,,,,,,,,,,,,,,,,0.0,,,17.78762,0.001854,6e-06,,0.000264,0.006693,0.302707,,,,,,,,,,,,,,,,,fluid,coevolve,,,,,3073.4717587982786,EarthChem,KM-6,whole_rock,"IGNEOUS, PLUTONIC, EXOTIC, LAMPROPHYRE",KM-6,25.03,121.67,20.1115537138119,94.43999999999998,52.22,1.36,17.54,,,6.16,0.1,1.69,3.22,7.42,4.73,,,16.0,,,27.5,,,,,,4.0,,,,,,,,,20.0,,,,,,101.0,,,,304.0,,,,,,,,,,,3158556.0,147.0,Quaternary andesite,andesite group,,421.0,Quaternary,421.0,Quaternary,#F9F97F,0.0,2.588,Cenozoic,subsurface_fluid,subsurface_sample,subsurface
BP2_220829,BP2_220829_F,AEO22,BP2,black_point_white,7,EUR,ITA,2022.0,2022-08-29,plate margin,convergent,oceanic-continental subduction,volcanic arc,submarine,Shallow-vent,,,,igneous,ign_intermediate,Quaternary andesite,,38.3814,15.0618,-22.0,32.0,4.56,54.36,-30.2,23.0,1.68,27100.0,3.57,,,,,,,21056.195,81.725,,2923.918,178.519,0.77,11629.583,4.504,482.472,1385.586,672.919,,,,,,,,,,,,,,,19.574,,,,,,,,,,265.628,,1.81,,,,0.663,0.088,,0.41,0.118,,,,,,,,,,,,,,,,,,,,,,,,,,,,,,,,,,,,,,,,,,,,,,,,,,,,,,,,,,,,,,,,,,,,,,,,,,0.0,,,,,,,,,,,,,,,,,,,,,,,,,,fluid,coevolve,,,,,,EarthChem,ORV-26,whole_rock,"IGNEOUS, VOLCANIC, FELSIC, RHYOLITE",ORV-26,42.0855,-7.5307,54.15585721556315,98.84943,71.61,0.47,15.52,3.0,,2.69943,0.03,0.64,0.16,2.13,5.43,,0.16,20.0,9.0,,14.0,60.0,48.0,658.0,,46.35,71.0,5.59,3.07,0.8,22.0,4.96,,1.06,22.7,,0.39,12.0,22.38,38.0,5.81,242.0,,4.94,,,0.73,0.87,10.1,,,5.0,,27.0,2.77,85.0,3158556.0,147.0,Quaternary andesite,andesite group,,421.0,Quaternary,421.0,Quaternary,#F9F97F,0.0,2.588,Cenozoic,subsurface_fluid,subsurface_sample,subsurface
GV_220827,GV_220827_F,AEO22,GV,geyser_vulcano,4,EUR,ITA,2022.0,2022-08-27,plate margin,convergent,oceanic-continental subduction,volcanic arc,submarine,Shallow-vent,,,,igneous,ign_intermediate,Quaternary andesite,,38.4175871,14.9599809,-1.6,72.0,5.78,56.95,21.0,77.1,4.87,28920.0,3.85,225.0,,,,,,21850.8,75.757,4.467,3014.156,,0.171,9501.349,2.155,430.366,1151.515,423.644,,,,,,,,,,,,,,,,,,,,1.436,,,,,,,,11.457,0.127,,5.169,,,,0.84,,,3.395,,,,,,,,,,,,,,,,,,,,,,,,,,,,,,,,,,,,,,,,,,,,,,,,,,,,,,,,,,,,,,,,,,,,,,,0.0,,,,,,,,,,,,,,,,,,,,,,,,,,fluid,coevolve,,,,,911.6123081749435,MORB,BLAU9,whole_rock,BASALT,BLAU9,-21.04,-176.259,109.86701329308278,98.33,53.78,1.61,14.06,,,12.74,0.22,4.19,8.43,2.88,0.25,,0.17,66.0,37.2,0.4,25.0,372.0,100.9,58.1,0.46,8.97,34.0,5.47,3.51,1.12,16.6,4.52,,1.22,2.82,8.1,0.56,1.25,8.81,1.0,1.59,3.88,36.3,3.06,0.76,127.0,0.09,0.81,0.178,1.34,0.042,0.077,0.07,34.5,3.55,78.8,3158556.0,147.0,Quaternary andesite,andesite group,,421.0,Quaternary,421.0,Quaternary,#F9F97F,0.0,2.588,Cenozoic,subsurface_fluid,subsurface_sample,subsurface
BO_220829,BO_220829_F,AEO22,BO,Bottaro,9,EUR,ITA,2022.0,2022-08-29,plate margin,convergent,oceanic-continental subduction,volcanic arc,submarine,Shallow-vent,,,,igneous,ign_intermediate,Quaternary andesite,,38.3819,15.0637,-8.0,68.4,6.74,57.24,-40.8,5.9,5.79,28620.0,3.8,215.0,,,,,,20664.235,79.519,,2895.296,,0.202,11922.63,4.053,434.852,1442.912,469.323,,,,,,,,,,838.228,,,351.54,,,,,,,,,,,,,,3.154,4.359,,0.89,,,,,,,,0.321,159.608,15.413,,,19.204,,,,,,,,,,,,,,,,,,,,,,,,,,,,,,,,,,,,,,,,,,,,,,,,,,,,,,,,,,,,,,,,,,0.0,,,,,,,,,,,,,,,,,,,,,,,,,,fluid,coevolve,,,,,261.2726861925075,EarthChem,CZ08-1,whole_rock,"TRACHYANDESITE, BASALTIC",CZ08-1,25.2352,98.5223,24.15287597412324,99.46659530000001,54.03,1.35,16.87,2.13,5.18,7.0965953,0.13,5.91,6.46,3.84,3.23,,0.55,28.99,27.05,,84.32,139.1,76.77,982.1,,124.3,115.2,4.84,2.6,1.93,,6.66,,0.98,69.27,,0.35,32.3,47.76,13.89,13.41,86.42,20.13,7.93,,705.6,1.86,0.91,21.4,,,2.46,,25.48,2.46,224.2,3158556.0,147.0,Quaternary andesite,andesite group,,421.0,Quaternary,421.0,Quaternary,#F9F97F,0.0,2.588,Cenozoic,subsurface_fluid,subsurface_sample,subsurface
AC_220827,AC_220827_F,AEO22,AC,Acque calde,1,EUR,ITA,2022.0,2022-08-27,plate margin,convergent,oceanic-continental subduction,volcanic arc,subaerial,Spring,,,,igneous,ign_intermediate,Quaternary andesite,,38.417502,14.959262,1.0,30.0,3.42,19.99,3.4,12.6,,9998.0,1.18,0.0,,,,,,5009.736,21.366,2.221,2210.341,,0.155,3672.963,3.806,186.512,438.63,345.404,64.514,,,21.759,,,,,,,7.487,,,59.335,11.584,4.908,9.625,92.479,,47.699,1.953,,,0.573,5.92,19.038,105.436,186.444,18.806,65.354,12.751,1.278,11.018,8.498,1.693,4.94,0.666,4.736,,0.006,0.7145,,,,,,,,,,,,,,,,,,,,,,,,,,,,,,,,,,,,,,,,,,,,,,,,,,,,,,,,,,,,,,,,,,,,0.0,,,3.04735,0.0,4e-06,,0.000616,0.013051,0.481304,,,,,,5.96e-06,1.5,,0.89,0.28,,,,,,,fluid,coevolve,,,,,,EarthChem,CZ08-1,whole_rock,"TRACHYANDESITE, BASALTIC",CZ08-1,25.2352,98.5223,24.15287597412324,99.46659530000001,54.03,1.35,16.87,2.13,5.18,7.0965953,0.13,5.91,6.46,3.84,3.23,,0.55,28.99,27.05,,84.32,139.1,76.77,982.1,,124.3,115.2,4.84,2.6,1.93,,6.66,,0.98,69.27,,0.35,32.3,47.76,13.89,13.41,86.42,20.13,7.93,,705.6,1.86,0.91,21.4,,,2.46,,25.48,2.46,224.2,3158556.0,147.0,Quaternary andesite,andesite group,,421.0,Quaternary,421.0,Quaternary,#F9F97F,0.0,2.588,Cenozoic,subsurface_fluid,subsurface_sample,subsurface
CF_220902,CF_220902_F,AEO22,CF,casa_fulco,15,EUR,ITA,2022.0,2022-09-02,plate margin,convergent,oceanic-continental subduction,volcanic arc,subaerial,Well,,,,igneous,ign_intermediate,Quaternary andesite,,38.798403,15.237873,16.5,40.5,6.27,20.86,69.0,37.4,2.3,10430.0,1.22,650.0,,,,,,6077.688,22.318,4.332,961.471,,0.202,3629.927,1.869,286.982,488.092,336.88,135.097,,72.78,3.074,,,,,5.475,,,,,0.045,,,16.612,386.499,,0.292,,,,,16.824,37.858,1.403,,,1.48,0.0,,,,,,,,,,1.316,,,8.599,,,,,,,,,,,,,,,,,,,,,,,,,,,,,,,,,,,,,,,,,,,,,,,,,,,,,,,,,,,,,,,,,0.0,,,8.915125,0.0,4.5e-05,,0.001042,0.007921,0.331528,,,,,,4.8e-05,4.5,4.92,9.52,3.03,,,,,,,fluid,coevolve,,,,,1176.8797257104632,EarthChem,10B,whole_rock,"IGNEOUS,VOLCANIC,MAFIC,THOLEIITE",10B,22.4,78.62,38.495307339377554,100.26,50.73,3.01,12.9,,,15.12,0.23,5.08,10.08,2.47,0.35,,0.29,269.0,,,47.0,415.0,132.0,,,47.96,71.0,7.72,4.67,2.28,24.0,8.55,,1.58,20.35,,0.57,17.0,28.63,,,12.0,35.0,7.3,,222.0,,,,,,,,40.0,3.62,19.0,3157404.0,147.0,Quaternary andesite,"Major:{andesite}, Minor{andesite tuff,latite andesite}",,421.0,Quaternary,421.0,Quaternary,#F9F97F,0.0,2.588,Cenozoic,subsurface_fluid,subsurface_sample,subsurface
TC_220902,TC_220902_F,AEO22,TC,terme_san_calogero_stufa,14,EUR,ITA,2022.0,2022-09-02,plate margin,convergent,oceanic-continental subduction,volcanic arc,subaerial,Spring,,,,igneous,ign_felsic,Quaternary rhyolite,,38.477998,14.910223,180.0,37.8,7.8,2.91,-4.5,82.1,5.52,1457.0,0.15,630.0,,,,,,218.762,,10.976,631.781,,0.098,345.289,1.491,33.05,114.167,106.499,20.683,100.034,,,,,,,,,,,,,0.99,,,,,0.6,,,,,,25.93,0.434,0.668,,,0.056,,,,,,,0.32,,,,,,,,,,,,,,,,,,,,,,,,,,,,,,,,,,,,,,,,,,,,,,,,,,,,,,,,,,,,,,,,,,,,,,,0.0,,,1.879342,0.0,6e-06,,0.008396,0.01726,0.737311,,,,,,7.24e-06,0.88,2.14,0.9,0.29,,,,,,,fluid,coevolve,,,,,569.3477445017363,EarthChem,10B,whole_rock,"IGNEOUS,VOLCANIC,MAFIC,THOLEIITE",10B,22.4,78.62,38.495307339377554,100.26,50.73,3.01,12.9,,,15.12,0.23,5.08,10.08,2.47,0.35,,0.29,269.0,,,47.0,415.0,132.0,,,47.96,71.0,7.72,4.67,2.28,24.0,8.55,,1.58,20.35,,0.57,17.0,28.63,,,12.0,35.0,7.3,,222.0,,,,,,,,40.0,3.62,19.0,3140264.0,147.0,Quaternary rhyolite,"Major:{rhyolite}, Minor{rhyodacite,latite,andesite}",,421.0,Quaternary,421.0,Quaternary,#F9F97F,0.0,2.588,Cenozoic,subsurface_fluid,subsurface_sample,subsurface
BS_220902,BS_220902_F,AEO22,BS,bagno_secco_sorgente_rossa,13,EUR,ITA,2022.0,2022-09-02,plate margin,convergent,oceanic-continental subduction,volcanic arc,subaerial,Spring,,,,igneous,ign_felsic,Quaternary rhyolite,,38.491391,14.908525,192.0,46.2,6.56,3.3,-51.8,52.0,3.05,1660.0,0.17,490.0,,,,,,207.141,,,665.753,,0.041,152.267,3.14,42.349,92.622,246.1,,786.348,,0.121,,,,,,,,96.874,14.645,,0.878,,,,662.622,0.643,,,,,,,0.093,0.182,0.005,,0.073,0.097,,,,,,,,,,,0.75,,,,,,,,,,,,,,,,,,,,,,,,,,,,,,,,,,,,,,,,,,,,,,,,,,,,,,,,,,,,,,,,,,0.0,,,7.224233,0.0,1e-05,,0.970144,0.051966,4.091939,,,,,,1.27e-05,3.55,5.44,2.35,0.75,,,,,,,fluid,coevolve,,,,,661.1017344192813,EarthChem,10B,whole_rock,"IGNEOUS,VOLCANIC,MAFIC,THOLEIITE",10B,22.4,78.62,38.495307339377554,100.26,50.73,3.01,12.9,,,15.12,0.23,5.08,10.08,2.47,0.35,,0.29,269.0,,,47.0,415.0,132.0,,,47.96,71.0,7.72,4.67,2.28,24.0,8.55,,1.58,20.35,,0.57,17.0,28.63,,,12.0,35.0,7.3,,222.0,,,,,,,,40.0,3.62,19.0,3140264.0,147.0,Quaternary rhyolite,"Major:{rhyolite}, Minor{rhyodacite,latite,andesite}",,421.0,Quaternary,421.0,Quaternary,#F9F97F,0.0,2.588,Cenozoic,subsurface_fluid,subsurface_sample,subsurface
GV2_240623,GV2_240623_B,AEO24,GV2,Fumarola mare Levante Vulcano,,EUR,ITA,2024.0,2024-06-23,plate margin,convergent,oceanic-continental subduction,volcanic arc,submarine,Shallow-vent,V442DB,WMS,,igneous,sed_volcaniclastic,Quaternary andesite,,38.4164975,14.9601406,-0.5,70.0,5.36,42.16,,42.6,2.86,19650.0,2.491,141.0,230.0,13.7,0.161,,,19423.64,67.246,0.0,2721.652,0.0,0.174,11060.677,0.0,489.581,1603.437,710.492,1.64,435.91,91.02,,,,,,0.56,,,8050.2,61.95,0.0,,0.0,,210.85,5376.8,,,,,,8.37,33.92,0.02,0.07,,0.08,0.035,0.0,0.019,0.025,0.005,0.053,0.0,,,,,,,1.123,,,,,,,,,,,,,,,,,,,,,,,,,,,,,,,,,,,,,,,,,,,,,,,,,,,,,,,,,,,,,,,,,0.0,,,,,,,,,,,,,,,,,,,,,,,,,,biofilm,coevolve,,,,,1280.3145610451927,EarthChem,M-51,whole_rock,METAMORPHIC,M-51,24.3866,82.8853,119.75374965129853,97.18478149999999,68.26,0.37,17.5,1.15,,1.0347815,0.04,3.68,1.25,0.15,4.88,,0.02,,2.3,,38.0,58.0,,300.0,,158.0,49.0,4.8,2.6,0.71,,8.9,,0.96,86.0,,0.49,19.0,59.0,,16.0,113.0,5.0,11.0,,49.0,1.7,1.1,35.0,,,8.3,,26.0,3.01,13922.0,3158556.0,147.0,Quaternary andesite,andesite group,,421.0,Quaternary,421.0,Quaternary,#F9F97F,0.0,2.588,Cenozoic,subsurface_biofilm,subsurface_sample,subsurface
GV2_240623,GV2_240623_F,AEO24,GV2,Fumarola mare Levante Vulcano,,EUR,ITA,2024.0,2024-06-23,plate margin,convergent,oceanic-continental subduction,volcanic arc,submarine,Shallow-vent,V442DB,WMS,,igneous,sed_volcaniclastic,Quaternary andesite,,38.4164975,14.9601406,-0.5,70.0,5.36,42.16,,42.6,2.86,19650.0,2.491,141.0,230.0,13.7,0.161,,,19423.64,67.246,0.0,2721.652,0.0,0.174,11060.677,0.0,489.581,1603.437,710.492,1.64,435.91,91.02,,,,,,0.56,,,8050.2,61.95,0.0,,0.0,,210.85,5376.8,,,,,,8.37,33.92,0.02,0.07,,0.08,0.035,0.0,0.019,0.025,0.005,0.053,0.0,,,,,,,1.123,,,,,,,,,,,,,,,,,,,,,,,,,,,,,,,,,,,,,,,,,,,,,,,,,,,,,,,,,,,,,,,,,0.0,,,,,,,,,,,,,,,,,,,,,,,,,,fluid,coevolve,,,,,1280.3145610451927,EarthChem,M-51,whole_rock,METAMORPHIC,M-51,24.3866,82.8853,119.75374965129853,97.18478149999999,68.26,0.37,17.5,1.15,,1.0347815,0.04,3.68,1.25,0.15,4.88,,0.02,,2.3,,38.0,58.0,,300.0,,158.0,49.0,4.8,2.6,0.71,,8.9,,0.96,86.0,,0.49,19.0,59.0,,16.0,113.0,5.0,11.0,,49.0,1.7,1.1,35.0,,,8.3,,26.0,3.01,13922.0,3158556.0,147.0,Quaternary andesite,andesite group,,421.0,Quaternary,421.0,Quaternary,#F9F97F,0.0,2.588,Cenozoic,subsurface_fluid,subsurface_sample,subsurface
BO_240617,BO_240617_B1,AEO24,BO,Bottaro,1,EUR,ITA,2024.0,2024-06-17,plate margin,convergent,oceanic-continental subduction,volcanic arc,submarine,Shallow-vent,V342FX,WFS,,igneous,sed_volcaniclastic,Quaternary andesite,,38.641,15.104,-7.3,26.0,6.07,94.63,13.2,77.7,4.39,,6.8,156.0,54.0,6.48,0.049,,,20931.675,72.825,0.0,2897.807,0.0,0.142,11750.518,0.0,464.0,1683.459,693.762,2.85,32.93,624.62,1.31,38.63,6.14,42.76,,9.78,,18.66,2968.7,31.44,0.0,71.04,0.0,,98.73,6364.8,,,0.07,0.08,,0.84,7.46,0.13,0.22,0.02,0.04,0.014,0.0,0.027,0.018,0.004,,0.0,,,,,14.421,,3.113,,,,,,,,,,,,,,,,,,,,,,,,,,,,,,,,,,,,,,,,,,,,,,,,,,,,,,,,,,,,,,,,,0.0,,,0.0,0.0,0.040418,,5.484928,1.069205,58.816105,,,,,,6.52e-06,4.3,4.3,613.6,160.03,,,,,,,biofilm,coevolve,,,,,396.09513774236103,EarthChem,M-51,whole_rock,METAMORPHIC,M-51,24.3866,82.8853,119.75374965129853,97.18478149999999,68.26,0.37,17.5,1.15,,1.0347815,0.04,3.68,1.25,0.15,4.88,,0.02,,2.3,,38.0,58.0,,300.0,,158.0,49.0,4.8,2.6,0.71,,8.9,,0.96,86.0,,0.49,19.0,59.0,,16.0,113.0,5.0,11.0,,49.0,1.7,1.1,35.0,,,8.3,,26.0,3.01,13922.0,3158556.0,147.0,Quaternary andesite,andesite group,,421.0,Quaternary,421.0,Quaternary,#F9F97F,0.0,2.588,Cenozoic,subsurface_biofilm,subsurface_sample,subsurface
BO_240617,BO_240617_B1F,AEO24,BO,Bottaro,1,EUR,ITA,2024.0,2024-06-17,plate margin,convergent,oceanic-continental subduction,volcanic arc,submarine,Shallow-vent,V342FX,WFS,,igneous,sed_volcaniclastic,Quaternary andesite,,38.641,15.104,-7.3,26.0,6.07,94.63,13.2,77.7,4.39,,6.8,156.0,54.0,6.48,0.049,,,20931.675,72.825,0.0,2897.807,0.0,0.142,11750.518,0.0,464.0,1683.459,693.762,2.85,32.93,624.62,1.31,38.63,6.14,42.76,,9.78,,18.66,2968.7,31.44,0.0,71.04,0.0,,98.73,6364.8,,,0.07,0.08,,0.84,7.46,0.13,0.22,0.02,0.04,0.014,0.0,0.027,0.018,0.004,,0.0,,,,,14.421,,3.113,,,,,,,,,,,,,,,,,,,,,,,,,,,,,,,,,,,,,,,,,,,,,,,,,,,,,,,,,,,,,,,,,0.0,,,0.0,0.0,0.040418,,5.484928,1.069205,58.816105,,,,,,6.52e-06,4.3,4.3,613.6,160.03,,,,,,,biofilm,coevolve,,,,,396.09513774236103,EarthChem,M-51,whole_rock,METAMORPHIC,M-51,24.3866,82.8853,119.75374965129853,97.18478149999999,68.26,0.37,17.5,1.15,,1.0347815,0.04,3.68,1.25,0.15,4.88,,0.02,,2.3,,38.0,58.0,,300.0,,158.0,49.0,4.8,2.6,0.71,,8.9,,0.96,86.0,,0.49,19.0,59.0,,16.0,113.0,5.0,11.0,,49.0,1.7,1.1,35.0,,,8.3,,26.0,3.01,13922.0,3158556.0,147.0,Quaternary andesite,andesite group,,421.0,Quaternary,421.0,Quaternary,#F9F97F,0.0,2.588,Cenozoic,subsurface_biofilm,subsurface_sample,subsurface
BO_240617,BO_240617_B1P,AEO24,BO,Bottaro,1,EUR,ITA,2024.0,2024-06-17,plate margin,convergent,oceanic-continental subduction,volcanic arc,submarine,Shallow-vent,V342FX,WFS,,igneous,sed_volcaniclastic,Quaternary andesite,,38.641,15.104,-7.3,26.0,6.07,94.63,13.2,77.7,4.39,,6.8,156.0,54.0,6.48,0.049,,,20931.675,72.825,0.0,2897.807,0.0,0.142,11750.518,0.0,464.0,1683.459,693.762,2.85,32.93,624.62,1.31,38.63,6.14,42.76,,9.78,,18.66,2968.7,31.44,0.0,71.04,0.0,,98.73,6364.8,,,0.07,0.08,,0.84,7.46,0.13,0.22,0.02,0.04,0.014,0.0,0.027,0.018,0.004,,0.0,,,,,14.421,,3.113,,,,,,,,,,,,,,,,,,,,,,,,,,,,,,,,,,,,,,,,,,,,,,,,,,,,,,,,,,,,,,,,,0.0,,,0.0,0.0,0.040418,,5.484928,1.069205,58.816105,,,,,,6.52e-06,4.3,4.3,613.6,160.03,,,,,,,biofilm,coevolve,,,,,396.09513774236103,EarthChem,M-51,whole_rock,METAMORPHIC,M-51,24.3866,82.8853,119.75374965129853,97.18478149999999,68.26,0.37,17.5,1.15,,1.0347815,0.04,3.68,1.25,0.15,4.88,,0.02,,2.3,,38.0,58.0,,300.0,,158.0,49.0,4.8,2.6,0.71,,8.9,,0.96,86.0,,0.49,19.0,59.0,,16.0,113.0,5.0,11.0,,49.0,1.7,1.1,35.0,,,8.3,,26.0,3.01,13922.0,3158556.0,147.0,Quaternary andesite,andesite group,,421.0,Quaternary,421.0,Quaternary,#F9F97F,0.0,2.588,Cenozoic,subsurface_biofilm,subsurface_sample,subsurface
BO_240617,BO_240617_B2,AEO24,BO,Bottaro,1,EUR,ITA,2024.0,2024-06-17,plate margin,convergent,oceanic-continental subduction,volcanic arc,submarine,Shallow-vent,V342FX,WFS,,igneous,sed_volcaniclastic,Quaternary andesite,,38.641,15.104,-7.3,26.0,6.07,94.63,13.2,77.7,4.39,,6.8,156.0,54.0,6.48,0.049,,,20931.675,72.825,0.0,2897.807,0.0,0.142,11750.518,0.0,464.0,1683.459,693.762,2.85,32.93,624.62,1.31,38.63,6.14,42.76,,9.78,,18.66,2968.7,31.44,0.0,71.04,0.0,,98.73,6364.8,,,0.07,0.08,,0.84,7.46,0.13,0.22,0.02,0.04,0.014,0.0,0.027,0.018,0.004,,0.0,,,,,14.421,,3.113,,,,,,,,,,,,,,,,,,,,,,,,,,,,,,,,,,,,,,,,,,,,,,,,,,,,,,,,,,,,,,,,,0.0,,,0.0,0.0,0.040418,,5.484928,1.069205,58.816105,,,,,,6.52e-06,4.3,4.3,613.6,160.03,,,,,,,biofilm,coevolve,,,,,396.09513774236103,EarthChem,M-51,whole_rock,METAMORPHIC,M-51,24.3866,82.8853,119.75374965129853,97.18478149999999,68.26,0.37,17.5,1.15,,1.0347815,0.04,3.68,1.25,0.15,4.88,,0.02,,2.3,,38.0,58.0,,300.0,,158.0,49.0,4.8,2.6,0.71,,8.9,,0.96,86.0,,0.49,19.0,59.0,,16.0,113.0,5.0,11.0,,49.0,1.7,1.1,35.0,,,8.3,,26.0,3.01,13922.0,3158556.0,147.0,Quaternary andesite,andesite group,,421.0,Quaternary,421.0,Quaternary,#F9F97F,0.0,2.588,Cenozoic,subsurface_biofilm,subsurface_sample,subsurface
BO_240617,BO_240617_F1,AEO24,BO,Bottaro,1,EUR,ITA,2024.0,2024-06-17,plate margin,convergent,oceanic-continental subduction,volcanic arc,submarine,Shallow-vent,V342FX,WFS,,igneous,sed_volcaniclastic,Quaternary andesite,,38.641,15.104,-7.3,26.0,6.07,94.63,13.2,77.7,4.39,,6.8,156.0,54.0,6.48,0.049,,,20931.675,72.825,0.0,2897.807,0.0,0.142,11750.518,0.0,464.0,1683.459,693.762,2.85,32.93,624.62,1.31,38.63,6.14,42.76,,9.78,,18.66,2968.7,31.44,0.0,71.04,0.0,,98.73,6364.8,,,0.07,0.08,,0.84,7.46,0.13,0.22,0.02,0.04,0.014,0.0,0.027,0.018,0.004,,0.0,,,,,14.421,,3.113,,,,,,,,,,,,,,,,,,,,,,,,,,,,,,,,,,,,,,,,,,,,,,,,,,,,,,,,,,,,,,,,,0.0,,,0.0,0.0,0.040418,,5.484928,1.069205,58.816105,,,,,,6.52e-06,4.3,4.3,613.6,160.03,,,,,,,fluid,coevolve,,,,,396.09513774236103,EarthChem,M-51,whole_rock,METAMORPHIC,M-51,24.3866,82.8853,119.75374965129853,97.18478149999999,68.26,0.37,17.5,1.15,,1.0347815,0.04,3.68,1.25,0.15,4.88,,0.02,,2.3,,38.0,58.0,,300.0,,158.0,49.0,4.8,2.6,0.71,,8.9,,0.96,86.0,,0.49,19.0,59.0,,16.0,113.0,5.0,11.0,,49.0,1.7,1.1,35.0,,,8.3,,26.0,3.01,13922.0,3158556.0,147.0,Quaternary andesite,andesite group,,421.0,Quaternary,421.0,Quaternary,#F9F97F,0.0,2.588,Cenozoic,subsurface_fluid,subsurface_sample,subsurface
BO_240617,BO_240617_S1,AEO24,BO,Bottaro,1,EUR,ITA,2024.0,2024-06-17,plate margin,convergent,oceanic-continental subduction,volcanic arc,submarine,Shallow-vent,V342FX,WFS,,igneous,sed_volcaniclastic,Quaternary andesite,,38.641,15.104,-7.3,26.0,6.07,94.63,13.2,77.7,4.39,,6.8,156.0,54.0,6.48,0.049,,,20931.675,72.825,0.0,2897.807,0.0,0.142,11750.518,0.0,464.0,1683.459,693.762,2.85,32.93,624.62,1.31,38.63,6.14,42.76,,9.78,,18.66,2968.7,31.44,0.0,71.04,0.0,,98.73,6364.8,,,0.07,0.08,,0.84,7.46,0.13,0.22,0.02,0.04,0.014,0.0,0.027,0.018,0.004,,0.0,,,,,14.421,,3.113,,,,,,,,,,,,,,,,,,,,,,,,,,,,,,,,,,,,,,,,,,,,,,,,,,,,,,,,,,,,,,,,,0.0,,,0.0,0.0,0.040418,,5.484928,1.069205,58.816105,,,,,,6.52e-06,4.3,4.3,613.6,160.03,,,,,,,sediment,coevolve,,,,,396.09513774236103,EarthChem,M-51,whole_rock,METAMORPHIC,M-51,24.3866,82.8853,119.75374965129853,97.18478149999999,68.26,0.37,17.5,1.15,,1.0347815,0.04,3.68,1.25,0.15,4.88,,0.02,,2.3,,38.0,58.0,,300.0,,158.0,49.0,4.8,2.6,0.71,,8.9,,0.96,86.0,,0.49,19.0,59.0,,16.0,113.0,5.0,11.0,,49.0,1.7,1.1,35.0,,,8.3,,26.0,3.01,13922.0,3158556.0,147.0,Quaternary andesite,andesite group,,421.0,Quaternary,421.0,Quaternary,#F9F97F,0.0,2.588,Cenozoic,subsurface_sediment,subsurface_sample,subsurface
VSS_240622,VSS_240622_F3,AEO24,VSS,Via del Sole Stromboli,3,EUR,ITA,2024.0,2024-06-22,plate margin,convergent,oceanic-continental subduction,volcanic arc,subaerial,Well,W200AA,,28.6,igneous,sed_volcaniclastic,Quaternary andesite,,38.8062601,15.2342957,27.0,33.2,7.12,42.03,-14.8,58.0,3.66,21030.0,2.68,315.0,30.0,0.01,4.105,,,20116.22,69.545,0.0,2662.05,0.0,0.432,11340.231,0.0,636.63,1564.165,888.682,0.29,3939.4,4202.0,0.02,,,,,15.99,2.25,11.93,3871.8,,0.0,,0.0,49.57,611.33,6536.0,,,,,,34.15,61.89,,,,0.0,,0.0,0.0,0.0,0.0,,0.0,,,,0.385,0.017,,1.175,,,,,,,,,,,,,,,,,,,,,,,,,,,,,,,,,,,,,,,,,,,,,,,,,,,,,,,,,,,,,,,,,0.0,,,0.095676,0.0,0.000131,,5.219928,0.232264,19.241035,,,,,,,,,,,,,,,,,fluid,coevolve,,,,,320.0740905666898,EarthChem,M-51,whole_rock,METAMORPHIC,M-51,24.3866,82.8853,119.75374965129853,97.18478149999999,68.26,0.37,17.5,1.15,,1.0347815,0.04,3.68,1.25,0.15,4.88,,0.02,,2.3,,38.0,58.0,,300.0,,158.0,49.0,4.8,2.6,0.71,,8.9,,0.96,86.0,,0.49,19.0,59.0,,16.0,113.0,5.0,11.0,,49.0,1.7,1.1,35.0,,,8.3,,26.0,3.01,13922.0,3157404.0,147.0,Quaternary andesite,"Major:{andesite}, Minor{andesite tuff,latite andesite}",,421.0,Quaternary,421.0,Quaternary,#F9F97F,0.0,2.588,Cenozoic,subsurface_fluid,subsurface_sample,subsurface
P3V_240625,P3V_240625_F11,AEO24,P3V,Pozzo 3 Vulcano,11,EUR,ITA,2024.0,2024-06-25,plate margin,convergent,oceanic-continental subduction,volcanic arc,subaerial,Well,W400DB,,26.0,igneous,sed_volcaniclastic,Quaternary rhyolite,,38.4096636,14.955217,42.0,76.0,5.39,36.59,13.7,41.3,2.05,18380.0,2.25,105.0,174.0,0.0,103.7,,,17007.61,45.383,0.0,4149.075,0.0,2.124,7360.221,0.0,1484.082,2542.096,1038.141,,54378.8,55163.9,8.38,130.02,11.99,577.14,,9.63,,4.51,48178.3,,0.0,,0.0,72.56,4867.7,4185.0,,,,0.05,3.66,65.51,79.68,0.08,,0.002,0.0,,0.0,0.018,0.0,0.0,,0.0,,,,2.81,0.461,,,,,,,,,,,,,,,,,,,,,,,,,,,,,,,,,,,,,,,,,,,,,,,,,,,,,,,,,,,,,,,,,,,0.0,,,2.676732,0.0,1.9e-05,,0.025667,0.007655,0.355825,,,,,,,,,,,,,,,,,fluid,coevolve,,,,,946.3052160125993,EarthChem,M-51,whole_rock,METAMORPHIC,M-51,24.3866,82.8853,119.75374965129853,97.18478149999999,68.26,0.37,17.5,1.15,,1.0347815,0.04,3.68,1.25,0.15,4.88,,0.02,,2.3,,38.0,58.0,,300.0,,158.0,49.0,4.8,2.6,0.71,,8.9,,0.96,86.0,,0.49,19.0,59.0,,16.0,113.0,5.0,11.0,,49.0,1.7,1.1,35.0,,,8.3,,26.0,3.01,13922.0,3139112.0,147.0,Quaternary rhyolite,"Major:{rhyolite}, Minor{rhyodacite,latite,andesite}",,421.0,Quaternary,421.0,Quaternary,#F9F97F,0.0,2.588,Cenozoic,subsurface_fluid,subsurface_sample,subsurface
CF_240622,CF_240622_F2,AEO24,CF,Casa Fulco,2,EUR,ITA,2024.0,2024-06-22,plate margin,convergent,oceanic-continental subduction,volcanic arc,subaerial,Well,W300AA,,22.0,igneous,sed_volcaniclastic,Quaternary andesite,,38.798403,15.237873,16.5,41.8,6.28,43.08,39.4,,,21550.0,2.735,562.5,74.0,0.015,0.231,,,8324.457,28.683,0.0,1163.023,0.0,0.21,4771.916,0.0,391.567,875.521,770.515,99.33,2179.8,240.69,2.71,,60.08,114.4,,11.55,0.63,,2012.4,,0.0,,0.0,25.73,443.2,3267.5,,,,,0.23,18.91,78.0,,,,0.0,,0.0,0.0,0.0,0.0,,0.003,,,0.037,1.297,0.829,,10.889,,,,,,,,,,,,,,,,,,,,,,,,,,,,,,,,,,,,,,,,,,,,,,,,,,,,,,,,,,,,,,,,,0.0,,,8.419267,0.000146,1.8e-05,,0.001286,0.008126,0.345205,,,,,,,,,,,,,,,,,fluid,coevolve,,,,,1003.9590195571818,EarthChem,YL96-13,whole_rock,"IGNEOUS,VOLCANIC,FELSIC,RHYOLITE",YL96-13,44.4431,-110.7189,6.789803948441437,97.83467320000001,75.9,0.157,11.7,1.72,,1.5476732,0.03,0.0,0.39,3.17,4.9,,0.04,,,,,,,335.0,,,,,,,,,,,,,,53.0,,,,174.0,,,,18.0,,,,,,,,52.0,,264.0,3157404.0,147.0,Quaternary andesite,"Major:{andesite}, Minor{andesite tuff,latite andesite}",,421.0,Quaternary,421.0,Quaternary,#F9F97F,0.0,2.588,Cenozoic,subsurface_fluid,subsurface_sample,subsurface
RMV_240625,RMV_240625_F14,AEO24,RMV,Resort Mare Vulcano,14,EUR,ITA,2024.0,2024-06-25,plate margin,convergent,oceanic-continental subduction,volcanic arc,subaerial,Well,W200AA,,,igneous,sed_volcaniclastic,Quaternary andesite,,38.4175816,14.9523197,4.0,24.67,7.07,1.941,18.3,33.0,2.66,970.0,0.098,639.0,46.0,0.317,1.468,,,563.824,1.238,20.051,135.222,0.0,0.077,605.734,0.0,179.081,198.067,670.265,2.42,1624.8,392.03,0.67,2.98,,1.43,,7.08,2.62,0.26,1287.3,25.91,0.0,,0.0,,398.42,141.37,,0.96,,,,1.92,20.43,0.02,0.07,,0.0,,0.0,0.014,0.0,,0.026,,0.199,,0.021,,,,1.145,,,,,,,,,,,,,,,,,,,,,,,,,,,,,,,,,,,,,,,,,,,,,,,,,,,,,,,,,,,,,,,,,0.0,,,2.460589,0.007402,2e-06,,0.003254,0.016675,0.856108,,,,,,,,,,,,,,,,,fluid,coevolve,,,,,669.317606114847,EarthChem,1804-19,whole_rock,"IGNEOUS,VOLCANIC,MAFIC,BASALT",1804-19,18.95,-155.27,5.379693921217734,99.19,48.73,3.76,13.82,,,12.75,0.2,5.17,10.21,3.33,0.88,,0.34,100.0,41.0,,50.0,435.0,139.0,227.0,,54.8,46.0,8.07,4.01,2.45,,7.6,,1.25,22.9,,0.45,23.44,32.1,,7.08,16.82,25.0,8.81,,509.0,1.64,1.44,1.61,,,0.46,,37.04,3.02,213.0,3158556.0,147.0,Quaternary andesite,andesite group,,421.0,Quaternary,421.0,Quaternary,#F9F97F,0.0,2.588,Cenozoic,subsurface_fluid,subsurface_sample,subsurface
CGV_240625,CGV_240625_F12,AEO24,CGV,Casa Genovese Vulcano,12,EUR,ITA,2024.0,2024-06-25,plate margin,convergent,oceanic-continental subduction,volcanic arc,subaerial,Well,W300AA,,12.0,igneous,sed_volcaniclastic,Quaternary rhyolite,,38.4108476,14.9544589,25.0,51.0,6.44,3.36,16.4,36.0,2.0,1682.0,0.17,837.0,111.0,0.0,0.103,,,260.028,0.662,16.48,767.577,0.0,0.224,617.052,0.0,313.52,117.225,799.674,11.17,766.25,54.17,0.19,,7.39,12.62,,35.72,7.48,,3733.1,2.53,0.0,,0.0,8.44,696.29,637.75,,,,,,19.15,26.48,,0.08,,0.0,,0.0,0.0,0.0,0.0,0.052,0.0,,,,1.553,,,66.257,,,,,,,,,,,,,,,,,,,,,,,,,,,,,,,,,,,,,,,,,,,,,,,,,,,,,,,,,,,,,,,,,0.0,,,11.090095,0.0,6e-06,,0.009868,0.002305,0.175194,,,,,,,,,,,,,,,,,fluid,coevolve,,,,,1253.9506976005937,EarthChem,1804-19,whole_rock,"IGNEOUS,VOLCANIC,MAFIC,BASALT",1804-19,18.95,-155.27,5.486812018318183,99.19,48.73,3.76,13.82,,,12.75,0.2,5.17,10.21,3.33,0.88,,0.34,100.0,41.0,,50.0,435.0,139.0,227.0,,54.8,46.0,8.07,4.01,2.45,,7.6,,1.25,22.9,,0.45,23.44,32.1,,7.08,16.82,25.0,8.81,,509.0,1.64,1.44,1.61,,,0.46,,37.04,3.02,213.0,3139112.0,147.0,Quaternary rhyolite,"Major:{rhyolite}, Minor{rhyodacite,latite,andesite}",,421.0,Quaternary,421.0,Quaternary,#F9F97F,0.0,2.588,Cenozoic,subsurface_fluid,subsurface_sample,subsurface
TCP_240624,TCP_240624_B9,AEO24,TCP,Terme San Calogero Piscina,9,EUR,ITA,2024.0,2024-06-24,plate margin,convergent,oceanic-continental subduction,volcanic arc,subaerial,Spring,S300BB,WEX,,igneous,sed_volcaniclastic,Quaternary rhyolite,,38.4779777,14.9102887,156.0,50.0,7.33,2.17,11.2,65.1,3.72,1086.0,0.1,513.0,110.0,0.0,0.034,,96.0,265.553,0.581,4.344,638.455,0.0,0.078,350.538,0.0,0.0,189.063,288.945,20.88,150.5,,0.52,,1.85,,,0.56,7.28,,637.25,2.09,0.0,,0.0,1.46,35.58,2701.3,,,9.29,,,1.78,27.73,0.77,0.11,,0.0,,0.0,0.0,0.0,0.0,,0.0,,,,0.132,,,0.9385,,,,,,,,,,,,,,,,,,,,,,,,,,,,,,,,,,,,,,,,,,,,,,,,,,,,,,,,,,,,,,,,,0.0,,,1.778887,0.0,3e-06,,0.239618,0.012209,0.506751,,,,,,,,,,,,,,,,,biofilm,coevolve,,,,,491.20597590432357,EarthChem,Z4,whole_rock,"IGNEOUS,VOLCANIC,PICRITE",Z4,-22.0502,29.6502,81.91642356213403,96.5437504,48.76,3.18,8.18,11.84,,10.6537504,0.14,14.16,7.29,1.38,2.31,,0.49,,63.3,,693.8,241.5,,1051.035258,,132.7896946,960.2,6.055328837,2.490270685,3.609593544,,11.03735472,,0.9708715517,72.40712528,,0.2356664508,15.25337186,71.3085856,7.357989061,17.4949866,31.18219716,29.1,13.39773051,,1068.107158,1.73019999,1.181672408,4.648010441,,,0.9248516463,,24.15302775,1.813332722,399.1855661,3140264.0,147.0,Quaternary rhyolite,"Major:{rhyolite}, Minor{rhyodacite,latite,andesite}",,421.0,Quaternary,421.0,Quaternary,#F9F97F,0.0,2.588,Cenozoic,subsurface_biofilm,subsurface_sample,subsurface
TCP_240624,TCP_240624_F9,AEO24,TCP,Terme San Calogero Piscina,9,EUR,ITA,2024.0,2024-06-24,plate margin,convergent,oceanic-continental subduction,volcanic arc,subaerial,Spring,S300BB,WEX,,igneous,sed_volcaniclastic,Quaternary rhyolite,,38.4779777,14.9102887,156.0,50.0,7.33,2.17,11.2,65.1,3.72,1086.0,0.1,513.0,110.0,0.0,0.034,,96.0,265.553,0.581,4.344,638.455,0.0,0.078,350.538,0.0,0.0,189.063,288.945,20.88,150.5,,0.52,,1.85,,,0.56,7.28,,637.25,2.09,0.0,,0.0,1.46,35.58,2701.3,,,9.29,,,1.78,27.73,0.77,0.11,,0.0,,0.0,0.0,0.0,0.0,,0.0,,,,0.132,,,0.9385,,,,,,,,,,,,,,,,,,,,,,,,,,,,,,,,,,,,,,,,,,,,,,,,,,,,,,,,,,,,,,,,,0.0,,,1.778887,0.0,3e-06,,0.239618,0.012209,0.506751,,,,,,,,,,,,,,,,,fluid,coevolve,,,,,491.20597590432357,EarthChem,Z4,whole_rock,"IGNEOUS,VOLCANIC,PICRITE",Z4,-22.0502,29.6502,81.91642356213403,96.5437504,48.76,3.18,8.18,11.84,,10.6537504,0.14,14.16,7.29,1.38,2.31,,0.49,,63.3,,693.8,241.5,,1051.035258,,132.7896946,960.2,6.055328837,2.490270685,3.609593544,,11.03735472,,0.9708715517,72.40712528,,0.2356664508,15.25337186,71.3085856,7.357989061,17.4949866,31.18219716,29.1,13.39773051,,1068.107158,1.73019999,1.181672408,4.648010441,,,0.9248516463,,24.15302775,1.813332722,399.1855661,3140264.0,147.0,Quaternary rhyolite,"Major:{rhyolite}, Minor{rhyodacite,latite,andesite}",,421.0,Quaternary,421.0,Quaternary,#F9F97F,0.0,2.588,Cenozoic,subsurface_fluid,subsurface_sample,subsurface
TCP_240624,TCP_240624_S9,AEO24,TCP,Terme San Calogero Piscina,9,EUR,ITA,2024.0,2024-06-24,plate margin,convergent,oceanic-continental subduction,volcanic arc,subaerial,Spring,S300BB,WEX,,igneous,sed_volcaniclastic,Quaternary rhyolite,,38.4779777,14.9102887,156.0,50.0,7.33,2.17,11.2,65.1,3.72,1086.0,0.1,513.0,110.0,0.0,0.034,,96.0,265.553,0.581,4.344,638.455,0.0,0.078,350.538,0.0,0.0,189.063,288.945,20.88,150.5,,0.52,,1.85,,,0.56,7.28,,637.25,2.09,0.0,,0.0,1.46,35.58,2701.3,,,9.29,,,1.78,27.73,0.77,0.11,,0.0,,0.0,0.0,0.0,0.0,,0.0,,,,0.132,,,0.9385,,,,,,,,,,,,,,,,,,,,,,,,,,,,,,,,,,,,,,,,,,,,,,,,,,,,,,,,,,,,,,,,,0.0,,,1.778887,0.0,3e-06,,0.239618,0.012209,0.506751,,,,,,,,,,,,,,,,,sediment,coevolve,,,,,491.20597590432357,EarthChem,Z4,whole_rock,"IGNEOUS,VOLCANIC,PICRITE",Z4,-22.0502,29.6502,81.91642356213403,96.5437504,48.76,3.18,8.18,11.84,,10.6537504,0.14,14.16,7.29,1.38,2.31,,0.49,,63.3,,693.8,241.5,,1051.035258,,132.7896946,960.2,6.055328837,2.490270685,3.609593544,,11.03735472,,0.9708715517,72.40712528,,0.2356664508,15.25337186,71.3085856,7.357989061,17.4949866,31.18219716,29.1,13.39773051,,1068.107158,1.73019999,1.181672408,4.648010441,,,0.9248516463,,24.15302775,1.813332722,399.1855661,3140264.0,147.0,Quaternary rhyolite,"Major:{rhyolite}, Minor{rhyodacite,latite,andesite}",,421.0,Quaternary,421.0,Quaternary,#F9F97F,0.0,2.588,Cenozoic,subsurface_sediment,subsurface_sample,subsurface
HTV_240625,HTV_240625_F13,AEO24,HTV,Hotel Togo Vulcano,13,EUR,ITA,2024.0,2024-06-25,plate margin,convergent,oceanic-continental subduction,volcanic arc,subaerial,Well,W200AA,,7.0,igneous,sed_volcaniclastic,Quaternary rhyolite,,38.4122075,14.9535598,30.0,33.8,6.6,2.148,28.1,38.0,2.82,1076.0,0.11,300.0,77.0,0.001,0.025,,,407.868,0.726,70.059,591.433,0.0,0.115,442.747,0.0,221.954,156.88,569.709,15.09,416.81,,0.14,,9.91,5.04,,31.0,0.33,,1860.9,18.86,0.0,,0.0,21.56,486.9,319.5,,,,,0.76,6.96,11.11,,0.34,,0.0,,0.0,0.0,0.0,0.0,,0.0,0.961,,0.014,1.932,0.025,,1.436,,,,,,,,,,,,,,,,,,,,,,,,,,,,,,,,,,,,,,,,,,,,,,,,,,,,,,,,,,,,,,,,,0.0,,,2.518801,0.0,8e-06,,0.010623,0.011418,0.815921,,,,,,,,,,,,,,,,,fluid,coevolve,,,,,399.7178818627547,EarthChem,D529473,whole_rock,"IGNEOUS,PLUTONIC,FELSIC,RHYOLITE",D529473,37.40972,-118.52,1.7709052716061024,95.454848,73.7,0.08,12.1,0.8,,0.719848,0.04,0.05,0.54,2.98,5.22,,0.025,,,,,,,,,,,,,,,,,,,,,,,,,,,,,,,,,,,,,,,,3139112.0,147.0,Quaternary rhyolite,"Major:{rhyolite}, Minor{rhyodacite,latite,andesite}",,421.0,Quaternary,421.0,Quaternary,#F9F97F,0.0,2.588,Cenozoic,subsurface_fluid,subsurface_sample,subsurface
CBP_240617,CBP_240617_B,AEO24,CBP,Cratere Bottaro Panarea,,EUR,ITA,2024.0,2024-06-17,plate margin,convergent,oceanic-continental subduction,volcanic arc,submarine,Shallow-vent,V012FX,WMS,,igneous,sed_volcaniclastic,Quaternary andesite,,38.63935,15.10452,-11.0,,,,,,,,,,,,,,,,,,,,,,,,,,,,,,,,,,,,,,,,,,,,,,,,,,,,,,,,,,,,,,,,,,,,,,,,,,,,,,,,,,,,,,,,,,,,,,,,,,,,,,,,,,,,,,,,,,,,,,,,,,,,,,,,,,,,,,0.0,,,,,,,,,,,,,,,,,,,,,,,,,,biofilm,coevolve,,,,,,EarthChem,D529473,whole_rock,"IGNEOUS,PLUTONIC,FELSIC,RHYOLITE",D529473,37.40972,-118.52,1.7709052716061024,95.454848,73.7,0.08,12.1,0.8,,0.719848,0.04,0.05,0.54,2.98,5.22,,0.025,,,,,,,,,,,,,,,,,,,,,,,,,,,,,,,,,,,,,,,,3158556.0,147.0,Quaternary andesite,andesite group,,421.0,Quaternary,421.0,Quaternary,#F9F97F,0.0,2.588,Cenozoic,subsurface_biofilm,subsurface_sample,subsurface
AO_190224,AO_190224_F,ARG19,AO,Antuco,5,SAM,ARG,2019.0,2019-02-24,plate margin,convergent,oceanic-continental subduction,backarc,subaerial,Spring,,,,ign_volcanic,ign_volcanic,Cenozoic volcanic rocks,,-24.182136,-66.674029,4231.0,27.8,6.25,33.41,,90.0,7.07,2800.0,2.12,122.77,61.0,0.0004,,,,9367.548,8.742,,817.08,,,5162.897,11.908,603.767,154.893,414.141,,,,,62.69,0.35,,,3.0,1.92,7.12,,,,9.45,,,,,0.04,,2.61,213.79,,,3.3,0.07,0.07,,,,0.0,0.01,,,,,,0.84,,,,,,,,,,,,,,,,,,,,,,,,,,,,,,,,,,,,,,,,,,,,,,,,,,,,5413.78,0.0,-66.14,-3.31,-7.66,,,,38000.0,989.5759,0.11748,0.0,0.00646,0.00471,0.10187,0.11156,10.11229,0.0,1000.03,-9.91,,,0.000813,5.9e-05,4.2e-05,0.001294,0.092228,0.001063,,,153185.1238390093,8870.346898529939,8423.356315968676,1.24e-06,1.96,1.96,313.2,99.8,51800000000.0,142119.02,239.8,,PRJNA914269,10.1371/journal.pone.0281277,fluid,coevolve,,,,,239.79188201125754,EarthChem,Z4,whole_rock,"IGNEOUS,VOLCANIC,PICRITE",Z4,-22.0502,29.6502,118.67815099696328,96.5437504,48.76,3.18,8.18,11.84,,10.6537504,0.14,14.16,7.29,1.38,2.31,,0.49,,63.3,,693.8,241.5,,1051.035258,,132.7896946,960.2,6.055328837,2.490270685,3.609593544,,11.03735472,,0.9708715517,72.40712528,,0.2356664508,15.25337186,71.3085856,7.357989061,17.4949866,31.18219716,29.1,13.39773051,,1068.107158,1.73019999,1.181672408,4.648010441,,,0.9248516463,,24.15302775,1.813332722,399.1855661,3186221.0,154.0,Cenozoic volcanic rocks,intermediate-felsic volcanic rocks,,421.0,Quaternary,474.0,Tertiary,#F2F91D,0.0,66.0,Cenozoic,subsurface_fluid,subsurface_sample,subsurface
AO_190224,AO_190224_S,ARG19,AO,Antuco,5,SAM,ARG,2019.0,2019-02-24,plate margin,convergent,oceanic-continental subduction,backarc,subaerial,Spring,,,,ign_volcanic,ign_volcanic,Cenozoic volcanic rocks,,-24.182136,-66.674029,4231.0,27.8,6.25,33.41,,90.0,7.07,2800.0,2.12,122.77,61.0,0.0004,,,,9367.548,8.742,,817.08,,,5162.897,11.908,603.767,154.893,414.141,,,,,62.69,0.35,,,3.0,1.92,7.12,,,,9.45,,,,,0.04,,2.61,213.79,,,3.3,0.07,0.07,,,,0.0,0.01,,,,,,0.84,,,,,,,,,,,,,,,,,,,,,,,,,,,,,,,,,,,,,,,,,,,,,,,,,,,,5413.78,0.0,-66.14,-3.31,-7.66,,,,38000.0,989.5759,0.11748,0.0,0.00646,0.00471,0.10187,0.11156,10.11229,0.0,1000.03,-9.91,,,0.000813,5.9e-05,4.2e-05,0.001294,0.092228,0.001063,,,153185.1238390093,8870.346898529939,8423.356315968676,1.24e-06,1.96,1.96,313.2,99.8,51800000000.0,142119.02,239.8,,PRJNA914269,10.1371/journal.pone.0281277,sediment,coevolve,,,,,239.79188201125754,EarthChem,Z4,whole_rock,"IGNEOUS,VOLCANIC,PICRITE",Z4,-22.0502,29.6502,118.67815099696328,96.5437504,48.76,3.18,8.18,11.84,,10.6537504,0.14,14.16,7.29,1.38,2.31,,0.49,,63.3,,693.8,241.5,,1051.035258,,132.7896946,960.2,6.055328837,2.490270685,3.609593544,,11.03735472,,0.9708715517,72.40712528,,0.2356664508,15.25337186,71.3085856,7.357989061,17.4949866,31.18219716,29.1,13.39773051,,1068.107158,1.73019999,1.181672408,4.648010441,,,0.9248516463,,24.15302775,1.813332722,399.1855661,3186221.0,154.0,Cenozoic volcanic rocks,intermediate-felsic volcanic rocks,,421.0,Quaternary,474.0,Tertiary,#F2F91D,0.0,66.0,Cenozoic,subsurface_sediment,subsurface_sample,subsurface
BJ_190227,BJ_190227_F,ARG19,BJ,Botijuela,10,SAM,ARG,2019.0,2019-02-27,plate margin,convergent,oceanic-continental subduction,backarc,subaerial,Spring,,,,igneous,ign_volcanic,Cenozoic volcanic rocks,,-25.743034,-67.823245,3524.0,40.0,6.44,14.64,,10.0,0.64,8500.0,0.87,463.84,40.0,0.0004,,,,1590.755,,,826.466,,6.426,1507.994,0.641,84.113,21.881,86.806,0.16,176.93,198.06,0.24,0.97,30.6,,,2.88,0.09,0.32,16129.7,,,2.5,,221.89,694.89,3506.2,0.08,0.42,0.07,3217.1,,902.74,18.33,0.1,0.66,,0.02,0.04,0.0,0.0,,0.0,0.0,,,0.07,,4.94,,0.01,1.04,,,,,,,,,,,,,,,,,,,,,,,,,,,,,,,,,,,,,,,,,,,,,,,17254.5,0.0,,,,,,,374000.0,979.515,0.35892,0.0,0.05052,0.01957,1.96355,0.63385,17.45857,0.0,1000.0,-4.59,,,0.000577,0.00015,5.1e-05,1.788658,6.599491,0.086594,,,19388.657957244654,1545.3419578764692,2729.062186559679,4.82e-06,1.24,1.24,202.5,64.5,10800000000.0,18670.24,700.48,,PRJNA914269,10.1371/journal.pone.0281277,fluid,coevolve,,,,,700.4812368623012,EarthChem,D197541,whole_rock,"IGNEOUS,PLUTONIC,FELSIC",D197541,40.67639,-119.38472,2.957596541689345,99.469658,66.8,0.54,15.8,1.8,1.9,3.519658,0.05,1.6,3.9,4.5,2.6,,0.16,7.8,11.0,2.8,11.0,90.0,120.0,1000.0,1.2,100.0,11.0,,,3.1,16.0,25.0,,,39.0,38.0,,9.6,,14.0,,79.0,11.0,,,520.0,,,,0.37,,,,13.0,1.3,83.0,3186221.0,154.0,Cenozoic volcanic rocks,intermediate-felsic volcanic rocks,,421.0,Quaternary,474.0,Tertiary,#F2F91D,0.0,66.0,Cenozoic,subsurface_fluid,subsurface_sample,subsurface
BJ_190227,BJ_190227_S,ARG19,BJ,Botijuela,10,SAM,ARG,2019.0,2019-02-27,plate margin,convergent,oceanic-continental subduction,backarc,subaerial,Spring,,,,igneous,ign_volcanic,Cenozoic volcanic rocks,,-25.743034,-67.823245,3524.0,40.0,6.44,14.64,,10.0,0.64,8500.0,0.87,463.84,40.0,0.0004,,,,1590.755,,,826.466,,6.426,1507.994,0.641,84.113,21.881,86.806,0.16,176.93,198.06,0.24,0.97,30.6,,,2.88,0.09,0.32,16129.7,,,2.5,,221.89,694.89,3506.2,0.08,0.42,0.07,3217.1,,902.74,18.33,0.1,0.66,,0.02,0.04,0.0,0.0,,0.0,0.0,,,0.07,,4.94,,0.01,1.04,,,,,,,,,,,,,,,,,,,,,,,,,,,,,,,,,,,,,,,,,,,,,,,17254.5,0.0,,,,,,,374000.0,979.515,0.35892,0.0,0.05052,0.01957,1.96355,0.63385,17.45857,0.0,1000.0,-4.59,,,0.000577,0.00015,5.1e-05,1.788658,6.599491,0.086594,,,19388.657957244654,1545.3419578764692,2729.062186559679,4.82e-06,1.24,1.24,202.5,64.5,10800000000.0,18670.24,700.48,,PRJNA914269,10.1371/journal.pone.0281277,sediment,coevolve,,,,,700.4812368623012,EarthChem,D197541,whole_rock,"IGNEOUS,PLUTONIC,FELSIC",D197541,40.67639,-119.38472,2.957596541689345,99.469658,66.8,0.54,15.8,1.8,1.9,3.519658,0.05,1.6,3.9,4.5,2.6,,0.16,7.8,11.0,2.8,11.0,90.0,120.0,1000.0,1.2,100.0,11.0,,,3.1,16.0,25.0,,,39.0,38.0,,9.6,,14.0,,79.0,11.0,,,520.0,,,,0.37,,,,13.0,1.3,83.0,3186221.0,154.0,Cenozoic volcanic rocks,intermediate-felsic volcanic rocks,,421.0,Quaternary,474.0,Tertiary,#F2F91D,0.0,66.0,Cenozoic,subsurface_sediment,subsurface_sample,subsurface
PG_190225,PG_190225_F,ARG19,PG,Pastos Grandes,6,SAM,ARG,2019.0,2019-02-25,plate margin,convergent,oceanic-continental subduction,backarc,subaerial,Spring,,,,igneous,ign_volcanic,Cenozoic volcanic rocks,,-24.364589,-66.571132,4305.0,44.9,8.74,1.29,,50.0,2.99,643.5,0.06,19.15,101.0,0.1017,,,,177.36,0.299,,29.933,,1.384,134.026,0.054,1.567,0.275,23.705,0.05,2.73,9.8,,3.03,0.51,,,24.69,66.32,0.05,17953.5,4.53,,,4.9,1488.0,18.62,481.97,,0.45,,219.23,,307.2,1.48,0.06,0.38,,,0.08,,0.0,,0.0,,,,0.09,,0.02,0.11,0.02,0.02,,,,,,,,,,,,,,,,,,,,,,,,,,,,,,,,,,,,,,,,,,,,,,,134.05,0.0,-73.05,-10.14,-15.33,,,,5050.0,911.3837,0.39925,0.0,0.05412,0.01246,0.49855,0.77687,86.87504,0.0,1000.0,,,,0.001187,0.000158,3.5e-05,0.00202,0.251826,0.002371,,,16840.053584626756,1173.148274486079,2282.7393863494053,2.7e-06,1.34,1.34,338.1,107.7,8977072026.0,16840.99,15.4,,PRJNA914269,10.1371/journal.pone.0281277,fluid,coevolve,,,,,15.3995309236464,EarthChem,D197541,whole_rock,"IGNEOUS,PLUTONIC,FELSIC",D197541,40.67639,-119.38472,2.957596541689345,99.469658,66.8,0.54,15.8,1.8,1.9,3.519658,0.05,1.6,3.9,4.5,2.6,,0.16,7.8,11.0,2.8,11.0,90.0,120.0,1000.0,1.2,100.0,11.0,,,3.1,16.0,25.0,,,39.0,38.0,,9.6,,14.0,,79.0,11.0,,,520.0,,,,0.37,,,,13.0,1.3,83.0,3186221.0,154.0,Cenozoic volcanic rocks,intermediate-felsic volcanic rocks,,421.0,Quaternary,474.0,Tertiary,#F2F91D,0.0,66.0,Cenozoic,subsurface_fluid,subsurface_sample,subsurface
PG_190225,PG_190225_S,ARG19,PG,Pastos Grandes,6,SAM,ARG,2019.0,2019-02-25,plate margin,convergent,oceanic-continental subduction,backarc,subaerial,Spring,,,,igneous,ign_volcanic,Cenozoic volcanic rocks,,-24.364589,-66.571132,4305.0,44.9,8.74,1.29,,50.0,2.99,643.5,0.06,19.15,101.0,0.1017,,,,177.36,0.299,,29.933,,1.384,134.026,0.054,1.567,0.275,23.705,0.05,2.73,9.8,,3.03,0.51,,,24.69,66.32,0.05,17953.5,4.53,,,4.9,1488.0,18.62,481.97,,0.45,,219.23,,307.2,1.48,0.06,0.38,,,0.08,,0.0,,0.0,,,,0.09,,0.02,0.11,0.02,0.02,,,,,,,,,,,,,,,,,,,,,,,,,,,,,,,,,,,,,,,,,,,,,,,134.05,0.0,-73.05,-10.14,-15.33,,,,5050.0,911.3837,0.39925,0.0,0.05412,0.01246,0.49855,0.77687,86.87504,0.0,1000.0,,,,0.001187,0.000158,3.5e-05,0.00202,0.251826,0.002371,,,16840.053584626756,1173.148274486079,2282.7393863494053,2.7e-06,1.34,1.34,338.1,107.7,8977072026.0,16840.99,15.4,,PRJNA914269,10.1371/journal.pone.0281277,sediment,coevolve,,,,,15.3995309236464,EarthChem,D197541,whole_rock,"IGNEOUS,PLUTONIC,FELSIC",D197541,40.67639,-119.38472,2.957596541689345,99.469658,66.8,0.54,15.8,1.8,1.9,3.519658,0.05,1.6,3.9,4.5,2.6,,0.16,7.8,11.0,2.8,11.0,90.0,120.0,1000.0,1.2,100.0,11.0,,,3.1,16.0,25.0,,,39.0,38.0,,9.6,,14.0,,79.0,11.0,,,520.0,,,,0.37,,,,13.0,1.3,83.0,3186221.0,154.0,Cenozoic volcanic rocks,intermediate-felsic volcanic rocks,,421.0,Quaternary,474.0,Tertiary,#F2F91D,0.0,66.0,Cenozoic,subsurface_sediment,subsurface_sample,subsurface
GA_190226,GA_190226_F,ARG19,GA,Galán Aguas Calientes,4,SAM,ARG,2019.0,2019-02-26,plate margin,convergent,oceanic-continental subduction,backarc,subaerial,Spring,,,,igneous,ign_volcanic,Cenozoic volcanic rocks,,-25.825416,-66.922496,4482.0,67.0,6.7,6.01,,10.0,0.45,2229.5,0.33,221.48,108.0,0.0005,,,,647.319,1.093,,28.548,,9.716,533.295,0.088,10.263,1.122,16.084,0.55,98.44,,0.04,,42.88,,,40.52,17.69,1.2,45373.4,,,0.46,,3158.6,251.55,427.27,,0.39,0.55,161.57,0.01,3120.7,12.74,0.05,,,,,,0.0,,0.0,,,,,0.0,1.28,,0.01,0.55,,,,,,,,,,,,,,,,,,,,,,,,,,,,,,,,,,,,,,,,,,,,,,,2420.23,0.0,-52.48,-6.21,-1.5,,,,,952.8512,0.00144,0.0,0.10231,0.03169,5.76206,1.22884,39.97707,0.0,999.95,-9.37,,,0.000348,0.000745,0.000224,0.058322,0.285587,0.009493,,,9313.373081810185,775.4070505517399,661702.2222222221,1.08e-05,1.56,1.56,556.7,177.3,4640000000.0,10109.6,275.44,,PRJNA914269,10.1371/journal.pone.0281277,fluid,coevolve,,,,,275.44579215544996,EarthChem,D197541,whole_rock,"IGNEOUS,PLUTONIC,FELSIC",D197541,40.67639,-119.38472,2.957596541689345,99.469658,66.8,0.54,15.8,1.8,1.9,3.519658,0.05,1.6,3.9,4.5,2.6,,0.16,7.8,11.0,2.8,11.0,90.0,120.0,1000.0,1.2,100.0,11.0,,,3.1,16.0,25.0,,,39.0,38.0,,9.6,,14.0,,79.0,11.0,,,520.0,,,,0.37,,,,13.0,1.3,83.0,3186221.0,154.0,Cenozoic volcanic rocks,intermediate-felsic volcanic rocks,,421.0,Quaternary,474.0,Tertiary,#F2F91D,0.0,66.0,Cenozoic,subsurface_fluid,subsurface_sample,subsurface
GA_190226,GA_190226_S,ARG19,GA,Galán Aguas Calientes,4,SAM,ARG,2019.0,2019-02-26,plate margin,convergent,oceanic-continental subduction,backarc,subaerial,Spring,,,,igneous,ign_volcanic,Cenozoic volcanic rocks,,-25.825416,-66.922496,4482.0,67.0,6.7,6.01,,10.0,0.45,2229.5,0.33,221.48,108.0,0.0005,,,,647.319,1.093,,28.548,,9.716,533.295,0.088,10.263,1.122,16.084,0.55,98.44,,0.04,,42.88,,,40.52,17.69,1.2,45373.4,,,0.46,,3158.6,251.55,427.27,,0.39,0.55,161.57,0.01,3120.7,12.74,0.05,,,,,,0.0,,0.0,,,,,0.0,1.28,,0.01,0.55,,,,,,,,,,,,,,,,,,,,,,,,,,,,,,,,,,,,,,,,,,,,,,,2420.23,0.0,-52.48,-6.21,-1.5,,,,,952.8512,0.00144,0.0,0.10231,0.03169,5.76206,1.22884,39.97707,0.0,999.95,-9.37,,,0.000348,0.000745,0.000224,0.058322,0.285587,0.009493,,,9313.373081810185,775.4070505517399,661702.2222222221,1.08e-05,1.56,1.56,556.7,177.3,4640000000.0,10109.6,275.44,,PRJNA914269,10.1371/journal.pone.0281277,sediment,coevolve,,,,,275.44579215544996,EarthChem,D197541,whole_rock,"IGNEOUS,PLUTONIC,FELSIC",D197541,40.67639,-119.38472,2.957596541689345,99.469658,66.8,0.54,15.8,1.8,1.9,3.519658,0.05,1.6,3.9,4.5,2.6,,0.16,7.8,11.0,2.8,11.0,90.0,120.0,1000.0,1.2,100.0,11.0,,,3.1,16.0,25.0,,,39.0,38.0,,9.6,,14.0,,79.0,11.0,,,520.0,,,,0.37,,,,13.0,1.3,83.0,3186221.0,154.0,Cenozoic volcanic rocks,intermediate-felsic volcanic rocks,,421.0,Quaternary,474.0,Tertiary,#F2F91D,0.0,66.0,Cenozoic,subsurface_sediment,subsurface_sample,subsurface
PP_190301,PP_190301_S,ARG19,PP,El Galpón,22,SAM,ARG,2019.0,2019-03-01,intraplate,intraplate,orogen,faults,subaerial,Spring,,,,sedimentary,sedimentary,Mesozoic-Cenozoic sedimentary rocks,,-24.40986,-64.59146,493.0,54.3,8.47,3.47,,0.0,0.0,1449.0,0.18,110.15,54.0,,,,,141.025,,0.117,179.696,,0.093,263.476,0.068,2.868,0.226,5.349,117.24,,,101.24,4029.1,,51.59,1.52,,,0.05,369.66,65.82,2.64,4635.4,,35.3,3.74,248.75,0.16,0.21,0.41,,0.12,14.19,26.91,0.87,1.27,0.02,,,,,,,,,,,0.03,0.02,2.59,,1.73,,,,,,,,,,,,,,,,,,,,,,,,,,,,,,,,,,,,,,,,,,,,,,,89.36,0.0,-38.06,-6.33,-10.67,,,,,772.0,114.0,0.46,0.0024,0.0717,31.9,1.63,80.1,0.0,1000.16,-1.22,,,0.000789,2.2e-05,2.6e-05,0.046645,0.334845,0.011069,,,321666.6666666667,473.61963190184053,6.771929824561403,1.04e-06,0.36,0.21,5.2,1.7,97100000000.0,48758.1,94.66,,PRJNA914269,10.1371/journal.pone.0281277,sediment,coevolve,,,,,94.6584170945857,EarthChem,B-348C,whole_rock,"IGNEOUS,VOLCANIC,FELSIC,RHYOLITE",B-348C,37.62,-118.75,11.1100992768168,99.60000000112001,77.29765356,0.08104023915,12.42336342,,0.7288032905,0.7288032905,0.03473153107,0.0,0.4851889643,3.778369592,4.651920222,,0.1189291821,,,,,,,30.0,,,,,,,,,,,,,,24.0,,,,166.0,,,,11.0,,,,,,,,26.0,,78.0,3187347.0,154.0,Mesozoic-Cenozoic sedimentary rocks,sedimentary rocks,,474.0,Tertiary,33.0,Cretaceous,#9AD9DD,2.588,145.0,Phanerozoic,subsurface_sediment,subsurface_sample,subsurface
PM_190223,PM_190223_F,ARG19,PM,Pompeya,2,SAM,ARG,2019.0,2019-02-23,plate margin,convergent,oceanic-continental subduction,backarc,subaerial,Spring,,,,igneous,ign_volcanic,Cenozoic volcanic rocks,,-24.246688,-66.362722,3889.0,50.3,6.53,9.0,,10.0,0.55,3800.0,0.51,673.18,54.0,0.0063,,,,1129.061,2.319,,180.736,,12.321,1115.469,3.441,112.447,25.835,45.63,0.11,,,,2.87,0.26,,,0.09,35.17,1.93,60654.5,154.25,,,,10670.5,1072.0,1883.7,0.07,0.53,,2125.3,,6728.7,,0.07,0.03,,,0.06,,,0.01,,,0.0,,0.03,,,0.11,0.04,0.01,,,,,,,,,,,,,,,,,,,,,,,,,,,,,,,,,,,,,,,,,,,,,,,348.13,0.0,-79.71,-10.38,-5.33,,,,,978.9139,0.15074,0.03094,0.01323,0.00027,0.04558,0.07049,20.77485,0.0,1000.0,-8.68,,,0.0,0.0,0.0,0.0,0.0,0.0,,,73991.98034769463,13887.27337210952,6494.055327053204,,,,,,68400.0,6780.0,930.31,,PRJNA914269,10.1371/journal.pone.0281277,fluid,coevolve,,,,,930.3165425780375,EarthChem,B-348C,whole_rock,"IGNEOUS,VOLCANIC,FELSIC,RHYOLITE",B-348C,37.62,-118.75,11.1100992768168,99.60000000112001,77.29765356,0.08104023915,12.42336342,,0.7288032905,0.7288032905,0.03473153107,0.0,0.4851889643,3.778369592,4.651920222,,0.1189291821,,,,,,,30.0,,,,,,,,,,,,,,24.0,,,,166.0,,,,11.0,,,,,,,,26.0,,78.0,3186221.0,154.0,Cenozoic volcanic rocks,intermediate-felsic volcanic rocks,,421.0,Quaternary,474.0,Tertiary,#F2F91D,0.0,66.0,Cenozoic,subsurface_fluid,subsurface_sample,subsurface
PM_190223,PM_190223_S,ARG19,PM,Pompeya,2,SAM,ARG,2019.0,2019-02-23,plate margin,convergent,oceanic-continental subduction,backarc,subaerial,Spring,,,,igneous,ign_volcanic,Cenozoic volcanic rocks,,-24.246688,-66.362722,3889.0,50.3,6.53,9.0,,10.0,0.55,3800.0,0.51,673.18,54.0,0.0063,,,,1129.061,2.319,,180.736,,12.321,1115.469,3.441,112.447,25.835,45.63,0.11,,,,2.87,0.26,,,0.09,35.17,1.93,60654.5,154.25,,,,10670.5,1072.0,1883.7,0.07,0.53,,2125.3,,6728.7,,0.07,0.03,,,0.06,,,0.01,,,0.0,,0.03,,,0.11,0.04,0.01,,,,,,,,,,,,,,,,,,,,,,,,,,,,,,,,,,,,,,,,,,,,,,,348.13,0.0,-79.71,-10.38,-5.33,,,,,978.9139,0.15074,0.03094,0.01323,0.00027,0.04558,0.07049,20.77485,0.0,1000.0,-8.68,,,0.0,0.0,0.0,0.0,0.0,0.0,,,73991.98034769463,13887.27337210952,6494.055327053204,,,,,,68400.0,6780.0,930.31,,PRJNA914269,10.1371/journal.pone.0281277,sediment,coevolve,,,,,930.3165425780375,EarthChem,B-348C,whole_rock,"IGNEOUS,VOLCANIC,FELSIC,RHYOLITE",B-348C,37.62,-118.75,11.1100992768168,99.60000000112001,77.29765356,0.08104023915,12.42336342,,0.7288032905,0.7288032905,0.03473153107,0.0,0.4851889643,3.778369592,4.651920222,,0.1189291821,,,,,,,30.0,,,,,,,,,,,,,,24.0,,,,166.0,,,,11.0,,,,,,,,26.0,,78.0,3186221.0,154.0,Cenozoic volcanic rocks,intermediate-felsic volcanic rocks,,421.0,Quaternary,474.0,Tertiary,#F2F91D,0.0,66.0,Cenozoic,subsurface_sediment,subsurface_sample,subsurface
VV_190228,VV_190228_F,ARG19,VV,Villa Vil,11,SAM,ARG,2019.0,2019-02-28,plate margin,convergent,oceanic-continental subduction,backarc,subaerial,Well,,,,sedimentary,sedimentary,Cenozoic sedimentary rocks,,-27.112858,-66.822241,2143.0,38.2,9.09,0.87,,60.0,3.96,448.0,0.04,36.8,30.0,0.0004,,,,55.175,0.151,0.021,42.216,,0.055,82.721,0.035,0.808,0.088,6.789,40.52,17.78,324.6,1.58,36.95,7.63,,,34.77,10.16,,2334.7,185.68,,9.1,5.85,21.92,4.08,36.95,,2.48,,1601.9,,3.4,5.96,0.6,0.78,,,,,,,0.0,,,,0.07,0.01,0.06,0.17,,1.37,,,,,,,,,,,,,,,,,,,,,,,,,,,,,,,,,,,,,,,,,,,,,,,,,-23.7,-4.36,-13.28,,,,,962.9624,0.00689,0.0,0.05022,0.00142,2.8919,0.21704,33.79215,0.0,999.92,-14.94,,,0.00076,0.000441,1.2e-05,0.035275,0.296776,0.00198,,,19174.878534448428,4436.796903796535,139762.3222060958,9.77e-06,0.9,0.89,249.4,79.5,14600000000.0,18326.1,29.04,,PRJNA914269,10.1371/journal.pone.0281277,fluid,coevolve,,,,,29.040943975371967,EarthChem,CZ08-1,whole_rock,"TRACHYANDESITE, BASALTIC",CZ08-1,25.2352,98.5223,24.15287597412324,99.46659530000001,54.03,1.35,16.87,2.13,5.18,7.0965953,0.13,5.91,6.46,3.84,3.23,,0.55,28.99,27.05,,84.32,139.1,76.77,982.1,,124.3,115.2,4.84,2.6,1.93,,6.66,,0.98,69.27,,0.35,32.3,47.76,13.89,13.41,86.42,20.13,7.93,,705.6,1.86,0.91,21.4,,,2.46,,25.48,2.46,224.2,3185641.0,154.0,Cenozoic sedimentary rocks,sedimentary rocks,,421.0,Quaternary,421.0,Quaternary,#F9F97F,0.0,2.588,Cenozoic,subsurface_fluid,subsurface_sample,subsurface
TM_190224,TM_190224_F,ARG19,TM,Tocomar,3,SAM,ARG,2019.0,2019-02-24,plate margin,convergent,oceanic-continental subduction,backarc,subaerial,Spring,,,,sedimentary,sedimentary,Precambrian-Phanerozoic sedimentary rocks,,-24.18778,-66.55451,4333.0,69.2,7.13,7.1,,40.0,1.75,3100.0,0.39,823.99,141.0,0.0025,,,,682.599,,,140.996,,11.791,771.995,10.716,76.068,4.284,29.468,0.56,280.23,432.91,0.25,1.08,0.58,,,0.71,234.84,2.08,50387.4,4.72,,0.46,,1178.8,986.04,1661.8,,0.7,8.59,,,9125.5,172.78,0.81,,,0.02,,0.01,0.0,0.01,,,,,1.75,0.06,2.16,0.15,0.05,0.78,,,,,,,,,,,,,,,,,,,,,,,,,,,,,,,,,,,,,,,,,,,,,,,357.96,0.0,,,-7.18,,,,347000.0,992.217,23.66891,0.07077,0.00478,0.00606,0.0337,0.08272,6.50491,0.0,1022.59,-11.71,,,0.0,0.0,0.0,0.0,0.0,0.0,,,207576.7782426778,11994.886363636364,41.92068836291996,2.02e-06,2.47,2.48,227.0,72.3,55300000000.0,191252.32,837.32,,PRJNA914269,10.1371/journal.pone.0281277,fluid,coevolve,,,,,837.324473585455,EarthChem,CZ08-1,whole_rock,"TRACHYANDESITE, BASALTIC",CZ08-1,25.2352,98.5223,24.15287597412324,99.46659530000001,54.03,1.35,16.87,2.13,5.18,7.0965953,0.13,5.91,6.46,3.84,3.23,,0.55,28.99,27.05,,84.32,139.1,76.77,982.1,,124.3,115.2,4.84,2.6,1.93,,6.66,,0.98,69.27,,0.35,32.3,47.76,13.89,13.41,86.42,20.13,7.93,,705.6,1.86,0.91,21.4,,,2.46,,25.48,2.46,224.2,3188594.0,154.0,Precambrian-Phanerozoic sedimentary rocks,sedimentary rocks,,74.0,Paleozoic,257.0,Neoproterozoic,#B5B5B5,251.902,1000.0,,subsurface_fluid,subsurface_sample,subsurface
TM_190224,TM_190224_S,ARG19,TM,Tocomar,3,SAM,ARG,2019.0,2019-02-24,plate margin,convergent,oceanic-continental subduction,backarc,subaerial,Spring,,,,sedimentary,sedimentary,Precambrian-Phanerozoic sedimentary rocks,,-24.18778,-66.55451,4333.0,69.2,7.13,7.1,,40.0,1.75,3100.0,0.39,823.99,141.0,0.0025,,,,682.599,,,140.996,,11.791,771.995,10.716,76.068,4.284,29.468,0.56,280.23,432.91,0.25,1.08,0.58,,,0.71,234.84,2.08,50387.4,4.72,,0.46,,1178.8,986.04,1661.8,,0.7,8.59,,,9125.5,172.78,0.81,,,0.02,,0.01,0.0,0.01,,,,,1.75,0.06,2.16,0.15,0.05,0.78,,,,,,,,,,,,,,,,,,,,,,,,,,,,,,,,,,,,,,,,,,,,,,,357.96,0.0,,,-7.18,,,,347000.0,992.217,23.66891,0.07077,0.00478,0.00606,0.0337,0.08272,6.50491,0.0,1022.59,-11.71,,,0.0,0.0,0.0,0.0,0.0,0.0,,,207576.7782426778,11994.886363636364,41.92068836291996,2.02e-06,2.47,2.48,227.0,72.3,55300000000.0,191252.32,837.32,,PRJNA914269,10.1371/journal.pone.0281277,sediment,coevolve,,,,,837.324473585455,EarthChem,CZ08-1,whole_rock,"TRACHYANDESITE, BASALTIC",CZ08-1,25.2352,98.5223,24.15287597412324,99.46659530000001,54.03,1.35,16.87,2.13,5.18,7.0965953,0.13,5.91,6.46,3.84,3.23,,0.55,28.99,27.05,,84.32,139.1,76.77,982.1,,124.3,115.2,4.84,2.6,1.93,,6.66,,0.98,69.27,,0.35,32.3,47.76,13.89,13.41,86.42,20.13,7.93,,705.6,1.86,0.91,21.4,,,2.46,,25.48,2.46,224.2,3188594.0,154.0,Precambrian-Phanerozoic sedimentary rocks,sedimentary rocks,,74.0,Paleozoic,257.0,Neoproterozoic,#B5B5B5,251.902,1000.0,,subsurface_sediment,subsurface_sample,subsurface
TM_190224,TM_190224_UN,ARG19,TM,Tocomar,3,SAM,ARG,2019.0,2019-02-24,plate margin,convergent,oceanic-continental subduction,backarc,subaerial,Spring,,,,sedimentary,sedimentary,Precambrian-Phanerozoic sedimentary rocks,,-24.18778,-66.55451,4333.0,69.2,7.13,7.1,,40.0,1.75,3100.0,0.39,823.99,141.0,0.0025,,,,682.599,,,140.996,,11.791,771.995,10.716,76.068,4.284,29.468,0.56,280.23,432.91,0.25,1.08,0.58,,,0.71,234.84,2.08,50387.4,4.72,,0.46,,1178.8,986.04,1661.8,,0.7,8.59,,,9125.5,172.78,0.81,,,0.02,,0.01,0.0,0.01,,,,,1.75,0.06,2.16,0.15,0.05,0.78,,,,,,,,,,,,,,,,,,,,,,,,,,,,,,,,,,,,,,,,,,,,,,,357.96,0.0,,,-7.18,,,,347000.0,992.217,23.66891,0.07077,0.00478,0.00606,0.0337,0.08272,6.50491,0.0,1022.59,-11.71,,,0.0,0.0,0.0,0.0,0.0,0.0,,,207576.7782426778,11994.886363636364,41.92068836291996,2.02e-06,2.47,2.48,227.0,72.3,55300000000.0,191252.32,837.32,,PRJNA914269,10.1371/journal.pone.0281277,soil,coevolve,,,,,837.324473585455,EarthChem,CZ08-1,whole_rock,"TRACHYANDESITE, BASALTIC",CZ08-1,25.2352,98.5223,24.15287597412324,99.46659530000001,54.03,1.35,16.87,2.13,5.18,7.0965953,0.13,5.91,6.46,3.84,3.23,,0.55,28.99,27.05,,84.32,139.1,76.77,982.1,,124.3,115.2,4.84,2.6,1.93,,6.66,,0.98,69.27,,0.35,32.3,47.76,13.89,13.41,86.42,20.13,7.93,,705.6,1.86,0.91,21.4,,,2.46,,25.48,2.46,224.2,3188594.0,154.0,Precambrian-Phanerozoic sedimentary rocks,sedimentary rocks,,74.0,Paleozoic,257.0,Neoproterozoic,#B5B5B5,251.902,1000.0,,terrestrial_soil,soil,surface
IN_190223,IN_190223_F,ARG19,IN,Incachule,1,SAM,ARG,2019.0,2019-02-23,plate margin,convergent,oceanic-continental subduction,backarc,subaerial,Spring,,,,igneous,ign_volcanic,Cenozoic volcanic rocks,,-24.282129,-66.466761,4470.0,46.9,6.52,3.0,,10.0,0.58,1500.0,0.15,,93.0,0.0008,,,,350.283,0.592,0.088,47.347,,8.789,424.45,1.185,31.494,4.838,25.89,0.18,,143.34,0.49,50.25,8.17,,,2.67,367.94,1.13,33951.0,25.61,,23.35,,377.71,532.71,646.28,0.16,1.41,,197.76,,7750.8,,0.06,0.04,,0.08,,0.0,0.04,,0.0,,0.0,0.01,,0.01,0.08,0.07,0.03,0.04,,,,,,,,,,,,,,,,,,,,,,,,,,,,,,,,,,,,,,,,,,,,,,,552.6,0.0,-73.18,-9.97,,,,,28000.0,679.0,2.37,0.26,0.203,0.00137,1.69,1.63,315.0,0.0,1000.15,-12.0,,,3.8e-05,1.1e-05,1.6e-05,0.002442,0.00853,0.000207,,,3344.8275862068963,416.56441717791415,286.4978902953586,3.09e-05,1.97,1.97,335.0,106.7,899000000.0,2477.22,,,PRJNA914269,10.1371/journal.pone.0281277,fluid,coevolve,,,,,,EarthChem,CZ08-1,whole_rock,"TRACHYANDESITE, BASALTIC",CZ08-1,25.2352,98.5223,23.53829198247641,99.46659530000001,54.03,1.35,16.87,2.13,5.18,7.0965953,0.13,5.91,6.46,3.84,3.23,,0.55,28.99,27.05,,84.32,139.1,76.77,982.1,,124.3,115.2,4.84,2.6,1.93,,6.66,,0.98,69.27,,0.35,32.3,47.76,13.89,13.41,86.42,20.13,7.93,,705.6,1.86,0.91,21.4,,,2.46,,25.48,2.46,224.2,3186221.0,154.0,Cenozoic volcanic rocks,intermediate-felsic volcanic rocks,,421.0,Quaternary,474.0,Tertiary,#F2F91D,0.0,66.0,Cenozoic,subsurface_fluid,subsurface_sample,subsurface
IN_190223,IN_190223_S,ARG19,IN,Incachule,1,SAM,ARG,2019.0,2019-02-23,plate margin,convergent,oceanic-continental subduction,backarc,subaerial,Spring,,,,igneous,ign_volcanic,Cenozoic volcanic rocks,,-24.282129,-66.466761,4470.0,46.9,6.52,3.0,,10.0,0.58,1500.0,0.15,,93.0,0.0008,,,,350.283,0.592,0.088,47.347,,8.789,424.45,1.185,31.494,4.838,25.89,0.18,,143.34,0.49,50.25,8.17,,,2.67,367.94,1.13,33951.0,25.61,,23.35,,377.71,532.71,646.28,0.16,1.41,,197.76,,7750.8,,0.06,0.04,,0.08,,0.0,0.04,,0.0,,0.0,0.01,,0.01,0.08,0.07,0.03,0.04,,,,,,,,,,,,,,,,,,,,,,,,,,,,,,,,,,,,,,,,,,,,,,,552.6,0.0,-73.18,-9.97,,,,,28000.0,679.0,2.37,0.26,0.203,0.00137,1.69,1.63,315.0,0.0,1000.15,-12.0,,,3.8e-05,1.1e-05,1.6e-05,0.002442,0.00853,0.000207,,,3344.8275862068963,416.56441717791415,286.4978902953586,3.09e-05,1.97,1.97,335.0,106.7,899000000.0,2477.22,,,PRJNA914269,10.1371/journal.pone.0281277,sediment,coevolve,,,,,,EarthChem,CZ08-1,whole_rock,"TRACHYANDESITE, BASALTIC",CZ08-1,25.2352,98.5223,23.53829198247641,99.46659530000001,54.03,1.35,16.87,2.13,5.18,7.0965953,0.13,5.91,6.46,3.84,3.23,,0.55,28.99,27.05,,84.32,139.1,76.77,982.1,,124.3,115.2,4.84,2.6,1.93,,6.66,,0.98,69.27,,0.35,32.3,47.76,13.89,13.41,86.42,20.13,7.93,,705.6,1.86,0.91,21.4,,,2.46,,25.48,2.46,224.2,3186221.0,154.0,Cenozoic volcanic rocks,intermediate-felsic volcanic rocks,,421.0,Quaternary,474.0,Tertiary,#F2F91D,0.0,66.0,Cenozoic,subsurface_sediment,subsurface_sample,subsurface
LB_230315,LB_230315_S,ARG23,LB,Laguna La Brea,16,SAM,ARG,2023.0,15-03-2023,intraplate,intraplate,intraplate,faults,subaerial,Volcanic lake,L300BB,MMS,,sedimentary,sed_silicic,Cenozoic sedimentary rocks,chloride,-23.88503,-64.46661,635.0,59.4,6.32,55.81,-251.8,0.9,0.04,27900.0,,825.0,1170.0,38.3,0.0,,,8426.104,,10581.428,1139.52,,10.698,5489.607,14.688,18.095,71.35,341.678,0.7,142.36,20.47,0.07,1.69,0.31,22.58,4.66,0.03,4.04,3.05,16394.1,26.79,0.62,0.85,0.0,3.16,2005.52,16303.8,0.14,,,0.11,0.06,449.77,98.35,0.03,0.03,0.0,,,0.01,0.02,0.0,0.01,,0.0,0.01,,0.0,6.62,0.41,0.01,0.14,,,,,,,,,,,,,,,,,,,,,,,,,,,,,,,,,,,,,,,,,,,,,,,,,,,-4.41,,,,,,,,,,,,,,0.0,,,,,,,,,,,,,,,0.00142,0.34,0.34,9049.41,2886.76,0.0,,,,,,sediment,coevolve,,,,,1414.3765109871654,EarthChem,CZ08-1,whole_rock,"TRACHYANDESITE, BASALTIC",CZ08-1,25.2352,98.5223,23.53829198247641,99.46659530000001,54.03,1.35,16.87,2.13,5.18,7.0965953,0.13,5.91,6.46,3.84,3.23,,0.55,28.99,27.05,,84.32,139.1,76.77,982.1,,124.3,115.2,4.84,2.6,1.93,,6.66,,0.98,69.27,,0.35,32.3,47.76,13.89,13.41,86.42,20.13,7.93,,705.6,1.86,0.91,21.4,,,2.46,,25.48,2.46,224.2,3185641.0,154.0,Cenozoic sedimentary rocks,sedimentary rocks,,421.0,Quaternary,421.0,Quaternary,#F9F97F,0.0,2.588,Cenozoic,subsurface_sediment,subsurface_sample,subsurface
LB_230315,LB_230315_F,ARG23,LB,Laguna La Brea,16,SAM,ARG,2023.0,15-03-2023,intraplate,intraplate,intraplate,faults,subaerial,Volcanic lake,L300BB,MMS,,sedimentary,sed_silicic,Cenozoic sedimentary rocks,chloride,-23.88503,-64.46661,635.0,59.4,6.32,55.81,-251.8,0.9,0.04,27900.0,,825.0,1170.0,38.3,0.0,,,8426.104,,10581.428,1139.52,,10.698,5489.607,14.688,18.095,71.35,341.678,0.7,142.36,20.47,0.07,1.69,0.31,22.58,4.66,0.03,4.04,3.05,16394.1,26.79,0.62,0.85,0.0,3.16,2005.52,16303.8,0.14,,,0.11,0.06,449.77,98.35,0.03,0.03,0.0,,,0.01,0.02,0.0,0.01,,0.0,0.01,,0.0,6.62,0.41,0.01,0.14,,,,,,,,,,,,,,,,,,,,,,,,,,,,,,,,,,,,,,,,,,,,,,,,,,,-4.41,,,,,,,,,,,,,,0.0,,,,,,,,,,,,,,,0.00142,0.34,0.34,9049.41,2886.76,0.0,,,,,,fluid,coevolve,,,,,1414.3765109871654,EarthChem,CZ08-1,whole_rock,"TRACHYANDESITE, BASALTIC",CZ08-1,25.2352,98.5223,23.53829198247641,99.46659530000001,54.03,1.35,16.87,2.13,5.18,7.0965953,0.13,5.91,6.46,3.84,3.23,,0.55,28.99,27.05,,84.32,139.1,76.77,982.1,,124.3,115.2,4.84,2.6,1.93,,6.66,,0.98,69.27,,0.35,32.3,47.76,13.89,13.41,86.42,20.13,7.93,,705.6,1.86,0.91,21.4,,,2.46,,25.48,2.46,224.2,3185641.0,154.0,Cenozoic sedimentary rocks,sedimentary rocks,,421.0,Quaternary,421.0,Quaternary,#F9F97F,0.0,2.588,Cenozoic,subsurface_fluid,subsurface_sample,subsurface
VA_230311,VA_230311_S,ARG23,VA,Vega Acida,11,SAM,ARG,2023.0,11-03-2023,plate margin,convergent,oceanic-continental subduction,backarc,subaerial,Spring,S100AA,REF,,sedimentary,sed_silicic,Precambrian-Phanerozoic sedimentary rocks,steam_heated/sulfate,-24.4892083,-66.1841067,3918.0,15.58,3.95,0.1,188.7,14.5,0.56,500.0,0.05,33.0,99.0,0.21,0.39,,6.5,5.02,,,216.228,,0.127,12.089,0.058,4.299,15.569,18.085,10.68,1426.53,37273.8,36.52,43.77,179.66,453.87,3.75,,2.92,4.92,4702.9,10530.5,3.12,0.48,0.29,33.5,42.68,90.21,12.25,0.23,,0.18,1.72,207.87,9.16,1.06,2.82,0.5,2.96,0.84,0.23,1.55,1.73,0.36,1.01,0.12,0.7,,0.01,0.69,1.23,0.03,0.69,,,,,,,,,,,,,,,,,,,,,,,,,,,,,,,,,,,,,,,,,,,,,,,,,,,0.83,,,,,,,,,,,,,,0.0,,,,,,,,,,,,,,,3.09e-07,2.8,3.0,8.8,2.4,,,5689.2,,,,sediment,coevolve,,,,,9937.031787074458,EarthChem,BN154A,whole_rock,"IGNEOUS,VOLCANIC,FELSIC,RHYOLITE",BN154A,44.5442,-110.8222,22.484384450277766,96.90700000000001,73.81,0.245,11.96,,,1.62,0.04,0.2,0.68,3.08,5.24,0.0831,0.032,,,,,,,758.0,,151.0,,10.7,6.19,1.12,18.6,10.1,,2.11,75.7,,0.84,44.6,58.1,30.8,16.1,189.0,,11.3,,46.3,,1.7,24.5,,,5.8,,60.3,6.03,280.0,3189158.0,154.0,Precambrian-Phanerozoic sedimentary rocks,sedimentary rocks,,74.0,Paleozoic,257.0,Neoproterozoic,#B5B5B5,251.902,1000.0,,subsurface_sediment,subsurface_sample,subsurface
VA_230311,VA_230311_F,ARG23,VA,Vega Acida,11,SAM,ARG,2023.0,11-03-2023,plate margin,convergent,oceanic-continental subduction,backarc,subaerial,Spring,S100AA,REF,,sedimentary,sed_silicic,Precambrian-Phanerozoic sedimentary rocks,steam_heated/sulfate,-24.4892083,-66.1841067,3918.0,15.58,3.95,0.1,188.7,14.5,0.56,500.0,0.05,33.0,99.0,0.21,0.39,,6.5,5.02,,,216.228,,0.127,12.089,0.058,4.299,15.569,18.085,10.68,1426.53,37273.8,36.52,43.77,179.66,453.87,3.75,,2.92,4.92,4702.9,10530.5,3.12,0.48,0.29,33.5,42.68,90.21,12.25,0.23,,0.18,1.72,207.87,9.16,1.06,2.82,0.5,2.96,0.84,0.23,1.55,1.73,0.36,1.01,0.12,0.7,,0.01,0.69,1.23,0.03,0.69,,,,,,,,,,,,,,,,,,,,,,,,,,,,,,,,,,,,,,,,,,,,,,,,,,,0.83,,,,,,,,,,,,,,0.0,,,,,,,,,,,,,,,3.09e-07,2.8,3.0,8.8,2.4,,,5689.2,,,,fluid,coevolve,,,,,9937.031787074458,EarthChem,BN154A,whole_rock,"IGNEOUS,VOLCANIC,FELSIC,RHYOLITE",BN154A,44.5442,-110.8222,22.484384450277766,96.90700000000001,73.81,0.245,11.96,,,1.62,0.04,0.2,0.68,3.08,5.24,0.0831,0.032,,,,,,,758.0,,151.0,,10.7,6.19,1.12,18.6,10.1,,2.11,75.7,,0.84,44.6,58.1,30.8,16.1,189.0,,11.3,,46.3,,1.7,24.5,,,5.8,,60.3,6.03,280.0,3189158.0,154.0,Precambrian-Phanerozoic sedimentary rocks,sedimentary rocks,,74.0,Paleozoic,257.0,Neoproterozoic,#B5B5B5,251.902,1000.0,,subsurface_fluid,subsurface_sample,subsurface
BF_230316,BF_230316_S,ARG23,BF,Banos Fleming,17,SAM,ARG,2023.0,16-03-2023,intraplate,intraplate,intraplate,faults,subaerial,Spring,S22AA,GMP,,sedimentary,sed_silicic,Cenozoic sedimentary rocks,bicarbonate,-24.5913386,-64.9101179,595.0,29.15,7.66,0.55,-13.5,72.5,4.85,278.0,0.03,135.0,45.0,0.15,0.02,,,,,2.216,18.806,,0.023,27.603,0.028,3.461,4.52,33.153,8.35,,25.41,0.06,1.06,,14.48,2.51,0.72,0.37,0.02,506.232,7.7,0.63,1.98,0.0,3.81,2.62,359.95,0.12,,,,0.0,0.58,199.97,0.03,,,0.01,0.02,0.01,0.0,,0.0,0.0,0.0,0.0,0.021,,0.18,,,1.35,,,,,,,,,,,,,,,,,,,,,,,,,,,,,,,,,,,,,,,,,,,,,,,,,,,-8.26,,,,,,,,,,,,,,0.0,,,,,,,,,,,,,,,6.68e-07,0.8,0.13,1.29,0.41,0.0,,61.6,,,,sediment,coevolve,,,,,123.95044086337373,EarthChem,BN154A,whole_rock,"IGNEOUS,VOLCANIC,FELSIC,RHYOLITE",BN154A,44.5442,-110.8222,22.484384450277766,96.90700000000001,73.81,0.245,11.96,,,1.62,0.04,0.2,0.68,3.08,5.24,0.0831,0.032,,,,,,,758.0,,151.0,,10.7,6.19,1.12,18.6,10.1,,2.11,75.7,,0.84,44.6,58.1,30.8,16.1,189.0,,11.3,,46.3,,1.7,24.5,,,5.8,,60.3,6.03,280.0,3185641.0,154.0,Cenozoic sedimentary rocks,sedimentary rocks,,421.0,Quaternary,421.0,Quaternary,#F9F97F,0.0,2.588,Cenozoic,subsurface_sediment,subsurface_sample,subsurface
BF_230316,BF_230316_F,ARG23,BF,Banos Fleming,17,SAM,ARG,2023.0,16-03-2023,intraplate,intraplate,intraplate,faults,subaerial,Spring,S22AA,GMP,,sedimentary,sed_silicic,Cenozoic sedimentary rocks,bicarbonate,-24.5913386,-64.9101179,595.0,29.15,7.66,0.55,-13.5,72.5,4.85,278.0,0.03,135.0,45.0,0.15,0.02,,,,,2.216,18.806,,0.023,27.603,0.028,3.461,4.52,33.153,8.35,,25.41,0.06,1.06,,14.48,2.51,0.72,0.37,0.02,506.232,7.7,0.63,1.98,0.0,3.81,2.62,359.95,0.12,,,,0.0,0.58,199.97,0.03,,,0.01,0.02,0.01,0.0,,0.0,0.0,0.0,0.0,0.021,,0.18,,,1.35,,,,,,,,,,,,,,,,,,,,,,,,,,,,,,,,,,,,,,,,,,,,,,,,,,,-8.26,,,,,,,,,,,,,,0.0,,,,,,,,,,,,,,,6.68e-07,0.8,0.13,1.29,0.41,0.0,,61.6,,,,fluid,coevolve,,,,,123.95044086337373,EarthChem,BN154A,whole_rock,"IGNEOUS,VOLCANIC,FELSIC,RHYOLITE",BN154A,44.5442,-110.8222,22.484384450277766,96.90700000000001,73.81,0.245,11.96,,,1.62,0.04,0.2,0.68,3.08,5.24,0.0831,0.032,,,,,,,758.0,,151.0,,10.7,6.19,1.12,18.6,10.1,,2.11,75.7,,0.84,44.6,58.1,30.8,16.1,189.0,,11.3,,46.3,,1.7,24.5,,,5.8,,60.3,6.03,280.0,3185641.0,154.0,Cenozoic sedimentary rocks,sedimentary rocks,,421.0,Quaternary,421.0,Quaternary,#F9F97F,0.0,2.588,Cenozoic,subsurface_fluid,subsurface_sample,subsurface
OY_230308,OY_230308_S,ARG23,OY,Orosmayo,7,SAM,ARG,2023.0,08-03-2023,plate margin,convergent,oceanic-continental subduction,backarc,subaerial,Spring,S200AA,GMP,,sedimentary,sed_silicic,Paleozoic sedimentary rocks,bicarbonate,-22.532415,-66.36244,3996.0,25.39,8.04,0.11,-60.0,71.2,2.23,5.37,0.05,261.0,42.0,0.04,0.01,,,15.452,,,22.029,,0.056,117.854,,0.646,4.244,11.27,0.12,19.41,73.77,0.04,0.22,1.0,9.73,1.04,5.96,4.68,0.04,2679.2,9.91,,,0.4,24.62,10.54,608.93,0.03,,0.152,2.46,0.05,29.86,18.21,,0.01,0.0,,,0.0,0.0,0.0,,0.01,0.0,,,0.0,0.011,0.46,,0.04,,,,,,,,,,,,,,,,,,,,,,,,,,,,,,,,,,,,,,,,,,,,,,,,,,,-9.67,,,,,,,,,,,,,,0.0,,,,,,,,,,,,,,,1.51e-06,0.74,0.7,72.4,19.4,,,114.4,,,,sediment,coevolve,,,,,232.92687940639067,EarthChem,BN154A,whole_rock,"IGNEOUS,VOLCANIC,FELSIC,RHYOLITE",BN154A,44.5442,-110.8222,22.484384450277766,96.90700000000001,73.81,0.245,11.96,,,1.62,0.04,0.2,0.68,3.08,5.24,0.0831,0.032,,,,,,,758.0,,151.0,,10.7,6.19,1.12,18.6,10.1,,2.11,75.7,,0.84,44.6,58.1,30.8,16.1,189.0,,11.3,,46.3,,1.7,24.5,,,5.8,,60.3,6.03,280.0,3192909.0,154.0,Paleozoic sedimentary rocks,sedimentary rocks,,112.0,Ordovician,112.0,Ordovician,#009270,443.8,485.4,Ordovician,subsurface_sediment,subsurface_sample,subsurface
OY_230308,OY_230308_F,ARG23,OY,Orosmayo,7,SAM,ARG,2023.0,08-03-2023,plate margin,convergent,oceanic-continental subduction,backarc,subaerial,Spring,S200AA,GMP,,sedimentary,sed_silicic,Paleozoic sedimentary rocks,bicarbonate,-22.532415,-66.36244,3996.0,25.39,8.04,0.11,-60.0,71.2,2.23,5.37,0.05,261.0,42.0,0.04,0.01,,,15.452,,,22.029,,0.056,117.854,,0.646,4.244,11.27,0.12,19.41,73.77,0.04,0.22,1.0,9.73,1.04,5.96,4.68,0.04,2679.2,9.91,,,0.4,24.62,10.54,608.93,0.03,,0.152,2.46,0.05,29.86,18.21,,0.01,0.0,,,0.0,0.0,0.0,,0.01,0.0,,,0.0,0.011,0.46,,0.04,,,,,,,,,,,,,,,,,,,,,,,,,,,,,,,,,,,,,,,,,,,,,,,,,,,-9.67,,,,,,,,,,,,,,0.0,,,,,,,,,,,,,,,1.51e-06,0.74,0.7,72.4,19.4,,,114.4,,,,fluid,coevolve,,,,,232.92687940639067,EarthChem,BN154A,whole_rock,"IGNEOUS,VOLCANIC,FELSIC,RHYOLITE",BN154A,44.5442,-110.8222,22.484384450277766,96.90700000000001,73.81,0.245,11.96,,,1.62,0.04,0.2,0.68,3.08,5.24,0.0831,0.032,,,,,,,758.0,,151.0,,10.7,6.19,1.12,18.6,10.1,,2.11,75.7,,0.84,44.6,58.1,30.8,16.1,189.0,,11.3,,46.3,,1.7,24.5,,,5.8,,60.3,6.03,280.0,3192909.0,154.0,Paleozoic sedimentary rocks,sedimentary rocks,,112.0,Ordovician,112.0,Ordovician,#009270,443.8,485.4,Ordovician,subsurface_fluid,subsurface_sample,subsurface
PQ_230306,PQ_230306_S,ARG23,PQ,Pairique,4,SAM,ARG,2023.0,06-03-2023,plate margin,convergent,oceanic-continental subduction,backarc,subaerial,Spring,S300AA,MMP,,sedimentary,sed_silicic,Cenozoic volcanic rocks,bicarbonate,-22.902803,-66.838295,4292.0,43.35,7.16,3.7,-88.7,51.0,1.05,1870.0,0.18,486.0,62.0,0.05,0.31,,8.0,368.417,,,108.029,,0.713,475.421,0.38,7.627,6.087,17.701,0.09,13.61,182.08,0.03,,0.21,19.38,0.7,6.47,4.11,0.34,8732.6,6.73,,,0.4,29.54,51.91,224.56,0.03,,0.49,0.03,0.05,91.18,54.32,0.01,0.01,,0.0,,0.0,0.0,,,0.0,0.0,,0.052,0.0,,0.28,0.017,0.03,,,,,,,,,,,,,,,,,,,,,,,,,,,,,,,,,,,,,,,,,,,,,,,,,,,-10.95,,,,,7.8876,0.5026,,0.1982,0.0015,36.3782,7.5666,947.4652,,1000.0,-13.38,,,,,,,,,,,39.79616548940464,1.04242328126239,15.69359331476323,0.000318,1.58,1.59,116.85,37.27,18100000.0,,242.0,,,,sediment,coevolve,,,,,484.61710577432495,EarthChem,BN154A,whole_rock,"IGNEOUS,VOLCANIC,FELSIC,RHYOLITE",BN154A,44.5442,-110.8222,22.484384450277766,96.90700000000001,73.81,0.245,11.96,,,1.62,0.04,0.2,0.68,3.08,5.24,0.0831,0.032,,,,,,,758.0,,151.0,,10.7,6.19,1.12,18.6,10.1,,2.11,75.7,,0.84,44.6,58.1,30.8,16.1,189.0,,11.3,,46.3,,1.7,24.5,,,5.8,,60.3,6.03,280.0,3186221.0,154.0,Cenozoic volcanic rocks,intermediate-felsic volcanic rocks,,421.0,Quaternary,474.0,Tertiary,#F2F91D,0.0,66.0,Cenozoic,subsurface_sediment,subsurface_sample,subsurface
PQ_230306,PQ_230306_F,ARG23,PQ,Pairique,4,SAM,ARG,2023.0,06-03-2023,plate margin,convergent,oceanic-continental subduction,backarc,subaerial,Spring,S300AA,MMP,,sedimentary,sed_silicic,Cenozoic volcanic rocks,bicarbonate,-22.902803,-66.838295,4292.0,43.35,7.16,3.7,-88.7,51.0,1.05,1870.0,0.18,486.0,62.0,0.05,0.31,,8.0,368.417,,,108.029,,0.713,475.421,0.38,7.627,6.087,17.701,0.09,13.61,182.08,0.03,,0.21,19.38,0.7,6.47,4.11,0.34,8732.6,6.73,,,0.4,29.54,51.91,224.56,0.03,,0.49,0.03,0.05,91.18,54.32,0.01,0.01,,0.0,,0.0,0.0,,,0.0,0.0,,0.052,0.0,,0.28,0.017,0.03,,,,,,,,,,,,,,,,,,,,,,,,,,,,,,,,,,,,,,,,,,,,,,,,,,,-10.95,,,,,7.8876,0.5026,,0.1982,0.0015,36.3782,7.5666,947.4652,,1000.0,-13.38,,,,,,,,,,,39.79616548940464,1.04242328126239,15.69359331476323,0.000318,1.58,1.59,116.85,37.27,18100000.0,,242.0,,,,fluid,coevolve,,,,,484.61710577432495,EarthChem,BN154A,whole_rock,"IGNEOUS,VOLCANIC,FELSIC,RHYOLITE",BN154A,44.5442,-110.8222,22.484384450277766,96.90700000000001,73.81,0.245,11.96,,,1.62,0.04,0.2,0.68,3.08,5.24,0.0831,0.032,,,,,,,758.0,,151.0,,10.7,6.19,1.12,18.6,10.1,,2.11,75.7,,0.84,44.6,58.1,30.8,16.1,189.0,,11.3,,46.3,,1.7,24.5,,,5.8,,60.3,6.03,280.0,3186221.0,154.0,Cenozoic volcanic rocks,intermediate-felsic volcanic rocks,,421.0,Quaternary,474.0,Tertiary,#F2F91D,0.0,66.0,Cenozoic,subsurface_fluid,subsurface_sample,subsurface
LV_230309,LV_230309_S,ARG23,LV,Laguna de Vilama,9,SAM,ARG,2023.0,09-03-2023,plate margin,convergent,oceanic-continental subduction,backarc,subaerial,Volcanic lake,L220AA,RTF,,sedimentary,sed_silicic,Cenozoic volcanic rocks,chloride,-22.607274,-66.9227276,4489.0,30.2,5.96,121.8,-7.0,59.7,0.97,60000.0,9.22,663.0,98.0,0.0,4.61,0.02,,22700.545,154.376,,1947.88,,117.017,10966.267,10.495,736.896,821.218,1003.251,1.6,951.53,22033.41,0.35,7.79,5.11,408.72,61.07,4.36,4.59,0.0,193141.5,279.92,12.06,10.91,0.0,7398.66,2687.28,43957.84,1.14,0.45,,4.83,0.09,4488.56,90.94,0.08,0.14,0.0,0.01,0.0,0.0,0.01,0.01,0.0,0.01,0.0,0.07,0.33,0.0,,1.48,,0.96,,,,,,,,,,,,,,,,,,,,,,,,,,,,,,,,,,,,,,,,,,,,,,,,,,,-4.82,,,,,862.133,0.2313,,0.4314,0.0131,10.3812,4.9259,121.8841,,1000.0,-11.1,,,,,,,,,,,1998.4538711172927,175.02040236301994,3727.336792044963,,2.71,2.71,,243.8,,,,,,,sediment,coevolve,,,,,1936.8035901522856,EarthChem,BN154A,whole_rock,"IGNEOUS,VOLCANIC,FELSIC,RHYOLITE",BN154A,44.5442,-110.8222,22.484384450277766,96.90700000000001,73.81,0.245,11.96,,,1.62,0.04,0.2,0.68,3.08,5.24,0.0831,0.032,,,,,,,758.0,,151.0,,10.7,6.19,1.12,18.6,10.1,,2.11,75.7,,0.84,44.6,58.1,30.8,16.1,189.0,,11.3,,46.3,,1.7,24.5,,,5.8,,60.3,6.03,280.0,3186221.0,154.0,Cenozoic volcanic rocks,intermediate-felsic volcanic rocks,,421.0,Quaternary,474.0,Tertiary,#F2F91D,0.0,66.0,Cenozoic,subsurface_sediment,subsurface_sample,subsurface
LV_230309,LV_230309_F,ARG23,LV,Laguna de Vilama,9,SAM,ARG,2023.0,09-03-2023,plate margin,convergent,oceanic-continental subduction,backarc,subaerial,Volcanic lake,L220AA,RTF,,sedimentary,sed_silicic,Cenozoic volcanic rocks,chloride,-22.607274,-66.9227276,4489.0,30.2,5.96,121.8,-7.0,59.7,0.97,60000.0,9.22,663.0,98.0,0.0,4.61,0.02,,22700.545,154.376,,1947.88,,117.017,10966.267,10.495,736.896,821.218,1003.251,1.6,951.53,22033.41,0.35,7.79,5.11,408.72,61.07,4.36,4.59,0.0,193141.5,279.92,12.06,10.91,0.0,7398.66,2687.28,43957.84,1.14,0.45,,4.83,0.09,4488.56,90.94,0.08,0.14,0.0,0.01,0.0,0.0,0.01,0.01,0.0,0.01,0.0,0.07,0.33,0.0,,1.48,,0.96,,,,,,,,,,,,,,,,,,,,,,,,,,,,,,,,,,,,,,,,,,,,,,,,,,,-4.82,,,,,862.133,0.2313,,0.4314,0.0131,10.3812,4.9259,121.8841,,1000.0,-11.1,,,,,,,,,,,1998.4538711172927,175.02040236301994,3727.336792044963,,2.71,2.71,,243.8,,,,,,,fluid,coevolve,,,,,1936.8035901522856,EarthChem,BN154A,whole_rock,"IGNEOUS,VOLCANIC,FELSIC,RHYOLITE",BN154A,44.5442,-110.8222,22.484384450277766,96.90700000000001,73.81,0.245,11.96,,,1.62,0.04,0.2,0.68,3.08,5.24,0.0831,0.032,,,,,,,758.0,,151.0,,10.7,6.19,1.12,18.6,10.1,,2.11,75.7,,0.84,44.6,58.1,30.8,16.1,189.0,,11.3,,46.3,,1.7,24.5,,,5.8,,60.3,6.03,280.0,3186221.0,154.0,Cenozoic volcanic rocks,intermediate-felsic volcanic rocks,,421.0,Quaternary,474.0,Tertiary,#F2F91D,0.0,66.0,Cenozoic,subsurface_fluid,subsurface_sample,subsurface
LN_230313,LN_230313_S,ARG23,LN,Los Nacimientos,13,SAM,ARG,2023.0,13-03-2023,plate margin,convergent,oceanic-continental subduction,backarc,subaerial,Spring,S200AA,NNN,,igneous,ign_felsic,Cenozoic volcanic rocks,bicarbonate,-27.1556521,-66.7597249,2097.0,38.52,6.55,3.65,-24.2,8.3,0.32,1821.0,0.19,840.0,79.0,0.0,0.38,,,83.306,,6.532,48.85,,1.217,407.591,0.219,15.718,3.493,40.969,0.08,58.02,502.86,0.04,1.42,1.26,35.7,0.18,3.87,118.46,11.91,3018.6,29.44,,0.41,0.0,47.16,258.24,546.52,0.03,0.19,0.092,0.05,0.06,122.78,54.12,0.01,0.03,,0.0,0.0,0.0,0.0,0.01,,0.0,0.0,,0.01,0.0,0.57,0.89,0.01,6.5,,,,,,,,,,,,,,,,,,,,,,,,,,,,,,,,,,,,,,,,,,,,,,,,,,,0.16,,,,,,,,,,,,,,0.0,,,,,,,,,,,,,,,3.03e-05,0.58,0.6,3917.1,1049.8,,,576.4,,,,sediment,coevolve,,,,,1152.8348683671925,EarthChem,BN154A,whole_rock,"IGNEOUS,VOLCANIC,FELSIC,RHYOLITE",BN154A,44.5442,-110.8222,22.484384450277766,96.90700000000001,73.81,0.245,11.96,,,1.62,0.04,0.2,0.68,3.08,5.24,0.0831,0.032,,,,,,,758.0,,151.0,,10.7,6.19,1.12,18.6,10.1,,2.11,75.7,,0.84,44.6,58.1,30.8,16.1,189.0,,11.3,,46.3,,1.7,24.5,,,5.8,,60.3,6.03,280.0,3185641.0,154.0,Cenozoic sedimentary rocks,sedimentary rocks,,421.0,Quaternary,421.0,Quaternary,#F9F97F,0.0,2.588,Cenozoic,subsurface_sediment,subsurface_sample,subsurface
LN_230313,LN_230313_F,ARG23,LN,Los Nacimientos,13,SAM,ARG,2023.0,13-03-2023,plate margin,convergent,oceanic-continental subduction,backarc,subaerial,Spring,S200AA,NNN,,igneous,ign_felsic,Cenozoic volcanic rocks,bicarbonate,-27.1556521,-66.7597249,2097.0,38.52,6.55,3.65,-24.2,8.3,0.32,1821.0,0.19,840.0,79.0,0.0,0.38,,,83.306,,6.532,48.85,,1.217,407.591,0.219,15.718,3.493,40.969,0.08,58.02,502.86,0.04,1.42,1.26,35.7,0.18,3.87,118.46,11.91,3018.6,29.44,,0.41,0.0,47.16,258.24,546.52,0.03,0.19,0.092,0.05,0.06,122.78,54.12,0.01,0.03,,0.0,0.0,0.0,0.0,0.01,,0.0,0.0,,0.01,0.0,0.57,0.89,0.01,6.5,,,,,,,,,,,,,,,,,,,,,,,,,,,,,,,,,,,,,,,,,,,,,,,,,,,0.16,,,,,,,,,,,,,,0.0,,,,,,,,,,,,,,,3.03e-05,0.58,0.6,3917.1,1049.8,,,576.4,,,,fluid,coevolve,,,,,1152.8348683671925,EarthChem,BN154A,whole_rock,"IGNEOUS,VOLCANIC,FELSIC,RHYOLITE",BN154A,44.5442,-110.8222,22.484384450277766,96.90700000000001,73.81,0.245,11.96,,,1.62,0.04,0.2,0.68,3.08,5.24,0.0831,0.032,,,,,,,758.0,,151.0,,10.7,6.19,1.12,18.6,10.1,,2.11,75.7,,0.84,44.6,58.1,30.8,16.1,189.0,,11.3,,46.3,,1.7,24.5,,,5.8,,60.3,6.03,280.0,3185641.0,154.0,Cenozoic sedimentary rocks,sedimentary rocks,,421.0,Quaternary,421.0,Quaternary,#F9F97F,0.0,2.588,Cenozoic,subsurface_fluid,subsurface_sample,subsurface
OZ_230305,OZ_230305_S,ARG23,OZ,Olaruz,2,SAM,ARG,2023.0,05-03-2023,plate margin,convergent,oceanic-continental subduction,backarc,subaerial,Spring,S110AA,MMP,,sedimentary,sed_evaporite,Cenozoic volcanic rocks,chloride,-23.344162,-66.692217,3939.0,14.4,6.2,21.33,136.0,70.0,2.52,10000.0,1.28,417.0,78.0,0.0,0.01,,,3358.449,15.485,,226.59,,12.02,1898.038,5.544,82.002,100.216,212.594,3.78,463.99,25.46,0.27,5.6,77.29,55.14,,0.42,4.6,0.19,40918.2,,1.66,23.57,0.0,16.84,254.04,3257.9,0.91,,,0.11,1.08,228.42,33.18,0.05,0.06,0.01,,,0.01,0.06,0.07,0.02,0.06,0.01,,,0.02,1.17,1.31,0.01,3.15,,,,,,,,,,,,,,,,,,,,,,,,,,,,,,,,,,,,,,,,,,,,,,,,,,,-6.19,,,,,,,,,,,,,,0.0,,,,,,,,,,,,,,,3.54e-05,1.03,1.03,209.46,66.82,0.0,,492.8,,,,sediment,coevolve,,,,,981.6606395444788,EarthChem,TM2FVP,whole_rock,"IGNEOUS,VOLCANIC,MAFIC,BASALT",TM2FVP,37.13,-116.37,36.405613326637884,98.67721209999999,50.89,1.86,17.39,9.41,,8.4672121,0.17,4.74,7.1,4.23,2.85,,0.98,,24.8,,,167.0,,1390.0,,142.2,57.0,,,2.58,,,,,70.7,,0.402,,,,,48.0,14.97,10.06,,949.0,1.9,1.04,4.47,,,,,32.0,2.64,371.0,3186221.0,154.0,Cenozoic volcanic rocks,intermediate-felsic volcanic rocks,,421.0,Quaternary,474.0,Tertiary,#F2F91D,0.0,66.0,Cenozoic,subsurface_sediment,subsurface_sample,subsurface
OZ_230305,OZ_230305_F,ARG23,OZ,Olaruz,2,SAM,ARG,2023.0,05-03-2023,plate margin,convergent,oceanic-continental subduction,backarc,subaerial,Spring,S110AA,MMP,,sedimentary,sed_evaporite,Cenozoic volcanic rocks,chloride,-23.344162,-66.692217,3939.0,14.4,6.2,21.33,136.0,70.0,2.52,10000.0,1.28,417.0,78.0,0.0,0.01,,,3358.449,15.485,,226.59,,12.02,1898.038,5.544,82.002,100.216,212.594,3.78,463.99,25.46,0.27,5.6,77.29,55.14,,0.42,4.6,0.19,40918.2,,1.66,23.57,0.0,16.84,254.04,3257.9,0.91,,,0.11,1.08,228.42,33.18,0.05,0.06,0.01,,,0.01,0.06,0.07,0.02,0.06,0.01,,,0.02,1.17,1.31,0.01,3.15,,,,,,,,,,,,,,,,,,,,,,,,,,,,,,,,,,,,,,,,,,,,,,,,,,,-6.19,,,,,,,,,,,,,,0.0,,,,,,,,,,,,,,,3.54e-05,1.03,1.03,209.46,66.82,0.0,,492.8,,,,fluid,coevolve,,,,,981.6606395444788,EarthChem,TM2FVP,whole_rock,"IGNEOUS,VOLCANIC,MAFIC,BASALT",TM2FVP,37.13,-116.37,36.405613326637884,98.67721209999999,50.89,1.86,17.39,9.41,,8.4672121,0.17,4.74,7.1,4.23,2.85,,0.98,,24.8,,,167.0,,1390.0,,142.2,57.0,,,2.58,,,,,70.7,,0.402,,,,,48.0,14.97,10.06,,949.0,1.9,1.04,4.47,,,,,32.0,2.64,371.0,3186221.0,154.0,Cenozoic volcanic rocks,intermediate-felsic volcanic rocks,,421.0,Quaternary,474.0,Tertiary,#F2F91D,0.0,66.0,Cenozoic,subsurface_fluid,subsurface_sample,subsurface
ES_230304,ES_230304_F,ARG23,ES,El Sauce,1,SAM,ARG,2023.0,04-03-2023,intraplate,intraplate,intraplate,faults,subaerial,Spring,S230AA,NNN,,sedimentary,sed_silicic,Cenozoic sedimentary rocks,chloride,-24.594445,-65.15059,838.0,35.18,6.8,29.49,-21.4,33.5,1.73,14700.0,1.8,765.0,48.0,0.03,0.03,0.13,,3805.285,,,1920.534,,3.263,3413.427,2.503,51.482,23.053,147.261,0.65,563.32,37.07,0.01,15.11,0.85,22.93,3.78,4.52,1.52,0.2,6358.1,30.95,1.86,9.69,0.0,65.76,116.9,3995.2,0.23,0.56,0.0,0.1,0.07,20.32,24.52,0.04,0.05,0.0,,0.0,0.0,,,0.0,0.01,0.0,0.02,0.03,,0.01,1.99,0.04,0.47,,,,,,,,,,,,,,,,,,,,,,,,,,,,,,,,,,,,,,,,,,,,,,,,,,,-3.96,,,,,112.3604,1.861,,14.4207,0.0,0.2491,6.7363,864.3706,,1000.0,-12.22,,,,,,,,,,,7.791605123190968,16.679839080801035,60.37635679742074,0.00103,0.32,0.32,35498.21,11323.93,17300000.0,,,,,,fluid,coevolve,,,,,888.9687409883705,EarthChem,TM2FVP,whole_rock,"IGNEOUS,VOLCANIC,MAFIC,BASALT",TM2FVP,37.13,-116.37,36.405613326637884,98.67721209999999,50.89,1.86,17.39,9.41,,8.4672121,0.17,4.74,7.1,4.23,2.85,,0.98,,24.8,,,167.0,,1390.0,,142.2,57.0,,,2.58,,,,,70.7,,0.402,,,,,48.0,14.97,10.06,,949.0,1.9,1.04,4.47,,,,,32.0,2.64,371.0,3185641.0,154.0,Cenozoic sedimentary rocks,sedimentary rocks,,421.0,Quaternary,421.0,Quaternary,#F9F97F,0.0,2.588,Cenozoic,subsurface_fluid,subsurface_sample,subsurface
TZ_230310,TZ_230310_S,ARG23,TZ,Termas de Tuzgle,10,SAM,ARG,2023.0,10-03-2023,plate margin,convergent,oceanic-continental subduction,backarc,subaerial,Spring,S320AA,NNN,,igneous,ign_felsic,Precambrian-Phanerozoic sedimentary rocks,chloride,-24.028145,-66.5236133,4213.0,55.6,6.27,15.51,112.0,72.8,1.45,7700.0,0.86,500.0,161.0,0.0,0.19,,,2406.229,17.239,,92.748,,19.079,1365.543,4.885,156.733,28.706,184.597,2.59,2473.0,229.02,1.96,1.6,59.54,91.26,6.24,16.75,3.99,0.22,78670.6,16.36,1.45,0.73,0.0,19412.2,2560.7,2977.6,0.501,0.08,,0.38,1.36,12652.2,348.23,0.02,0.03,0.0,0.03,0.0,0.01,0.0,0.0,0.0,,0.0,0.01,,0.0,45.42,1.51,0.01,3.63,,,,,,,,,,,,,,,,,,,,,,,,,,,,,,,,,,,,,,,,,,,,,,,,,,,-2.87,,,,,991.2742,0.0561,,0.005,0.0102,1.1336,0.0562,7.4631,0.00152,1000.0,-6.82,,,,,,,,,,,198254.84,17638.33096085409,17669.77183600713,1.55e-06,5.19,5.23,95.48,30.46,27600000000.0,,448.8,,,,sediment,coevolve,,,,,901.5061147671958,EarthChem,TM2FVP,whole_rock,"IGNEOUS,VOLCANIC,MAFIC,BASALT",TM2FVP,37.13,-116.37,36.405613326637884,98.67721209999999,50.89,1.86,17.39,9.41,,8.4672121,0.17,4.74,7.1,4.23,2.85,,0.98,,24.8,,,167.0,,1390.0,,142.2,57.0,,,2.58,,,,,70.7,,0.402,,,,,48.0,14.97,10.06,,949.0,1.9,1.04,4.47,,,,,32.0,2.64,371.0,3188594.0,154.0,Precambrian-Phanerozoic sedimentary rocks,sedimentary rocks,,74.0,Paleozoic,257.0,Neoproterozoic,#B5B5B5,251.902,1000.0,,subsurface_sediment,subsurface_sample,subsurface
TZ_230310,TZ_230310_F,ARG23,TZ,Termas de Tuzgle,10,SAM,ARG,2023.0,10-03-2023,plate margin,convergent,oceanic-continental subduction,backarc,subaerial,Spring,S320AA,NNN,,igneous,ign_felsic,Precambrian-Phanerozoic sedimentary rocks,chloride,-24.028145,-66.5236133,4213.0,55.6,6.27,15.51,112.0,72.8,1.45,7700.0,0.86,500.0,161.0,0.0,0.19,,,2406.229,17.239,,92.748,,19.079,1365.543,4.885,156.733,28.706,184.597,2.59,2473.0,229.02,1.96,1.6,59.54,91.26,6.24,16.75,3.99,0.22,78670.6,16.36,1.45,0.73,0.0,19412.2,2560.7,2977.6,0.501,0.08,,0.38,1.36,12652.2,348.23,0.02,0.03,0.0,0.03,0.0,0.01,0.0,0.0,0.0,,0.0,0.01,,0.0,45.42,1.51,0.01,3.63,,,,,,,,,,,,,,,,,,,,,,,,,,,,,,,,,,,,,,,,,,,,,,,,,,,-2.87,,,,,991.2742,0.0561,,0.005,0.0102,1.1336,0.0562,7.4631,0.00152,1000.0,-6.82,,,,,,,,,,,198254.84,17638.33096085409,17669.77183600713,1.55e-06,5.19,5.23,95.48,30.46,27600000000.0,,448.8,,,,fluid,coevolve,,,,,901.5061147671958,EarthChem,TM2FVP,whole_rock,"IGNEOUS,VOLCANIC,MAFIC,BASALT",TM2FVP,37.13,-116.37,36.405613326637884,98.67721209999999,50.89,1.86,17.39,9.41,,8.4672121,0.17,4.74,7.1,4.23,2.85,,0.98,,24.8,,,167.0,,1390.0,,142.2,57.0,,,2.58,,,,,70.7,,0.402,,,,,48.0,14.97,10.06,,949.0,1.9,1.04,4.47,,,,,32.0,2.64,371.0,3188594.0,154.0,Precambrian-Phanerozoic sedimentary rocks,sedimentary rocks,,74.0,Paleozoic,257.0,Neoproterozoic,#B5B5B5,251.902,1000.0,,subsurface_fluid,subsurface_sample,subsurface
PI_230308,PI_230308_S,ARG23,PI,Pirquitas,6,SAM,ARG,2023.0,08-03-2023,plate margin,convergent,oceanic-continental subduction,backarc,subaerial,Spring,S220AA,MMF,,sedimentary,sed_silicic,Paleozoic sedimentary rocks,chloride,-22.7345383,-66.4660867,4105.0,23.35,6.34,48.7,-12.0,52.0,1.4,24000.0,3.17,2265.0,23.0,0.0,4.85,,1.0,8194.413,81.912,,204.895,,65.644,5390.473,37.044,190.206,135.562,345.721,0.84,247.81,5201.6,1.23,2.84,273.91,59.19,3.7,1.93,3.93,3.08,693787.6,29.76,1.03,,0.0,1089.13,2749.95,12978.04,0.48,2.47,,0.47,0.15,32346.4,187.75,0.01,0.01,0.01,,0.0,0.01,0.01,0.03,0.01,0.03,,0.02,,0.0,1.11,0.96,0.01,1.47,,,,,,,,,,,,,,,,,,,,,,,,,,,,,,,,,,,,,,,,,,,,,,,,,,,-3.41,,,,,185.1947,0.0539,,0.369,0.0,0.1476,0.5631,813.6555,,999.98,-11.93,,,,,,,,,,,501.8826558265583,328.88421239566685,3435.8942486085343,1.37e-05,1.32,1.32,8027.36,2560.73,273000000.0,,2041.6,,,,sediment,coevolve,,,,,4079.6696865679596,Publication,https://doi.org/10.1002/2016GC006398,whole_rock,ANDESITE,NA007-115,36.518321,25.480971,1.527602077901733,99.95600000000002,60.15,0.84,17.66,,6.23,6.23,0.15,2.5,6.33,3.82,2.1,0.042,0.176,13.6,12.57,0.38,1.69,124.7,,357.4,1.37,34.08,1.11,3.9,2.42,1.18,17.81,3.82,,0.82,16.55,9.65,0.377,9.76,17.17,10.0,4.2,35.5,20.89,3.81,,538.6,0.614,0.628,5.0,4122.0,0.48,1.37,0.15,24.22,2.47,151.1,3192909.0,154.0,Paleozoic sedimentary rocks,sedimentary rocks,,112.0,Ordovician,112.0,Ordovician,#009270,443.8,485.4,Ordovician,subsurface_sediment,subsurface_sample,subsurface
PI_230308,PI_230308_F,ARG23,PI,Pirquitas,6,SAM,ARG,2023.0,08-03-2023,plate margin,convergent,oceanic-continental subduction,backarc,subaerial,Spring,S220AA,MMF,,sedimentary,sed_silicic,Paleozoic sedimentary rocks,chloride,-22.7345383,-66.4660867,4105.0,23.35,6.34,48.7,-12.0,52.0,1.4,24000.0,3.17,2265.0,23.0,0.0,4.85,,1.0,8194.413,81.912,,204.895,,65.644,5390.473,37.044,190.206,135.562,345.721,0.84,247.81,5201.6,1.23,2.84,273.91,59.19,3.7,1.93,3.93,3.08,693787.6,29.76,1.03,,0.0,1089.13,2749.95,12978.04,0.48,2.47,,0.47,0.15,32346.4,187.75,0.01,0.01,0.01,,0.0,0.01,0.01,0.03,0.01,0.03,,0.02,,0.0,1.11,0.96,0.01,1.47,,,,,,,,,,,,,,,,,,,,,,,,,,,,,,,,,,,,,,,,,,,,,,,,,,,-3.41,,,,,185.1947,0.0539,,0.369,0.0,0.1476,0.5631,813.6555,,999.98,-11.93,,,,,,,,,,,501.8826558265583,328.88421239566685,3435.8942486085343,1.37e-05,1.32,1.32,8027.36,2560.73,273000000.0,,2041.6,,,,fluid,coevolve,,,,,4079.6696865679596,Publication,https://doi.org/10.1002/2016GC006398,whole_rock,ANDESITE,NA007-115,36.518321,25.480971,1.527602077901733,99.95600000000002,60.15,0.84,17.66,,6.23,6.23,0.15,2.5,6.33,3.82,2.1,0.042,0.176,13.6,12.57,0.38,1.69,124.7,,357.4,1.37,34.08,1.11,3.9,2.42,1.18,17.81,3.82,,0.82,16.55,9.65,0.377,9.76,17.17,10.0,4.2,35.5,20.89,3.81,,538.6,0.614,0.628,5.0,4122.0,0.48,1.37,0.15,24.22,2.47,151.1,3192909.0,154.0,Paleozoic sedimentary rocks,sedimentary rocks,,112.0,Ordovician,112.0,Ordovician,#009270,443.8,485.4,Ordovician,subsurface_fluid,subsurface_sample,subsurface
RC_1230306,RC_1230306_S,ARG23,RC1,Rosario de Coyaguima,3,SAM,ARG,2023.0,06-03-2023,plate margin,convergent,oceanic-continental subduction,backarc,subaerial,Spring,S320BA,MEX,,sedimentary,sed_silicic,Cenozoic volcanic rocks,chloride,-22.87706,-66.77885,4328.0,55.6,6.61,31.7,-55.0,76.0,1.29,15000.0,1.91,1029.0,140.0,0.0,1.29,0.3,,4654.405,6.737,,383.785,,29.961,3088.188,12.774,220.677,37.229,212.528,0.51,,430.59,0.12,0.62,76.91,2.96,1.04,3.24,0.07,0.825,194291.5,,,,,3630.82,3346.8,10197.1,,0.1,,,0.02,15224.5,169.9,,,,,,0.01,0.0,0.0,,,0.0,,,0.0,30.4,0.81,,0.06,,,,,,,,,,,,,,,,,,,,,,,,,,,,,,,,,,,,,,,,,,,,,,,,,,,-4.15,,,,,991.0916,0.1898,,0.0,0.0,0.0,0.1475,8.5392,,999.97,-10.66,-19.91,,,,,,,,,,inf,6719.265084745763,5221.768177028451,8.44e-08,2.77,2.8,54.26,17.31,3050000000000.0,,668.8,,,,sediment,coevolve,,,,,1338.9437729038718,EarthChem,D101812,whole_rock,"IGNEOUS,VOLCANIC,FELSIC,RHYOLITE",D101811,44.3667,-110.617,6.002977889633653,99.3039126,76.44,0.14,12.09,0.46,1.0,1.4139126,0.04,,0.45,3.55,5.16,,0.02,2.0,1.0,6.0,2.0,2.5,10.0,190.0,,,0.5,,,,17.0,,,,120.0,,,57.0,,26.0,,,3.0,,0.5,10.0,,,,0.094,,,,88.0,8.0,250.0,3186221.0,154.0,Cenozoic volcanic rocks,intermediate-felsic volcanic rocks,,421.0,Quaternary,474.0,Tertiary,#F2F91D,0.0,66.0,Cenozoic,subsurface_sediment,subsurface_sample,subsurface
RC_1230306,RC_1230306_F,ARG23,RC1,Rosario de Coyaguima,3,SAM,ARG,2023.0,06-03-2023,plate margin,convergent,oceanic-continental subduction,backarc,subaerial,Spring,S320BA,MEX,,sedimentary,sed_silicic,Cenozoic volcanic rocks,chloride,-22.87706,-66.77885,4328.0,55.6,6.61,31.7,-55.0,76.0,1.29,15000.0,1.91,1029.0,140.0,0.0,1.29,0.3,,4654.405,6.737,,383.785,,29.961,3088.188,12.774,220.677,37.229,212.528,0.51,,430.59,0.12,0.62,76.91,2.96,1.04,3.24,0.07,0.825,194291.5,,,,,3630.82,3346.8,10197.1,,0.1,,,0.02,15224.5,169.9,,,,,,0.01,0.0,0.0,,,0.0,,,0.0,30.4,0.81,,0.06,,,,,,,,,,,,,,,,,,,,,,,,,,,,,,,,,,,,,,,,,,,,,,,,,,,-4.15,,,,,991.0916,0.1898,,0.0,0.0,0.0,0.1475,8.5392,,999.97,-10.66,-19.91,,,,,,,,,,inf,6719.265084745763,5221.768177028451,8.44e-08,2.77,2.8,54.26,17.31,3050000000000.0,,668.8,,,,fluid,coevolve,,,,,1338.9437729038718,EarthChem,D101812,whole_rock,"IGNEOUS,VOLCANIC,FELSIC,RHYOLITE",D101811,44.3667,-110.617,6.002977889633653,99.3039126,76.44,0.14,12.09,0.46,1.0,1.4139126,0.04,,0.45,3.55,5.16,,0.02,2.0,1.0,6.0,2.0,2.5,10.0,190.0,,,0.5,,,,17.0,,,,120.0,,,57.0,,26.0,,,3.0,,0.5,10.0,,,,0.094,,,,88.0,8.0,250.0,3186221.0,154.0,Cenozoic volcanic rocks,intermediate-felsic volcanic rocks,,421.0,Quaternary,474.0,Tertiary,#F2F91D,0.0,66.0,Cenozoic,subsurface_fluid,subsurface_sample,subsurface
CZ_230307,CZ_230307_S,ARG23,CZ,Coranzuli,5,SAM,ARG,2023.0,07-03-2023,plate margin,convergent,oceanic-continental subduction,backarc,subaerial,Spring,S210AA,GMP,,sedimentary,sed_silicic,Cenozoic volcanic rocks,bicarbonate,-22.9750165,-66.3490983,4148.0,33.53,7.48,1.59,-97.7,48.5,1.25,795.0,0.08,312.0,48.0,0.0,0.11,0.01,5.0,89.249,0.858,,26.656,,0.576,175.147,0.472,3.44,3.82,23.274,0.03,26.75,111.25,0.02,,,9.87,0.12,5.84,9.38,0.14,6771.9,3.63,,,,85.16,42.07,536.99,0.06,,0.291,,0.04,819.7,138.63,,,,,,0.0,,,,0.01,,0.01,0.041,0.0,,0.26,,0.08,,,,,,,,,,,,,,,,,,,,,,,,,,,,,,,,,,,,,,,,,,,,,,,,,,,-6.69,,,,,,,,,,,,,,0.0,-15.97,,,,,,,,,,,,,,0.000794,1.89,1.9,434.09,138.47,0.0,,145.2,,,,sediment,coevolve,,,,,292.5214926755937,EarthChem,D101812,whole_rock,"IGNEOUS,VOLCANIC,FELSIC,RHYOLITE",D101811,44.3667,-110.617,6.002977889633653,99.3039126,76.44,0.14,12.09,0.46,1.0,1.4139126,0.04,,0.45,3.55,5.16,,0.02,2.0,1.0,6.0,2.0,2.5,10.0,190.0,,,0.5,,,,17.0,,,,120.0,,,57.0,,26.0,,,3.0,,0.5,10.0,,,,0.094,,,,88.0,8.0,250.0,3186221.0,154.0,Cenozoic volcanic rocks,intermediate-felsic volcanic rocks,,421.0,Quaternary,474.0,Tertiary,#F2F91D,0.0,66.0,Cenozoic,subsurface_sediment,subsurface_sample,subsurface
CZ_230307,CZ_230307_F,ARG23,CZ,Coranzuli,5,SAM,ARG,2023.0,07-03-2023,plate margin,convergent,oceanic-continental subduction,backarc,subaerial,Spring,S210AA,GMP,,sedimentary,sed_silicic,Cenozoic volcanic rocks,bicarbonate,-22.9750165,-66.3490983,4148.0,33.53,7.48,1.59,-97.7,48.5,1.25,795.0,0.08,312.0,48.0,0.0,0.11,0.01,5.0,89.249,0.858,,26.656,,0.576,175.147,0.472,3.44,3.82,23.274,0.03,26.75,111.25,0.02,,,9.87,0.12,5.84,9.38,0.14,6771.9,3.63,,,,85.16,42.07,536.99,0.06,,0.291,,0.04,819.7,138.63,,,,,,0.0,,,,0.01,,0.01,0.041,0.0,,0.26,,0.08,,,,,,,,,,,,,,,,,,,,,,,,,,,,,,,,,,,,,,,,,,,,,,,,,,,-6.69,,,,,,,,,,,,,,0.0,-15.97,,,,,,,,,,,,,,0.000794,1.89,1.9,434.09,138.47,0.0,,145.2,,,,fluid,coevolve,,,,,292.5214926755937,EarthChem,D101812,whole_rock,"IGNEOUS,VOLCANIC,FELSIC,RHYOLITE",D101811,44.3667,-110.617,6.002977889633653,99.3039126,76.44,0.14,12.09,0.46,1.0,1.4139126,0.04,,0.45,3.55,5.16,,0.02,2.0,1.0,6.0,2.0,2.5,10.0,190.0,,,0.5,,,,17.0,,,,120.0,,,57.0,,26.0,,,3.0,,0.5,10.0,,,,0.094,,,,88.0,8.0,250.0,3186221.0,154.0,Cenozoic volcanic rocks,intermediate-felsic volcanic rocks,,421.0,Quaternary,474.0,Tertiary,#F2F91D,0.0,66.0,Cenozoic,subsurface_fluid,subsurface_sample,subsurface
JB_230315,JB_230315_S,ARG23,JB,Well YPF JB5,15,SAM,ARG,2023.0,15-03-2023,intraplate,intraplate,intraplate,faults,subaerial,Well,S420DB,RTF,,sedimentary,sed_silicic,Cenozoic sedimentary rocks,bicarbonate,-23.8621693,-64.4303718,560.0,71.5,7.2,2.54,147.0,55.0,2.73,1250.0,0.12,246.0,51.0,0.0,0.18,,,134.659,0.738,,192.232,,0.369,167.601,0.607,19.613,18.879,66.266,1.39,83.21,60.39,0.25,1.26,0.55,16.1,5.01,55.05,3.74,0.15,,18.29,0.83,,0.0,42.65,67.06,860.36,0.05,,,0.02,0.07,8.89,167.76,0.01,0.01,,,0.0,0.0,0.0,0.0,0.0,0.0,0.0,0.01,,0.02,0.38,0.31,0.01,0.36,,,,,,,,,,,,,,,,,,,,,,,,,,,,,,,,,,,,,,,,,,,,,,,,,,,-7.4,,,,,,,,,,,,,,0.0,,,,,,,,,,,,,,,6.88e-05,0.45,0.45,172.93,55.17,0.0,,,,,,sediment,coevolve,,,,,245.38786823840726,EarthChem,D101812,whole_rock,"IGNEOUS,VOLCANIC,FELSIC,RHYOLITE",D101811,44.3667,-110.617,6.002977889633653,99.3039126,76.44,0.14,12.09,0.46,1.0,1.4139126,0.04,,0.45,3.55,5.16,,0.02,2.0,1.0,6.0,2.0,2.5,10.0,190.0,,,0.5,,,,17.0,,,,120.0,,,57.0,,26.0,,,3.0,,0.5,10.0,,,,0.094,,,,88.0,8.0,250.0,3185641.0,154.0,Cenozoic sedimentary rocks,sedimentary rocks,,421.0,Quaternary,421.0,Quaternary,#F9F97F,0.0,2.588,Cenozoic,subsurface_sediment,subsurface_sample,subsurface
JB_230315,JB_230315_F,ARG23,JB,Well YPF JB5,15,SAM,ARG,2023.0,15-03-2023,intraplate,intraplate,intraplate,faults,subaerial,Well,S420DB,RTF,,sedimentary,sed_silicic,Cenozoic sedimentary rocks,bicarbonate,-23.8621693,-64.4303718,560.0,71.5,7.2,2.54,147.0,55.0,2.73,1250.0,0.12,246.0,51.0,0.0,0.18,,,134.659,0.738,,192.232,,0.369,167.601,0.607,19.613,18.879,66.266,1.39,83.21,60.39,0.25,1.26,0.55,16.1,5.01,55.05,3.74,0.15,,18.29,0.83,,0.0,42.65,67.06,860.36,0.05,,,0.02,0.07,8.89,167.76,0.01,0.01,,,0.0,0.0,0.0,0.0,0.0,0.0,0.0,0.01,,0.02,0.38,0.31,0.01,0.36,,,,,,,,,,,,,,,,,,,,,,,,,,,,,,,,,,,,,,,,,,,,,,,,,,,-7.4,,,,,,,,,,,,,,0.0,,,,,,,,,,,,,,,6.88e-05,0.45,0.45,172.93,55.17,0.0,,,,,,fluid,coevolve,,,,,245.38786823840726,EarthChem,D101812,whole_rock,"IGNEOUS,VOLCANIC,FELSIC,RHYOLITE",D101811,44.3667,-110.617,6.002977889633653,99.3039126,76.44,0.14,12.09,0.46,1.0,1.4139126,0.04,,0.45,3.55,5.16,,0.02,2.0,1.0,6.0,2.0,2.5,10.0,190.0,,,0.5,,,,17.0,,,,120.0,,,57.0,,26.0,,,3.0,,0.5,10.0,,,,0.094,,,,88.0,8.0,250.0,3185641.0,154.0,Cenozoic sedimentary rocks,sedimentary rocks,,421.0,Quaternary,421.0,Quaternary,#F9F97F,0.0,2.588,Cenozoic,subsurface_fluid,subsurface_sample,subsurface
LF_230308,LF_230308_S,ARG23,LF,Lagunilla del Farallon,8,SAM,ARG,2023.0,08-03-2023,plate margin,convergent,oceanic-continental subduction,backarc,subaerial,Spring,S310AA,RTF,,sedimentary,sed_silicic,Cenozoic sedimentary rocks,chloride,-22.4129383,-66.5973117,3890.0,53.7,6.51,16.18,-48.2,64.0,1.24,8000.0,0.91,930.0,54.0,0.0,0.35,,,2325.151,16.665,,,,10.746,1701.202,13.009,47.645,31.021,145.921,0.29,62.58,361.4,0.03,0.4,1.21,18.11,0.98,0.07,27.36,1.06,102330.0,8.995,,,,3.14,349.66,5625.1,0.21,0.27,0.148,2.91,0.05,5825.7,2726.06,,,0.01,0.01,,0.07,0.02,0.02,,0.01,0.01,0.02,0.031,0.0,0.12,0.32,0.01,0.01,,,,,,,,,,,,,,,,,,,,,,,,,,,,,,,,,,,,,,,,,,,,,,,,,,,-6.49,,,,,317.7925,122.7821,,0.3372,0.0,0.018,1.2501,557.8181,,1000.0,-8.6,-39.3,,,,,,,,,,942.4451364175565,254.21366290696747,2.588264087354753,4.92e-05,1.05,1.05,1543.55,492.39,643000000.0,,655.6,,,,sediment,coevolve,,,,,1309.5052630788337,EarthChem,D101812,whole_rock,"IGNEOUS,VOLCANIC,FELSIC,RHYOLITE",D101811,44.3667,-110.617,6.002977889633653,99.3039126,76.44,0.14,12.09,0.46,1.0,1.4139126,0.04,,0.45,3.55,5.16,,0.02,2.0,1.0,6.0,2.0,2.5,10.0,190.0,,,0.5,,,,17.0,,,,120.0,,,57.0,,26.0,,,3.0,,0.5,10.0,,,,0.094,,,,88.0,8.0,250.0,3186155.0,154.0,Cenozoic sedimentary rocks,sedimentary rocks,,421.0,Quaternary,421.0,Quaternary,#F9F97F,0.0,2.588,Cenozoic,subsurface_sediment,subsurface_sample,subsurface
LF_230308,LF_230308_F,ARG23,LF,Lagunilla del Farallon,8,SAM,ARG,2023.0,08-03-2023,plate margin,convergent,oceanic-continental subduction,backarc,subaerial,Spring,S310AA,RTF,,sedimentary,sed_silicic,Cenozoic sedimentary rocks,chloride,-22.4129383,-66.5973117,3890.0,53.7,6.51,16.18,-48.2,64.0,1.24,8000.0,0.91,930.0,54.0,0.0,0.35,,,2325.151,16.665,,,,10.746,1701.202,13.009,47.645,31.021,145.921,0.29,62.58,361.4,0.03,0.4,1.21,18.11,0.98,0.07,27.36,1.06,102330.0,8.995,,,,3.14,349.66,5625.1,0.21,0.27,0.148,2.91,0.05,5825.7,2726.06,,,0.01,0.01,,0.07,0.02,0.02,,0.01,0.01,0.02,0.031,0.0,0.12,0.32,0.01,0.01,,,,,,,,,,,,,,,,,,,,,,,,,,,,,,,,,,,,,,,,,,,,,,,,,,,-6.49,,,,,317.7925,122.7821,,0.3372,0.0,0.018,1.2501,557.8181,,1000.0,-8.6,-39.3,,,,,,,,,,942.4451364175565,254.21366290696747,2.588264087354753,4.92e-05,1.05,1.05,1543.55,492.39,643000000.0,,655.6,,,,fluid,coevolve,,,,,1309.5052630788337,EarthChem,D101812,whole_rock,"IGNEOUS,VOLCANIC,FELSIC,RHYOLITE",D101811,44.3667,-110.617,6.002977889633653,99.3039126,76.44,0.14,12.09,0.46,1.0,1.4139126,0.04,,0.45,3.55,5.16,,0.02,2.0,1.0,6.0,2.0,2.5,10.0,190.0,,,0.5,,,,17.0,,,,120.0,,,57.0,,26.0,,,3.0,,0.5,10.0,,,,0.094,,,,88.0,8.0,250.0,3186155.0,154.0,Cenozoic sedimentary rocks,sedimentary rocks,,421.0,Quaternary,421.0,Quaternary,#F9F97F,0.0,2.588,Cenozoic,subsurface_fluid,subsurface_sample,subsurface
QH_230313,QH_230313_F,ARG23,QH,Quebrada de Hualfil,12,SAM,ARG,2023.0,13-03-2023,plate margin,convergent,oceanic-continental subduction,backarc,subaerial,Spring,S200AA,NNN,,sedimentary,sed_silicic,Cenozoic sedimentary rocks,chloride,-27.2406863,-66.8753506,1847.0,37.18,8.94,0.15,65.4,24.6,1.65,450.0,0.07,27.0,48.0,0.0,0.02,,,177.825,0.599,,93.033,,0.085,,155.865,0.883,0.021,14.501,5.29,0.26,11.25,0.02,1.18,0.37,7.55,1.42,57.17,12.91,0.03,3452.4,19.638,,,0.73,5.4,1.59,106.14,0.0,1.44,0.185,0.1,0.06,0.7,7.52,,0.02,,,0.0,,0.01,,0.0,0.0,0.0,0.01,0.07,0.02,0.01,0.37,0.02,0.02,,,,,,,,,,,,,,,,,,,,,,,,,,,,,,,,,,,,,,,,,,,,,,,,,,,-8.9,,,,,,,,,,,,,,0.0,,,,,,,,,,,,,,,9.41e-06,1.06,1.1,367.9,98.6,,,35.2,,,,fluid,coevolve,,,,,21.81455233665431,EarthChem,D101812,whole_rock,"IGNEOUS,VOLCANIC,FELSIC,RHYOLITE",D101811,44.3667,-110.617,6.002977889633653,99.3039126,76.44,0.14,12.09,0.46,1.0,1.4139126,0.04,,0.45,3.55,5.16,,0.02,2.0,1.0,6.0,2.0,2.5,10.0,190.0,,,0.5,,,,17.0,,,,120.0,,,57.0,,26.0,,,3.0,,0.5,10.0,,,,0.094,,,,88.0,8.0,250.0,3185641.0,154.0,Cenozoic sedimentary rocks,sedimentary rocks,,421.0,Quaternary,421.0,Quaternary,#F9F97F,0.0,2.588,Cenozoic,subsurface_fluid,subsurface_sample,subsurface
CM_230315,CM_230315_S,ARG23,CM,Caimancito,14,SAM,ARG,2023.0,15-03-2023,intraplate,intraplate,intraplate,faults,subaerial,Spring,S300AA,NNN,,sedimentary,sed_silicic,Cenozoic sedimentary rocks,sulfate,-23.7443669,-64.5197415,385.0,56.6,8.26,0.35,70.0,37.6,1.85,1734.0,0.18,102.0,54.0,0.0,0.06,,,183.92,0.873,,353.485,,0.165,,310.184,1.672,0.099,15.612,0.08,7.76,11.69,0.04,37.1,0.27,12.33,1.96,65.64,8.15,0.03,2436.3,42.15,0.83,,0.82,59.87,1.95,160.99,0.0,0.05,,,0.07,0.46,20.38,0.0,,0.0,,0.0,0.0,0.0,,0.0,0.01,0.0,,,,0.01,0.33,,,,,,,,,,,,,,,,,,,,,,,,,,,,,,,,,,,,,,,,,,,,,,,,,,,,,-8.55,,,,,,,,,,,,,,0.0,,,,,,,,,,,,,,,3.02e-06,0.54,0.5,110.8,29.7,,,44.0,,,,sediment,coevolve,,,,,88.87019731008208,EarthChem,08CP39,whole_rock,"IGNEOUS,VOLCANIC,FELSIC,RHYOLITE",08CP39,44.733,-110.4458,13.676154550460796,99.99999999838,76.02947143,0.3455296669,12.5636267,,,1.934763715,0.02184103753,0.0266788577,0.658986003,3.394196417,4.993490703,,0.03141546825,0.5,,,0.3360906463,3.6,56.8,1083.609687,,146.8,3.1,12.67779673,6.67443179,1.950485326,20.5,12.48464798,,2.48913948,77.20333599,,0.9002606461,49.40169468,66.12158842,30.4,18.01976937,173.9158838,5.9,13.90374048,,76.14910452,3.405900219,2.12221546,24.23505446,,,5.802778734,,62.49148187,5.896444724,375.4,3185641.0,154.0,Cenozoic sedimentary rocks,sedimentary rocks,,421.0,Quaternary,421.0,Quaternary,#F9F97F,0.0,2.588,Cenozoic,subsurface_sediment,subsurface_sample,subsurface
CM_230315,CM_230315_F,ARG23,CM,Caimancito,14,SAM,ARG,2023.0,15-03-2023,intraplate,intraplate,intraplate,faults,subaerial,Spring,S300AA,NNN,,sedimentary,sed_silicic,Cenozoic sedimentary rocks,sulfate,-23.7443669,-64.5197415,385.0,56.6,8.26,0.35,70.0,37.6,1.85,1734.0,0.18,102.0,54.0,0.0,0.06,,,183.92,0.873,,353.485,,0.165,,310.184,1.672,0.099,15.612,0.08,7.76,11.69,0.04,37.1,0.27,12.33,1.96,65.64,8.15,0.03,2436.3,42.15,0.83,,0.82,59.87,1.95,160.99,0.0,0.05,,,0.07,0.46,20.38,0.0,,0.0,,0.0,0.0,0.0,,0.0,0.01,0.0,,,,0.01,0.33,,,,,,,,,,,,,,,,,,,,,,,,,,,,,,,,,,,,,,,,,,,,,,,,,,,,,-8.55,,,,,,,,,,,,,,0.0,,,,,,,,,,,,,,,3.02e-06,0.54,0.5,110.8,29.7,,,44.0,,,,fluid,coevolve,,,,,88.87019731008208,EarthChem,08CP39,whole_rock,"IGNEOUS,VOLCANIC,FELSIC,RHYOLITE",08CP39,44.733,-110.4458,13.676154550460796,99.99999999838,76.02947143,0.3455296669,12.5636267,,,1.934763715,0.02184103753,0.0266788577,0.658986003,3.394196417,4.993490703,,0.03141546825,0.5,,,0.3360906463,3.6,56.8,1083.609687,,146.8,3.1,12.67779673,6.67443179,1.950485326,20.5,12.48464798,,2.48913948,77.20333599,,0.9002606461,49.40169468,66.12158842,30.4,18.01976937,173.9158838,5.9,13.90374048,,76.14910452,3.405900219,2.12221546,24.23505446,,,5.802778734,,62.49148187,5.896444724,375.4,3185641.0,154.0,Cenozoic sedimentary rocks,sedimentary rocks,,421.0,Quaternary,421.0,Quaternary,#F9F97F,0.0,2.588,Cenozoic,subsurface_fluid,subsurface_sample,subsurface
CR_200310,CR_200310_F,CH20,CR,El Corazón,11,SAM,CHL,2020.0,2020-03-10,plate margin,convergent,oceanic-continental subduction,forearc,subaerial,Spring,,,,igneous,ign_volcanic,Mesozoic volcanic rocks,,-32.798669,-70.542534,1003.0,19.6,7.61,0.652,,56.0,5.13,381.16,,165.1,,0.000787,,,,4.231,,0.166,30.55,,0.01,24.93,,0.21,9.42,,7.876,9.071,210.398,1.127,13.304,,,,1.486,0.13,0.152,240.932,541.87,1.792,32.515,,,,415.378,0.156,0.49,0.126,,0.039,0.24,5.494,0.501,,,0.85,,,,0.097,,,,,4.0,0.014,0.019,,,0.536,,,,,,,,,,,,,,,,,,,,,,,,,,,,,,,,,,,,,,,,,,,,,,,,,,,-12.61,,,,,,,,,,,,,,0.0,,,,,,,,,,,,,,,,,,,,,,201.0,,,,fluid,coevolve,,,,,153.54675219502576,EarthChem,08CP39,whole_rock,"IGNEOUS,VOLCANIC,FELSIC,RHYOLITE",08CP39,44.733,-110.4458,13.676154550460796,99.99999999838,76.02947143,0.3455296669,12.5636267,,,1.934763715,0.02184103753,0.0266788577,0.658986003,3.394196417,4.993490703,,0.03141546825,0.5,,,0.3360906463,3.6,56.8,1083.609687,,146.8,3.1,12.67779673,6.67443179,1.950485326,20.5,12.48464798,,2.48913948,77.20333599,,0.9002606461,49.40169468,66.12158842,30.4,18.01976937,173.9158838,5.9,13.90374048,,76.14910452,3.405900219,2.12221546,24.23505446,,,5.802778734,,62.49148187,5.896444724,375.4,3187270.0,154.0,Mesozoic volcanic rocks,volcanic rocks,,48.0,Jurassic,48.0,Jurassic,#34B2C9,145.0,201.3,Jurassic,subsurface_fluid,subsurface_sample,subsurface
PM_200308,PM_200308_F,CH20,PM,Panamávida,9,SAM,CHL,2020.0,2020-03-08,plate margin,convergent,oceanic-continental subduction,forearc,subaerial,Spring,,,,sedimentary,sedimentary,Cenozoic sedimentary rocks,,-35.761243,-71.416547,310.0,32.45,9.91,1.16,-297.7,5.8,0.42,580.0,0.057,45.0,,0.010441,,,,42.957,,,134.1,,0.031,81.0,0.07,0.49,1.129,29.02,,,169.832,0.8115,9.522,,423.333,,4.389,5.43,,995.248,539.43,2.13,21.76,,,2.121,18.43,0.127,0.7775,,,0.029,0.272,,0.627,,0.151,0.346,,,,,0.011,,0.004,,,,0.005,,,0.035,,,,,,,,,,,,,,,,,,,,,,,,,,,,,,,,,,,,,,,,,,,,,,,,,,,-12.84,,,,,,,,,,,,,,0.0,-15.34,,,,,,,,,,,,,,3.04e-06,1.12,1.43,1.4,0.4,22720409826.0,,23.8,,,,fluid,coevolve,,,,,25.54097010856049,EarthChem,08CP39,whole_rock,"IGNEOUS,VOLCANIC,FELSIC,RHYOLITE",08CP39,44.733,-110.4458,13.676154550460796,99.99999999838,76.02947143,0.3455296669,12.5636267,,,1.934763715,0.02184103753,0.0266788577,0.658986003,3.394196417,4.993490703,,0.03141546825,0.5,,,0.3360906463,3.6,56.8,1083.609687,,146.8,3.1,12.67779673,6.67443179,1.950485326,20.5,12.48464798,,2.48913948,77.20333599,,0.9002606461,49.40169468,66.12158842,30.4,18.01976937,173.9158838,5.9,13.90374048,,76.14910452,3.405900219,2.12221546,24.23505446,,,5.802778734,,62.49148187,5.896444724,375.4,3185947.0,154.0,Cenozoic sedimentary rocks,sedimentary rocks,,421.0,Quaternary,421.0,Quaternary,#F9F97F,0.0,2.588,Cenozoic,subsurface_fluid,subsurface_sample,subsurface
PM_200308,PM_200308_S,CH20,PM,Panamávida,9,SAM,CHL,2020.0,2020-03-08,plate margin,convergent,oceanic-continental subduction,forearc,subaerial,Spring,,,,sedimentary,sedimentary,Cenozoic sedimentary rocks,,-35.761243,-71.416547,310.0,32.45,9.91,1.16,-297.7,5.8,0.42,580.0,0.057,45.0,,0.010441,,,,42.957,,,134.1,,0.031,81.0,0.07,0.49,1.129,29.02,,,169.832,0.8115,9.522,,423.333,,4.389,5.43,,995.248,539.43,2.13,21.76,,,2.121,18.43,0.127,0.7775,,,0.029,0.272,,0.627,,0.151,0.346,,,,,0.011,,0.004,,,,0.005,,,0.035,,,,,,,,,,,,,,,,,,,,,,,,,,,,,,,,,,,,,,,,,,,,,,,,,,,-12.84,,,,,,,,,,,,,,0.0,-15.34,,,,,,,,,,,,,,3.04e-06,1.12,1.43,1.4,0.4,22720409826.0,,23.8,,,,sediment,coevolve,,,,,25.54097010856049,EarthChem,08CP39,whole_rock,"IGNEOUS,VOLCANIC,FELSIC,RHYOLITE",08CP39,44.733,-110.4458,13.676154550460796,99.99999999838,76.02947143,0.3455296669,12.5636267,,,1.934763715,0.02184103753,0.0266788577,0.658986003,3.394196417,4.993490703,,0.03141546825,0.5,,,0.3360906463,3.6,56.8,1083.609687,,146.8,3.1,12.67779673,6.67443179,1.950485326,20.5,12.48464798,,2.48913948,77.20333599,,0.9002606461,49.40169468,66.12158842,30.4,18.01976937,173.9158838,5.9,13.90374048,,76.14910452,3.405900219,2.12221546,24.23505446,,,5.802778734,,62.49148187,5.896444724,375.4,3185947.0,154.0,Cenozoic sedimentary rocks,sedimentary rocks,,421.0,Quaternary,421.0,Quaternary,#F9F97F,0.0,2.588,Cenozoic,subsurface_sediment,subsurface_sample,subsurface
CT_200308,CT_200308_F,CH20,CT,Termas de Catillo,10,SAM,CHL,2020.0,2020-03-08,plate margin,convergent,oceanic-continental subduction,forearc,subaerial,Spring,,,,sedimentary,sedimentary,Cenozoic sedimentary rocks,,-36.292102,-71.648357,258.0,37.5,9.49,0.527,-304.0,11.0,0.73,548.0,0.053,45.0,,0.052825,,,,48.592,0.116,,101.572,,0.064,99.35,0.08,0.83,,5.74,,,88.812,0.326,8.24,,150.601,,6.593,9.82,,714.626,182.5,0.836,16.236,1.465,,3.21,,0.136,0.99,0.136,,,1.266,,0.212,,0.054,0.209,,,,0.037,,,,0.002,5.0,,0.0,,,0.01,,,,,,,,,,,,,,,,,,,,,,,,,,,,,,,,,,,,,,,,,,,,,,,,,,,-16.1,,,,,,,,,,,,,,0.0,-17.17,,,,,,,,,-17.17,,,,,6.83e-06,0.65,0.65,79.5,25.3,3687743220.0,,33.5,,,,fluid,coevolve,,,,,31.424969124341786,EarthChem,08CP39,whole_rock,"IGNEOUS,VOLCANIC,FELSIC,RHYOLITE",08CP39,44.733,-110.4458,13.676154550460796,99.99999999838,76.02947143,0.3455296669,12.5636267,,,1.934763715,0.02184103753,0.0266788577,0.658986003,3.394196417,4.993490703,,0.03141546825,0.5,,,0.3360906463,3.6,56.8,1083.609687,,146.8,3.1,12.67779673,6.67443179,1.950485326,20.5,12.48464798,,2.48913948,77.20333599,,0.9002606461,49.40169468,66.12158842,30.4,18.01976937,173.9158838,5.9,13.90374048,,76.14910452,3.405900219,2.12221546,24.23505446,,,5.802778734,,62.49148187,5.896444724,375.4,3185947.0,154.0,Cenozoic sedimentary rocks,sedimentary rocks,,421.0,Quaternary,421.0,Quaternary,#F9F97F,0.0,2.588,Cenozoic,subsurface_fluid,subsurface_sample,subsurface
TF_200303,TF_200303_F,CH20,TF,Termas del Flaco,2,SAM,CHL,2020.0,2020-03-02,plate margin,convergent,oceanic-continental subduction,forearc,subaerial,Spring,,,,sedimentary,sedimentary,Mesozoic sedimentary rocks,,-34.958936,-70.434051,1731.0,68.4,6.24,6.45,,24.1,1.06,3309.15,,93.1,,0.000787,,,,1803.838,2.833,0.055,163.517,,3.167,814.95,0.35,79.65,34.83,,1.859,194.892,110.499,0.472,5.245,,276.637,,9.716,0.93,0.024,,406.87,1.462,12.446,0.115,244.34,,,0.157,0.78,0.22,,0.8735,,174.56,0.52,,0.097,0.58,0.13,0.018,,,0.011,,0.004,0.026,,,8.035,,,0.056,,,,,,,,,,,,,,,,,,,,,,,,,,,,,,,,,,,,,,,,,,,,,,,,,,,71.25,,,,,,,,,,,,,,0.0,-11.49,-28.78,,,,,,,,-11.15,,,,,4.92e-05,1.44,1.48,12.6,4.0,2200000000.0,8.7,113.5,,,,fluid,coevolve,,,,,180.97479999653302,EarthChem,08CP39,whole_rock,"IGNEOUS,VOLCANIC,FELSIC,RHYOLITE",08CP39,44.733,-110.4458,13.676154550460796,99.99999999838,76.02947143,0.3455296669,12.5636267,,,1.934763715,0.02184103753,0.0266788577,0.658986003,3.394196417,4.993490703,,0.03141546825,0.5,,,0.3360906463,3.6,56.8,1083.609687,,146.8,3.1,12.67779673,6.67443179,1.950485326,20.5,12.48464798,,2.48913948,77.20333599,,0.9002606461,49.40169468,66.12158842,30.4,18.01976937,173.9158838,5.9,13.90374048,,76.14910452,3.405900219,2.12221546,24.23505446,,,5.802778734,,62.49148187,5.896444724,375.4,3188666.0,154.0,Mesozoic sedimentary rocks,sedimentary rocks,,33.0,Cretaceous,48.0,Jurassic,#5ABC8C,66.0,201.3,Mesozoic,subsurface_fluid,subsurface_sample,subsurface
TF_200303,TF_200303_S,CH20,TF,Termas del Flaco,2,SAM,CHL,2020.0,2020-03-02,plate margin,convergent,oceanic-continental subduction,forearc,subaerial,Spring,,,,sedimentary,sedimentary,Mesozoic sedimentary rocks,,-34.958936,-70.434051,1731.0,68.4,6.24,6.45,,24.1,1.06,3309.15,,93.1,,0.000787,,,,1803.838,2.833,0.055,163.517,,3.167,814.95,0.35,79.65,34.83,,1.859,194.892,110.499,0.472,5.245,,276.637,,9.716,0.93,0.024,,406.87,1.462,12.446,0.115,244.34,,,0.157,0.78,0.22,,0.8735,,174.56,0.52,,0.097,0.58,0.13,0.018,,,0.011,,0.004,0.026,,,8.035,,,0.056,,,,,,,,,,,,,,,,,,,,,,,,,,,,,,,,,,,,,,,,,,,,,,,,,,,71.25,,,,,,,,,,,,,,0.0,-11.49,-28.78,,,,,,,,-11.15,,,,,4.92e-05,1.44,1.48,12.6,4.0,2200000000.0,8.7,113.5,,,,sediment,coevolve,,,,,180.97479999653302,EarthChem,08CP39,whole_rock,"IGNEOUS,VOLCANIC,FELSIC,RHYOLITE",08CP39,44.733,-110.4458,13.676154550460796,99.99999999838,76.02947143,0.3455296669,12.5636267,,,1.934763715,0.02184103753,0.0266788577,0.658986003,3.394196417,4.993490703,,0.03141546825,0.5,,,0.3360906463,3.6,56.8,1083.609687,,146.8,3.1,12.67779673,6.67443179,1.950485326,20.5,12.48464798,,2.48913948,77.20333599,,0.9002606461,49.40169468,66.12158842,30.4,18.01976937,173.9158838,5.9,13.90374048,,76.14910452,3.405900219,2.12221546,24.23505446,,,5.802778734,,62.49148187,5.896444724,375.4,3188666.0,154.0,Mesozoic sedimentary rocks,sedimentary rocks,,33.0,Cretaceous,48.0,Jurassic,#5ABC8C,66.0,201.3,Mesozoic,subsurface_sediment,subsurface_sample,subsurface
AU_200310,AU_200310_F,CH20,AU,Auco,12,SAM,CHL,2020.0,2020-03-10,plate margin,convergent,oceanic-continental subduction,forearc,subaerial,Spring,,,,igneous,ign_volcanic,Mesozoic-Cenozoic volcanic rocks,,-32.892097,-70.710594,873.0,20.2,8.09,0.75,75.0,76.7,6.95,430.65,,174.2,,0.000667,,,,7.907,,47.589,167.579,,0.015,45.57,0.07,0.5,12.18,,9.356,19.507,330.28,1.406,34.988,3.338,312.068,,2.851,,,361.171,318.27,1.557,43.394,,10.137,0.933,470.667,,0.595,,,,0.134,8.094,0.3235,,0.102,0.187,0.076,0.02,,,,,,,,0.016,0.011,0.418,,0.876,,,,,,,,,,,,,,,,,,,,,,,,,,,,,,,,,,,,,,,,,,,,,,,,,,,-11.65,,,,,,,,,,,,,,0.0,-12.15,,,,,,,,,-12.15,,,,,3.85e-08,0.96,1.13,0.8,0.2,1712282056151.0,,210.1,,,,fluid,coevolve,,,,,155.32826365979298,EarthChem,08CP39,whole_rock,"IGNEOUS,VOLCANIC,FELSIC,RHYOLITE",08CP39,44.733,-110.4458,13.676154550460796,99.99999999838,76.02947143,0.3455296669,12.5636267,,,1.934763715,0.02184103753,0.0266788577,0.658986003,3.394196417,4.993490703,,0.03141546825,0.5,,,0.3360906463,3.6,56.8,1083.609687,,146.8,3.1,12.67779673,6.67443179,1.950485326,20.5,12.48464798,,2.48913948,77.20333599,,0.9002606461,49.40169468,66.12158842,30.4,18.01976937,173.9158838,5.9,13.90374048,,76.14910452,3.405900219,2.12221546,24.23505446,,,5.802778734,,62.49148187,5.896444724,375.4,3188135.0,154.0,Mesozoic-Cenozoic volcanic rocks,volcanic rocks,,474.0,Tertiary,33.0,Cretaceous,#9AD9DD,2.588,145.0,Phanerozoic,subsurface_fluid,subsurface_sample,subsurface
AU_200310,AU_200310_S,CH20,AU,Auco,12,SAM,CHL,2020.0,2020-03-10,plate margin,convergent,oceanic-continental subduction,forearc,subaerial,Spring,,,,igneous,ign_volcanic,Mesozoic-Cenozoic volcanic rocks,,-32.892097,-70.710594,873.0,20.2,8.09,0.75,75.0,76.7,6.95,430.65,,174.2,,0.000667,,,,7.907,,47.589,167.579,,0.015,45.57,0.07,0.5,12.18,,9.356,19.507,330.28,1.406,34.988,3.338,312.068,,2.851,,,361.171,318.27,1.557,43.394,,10.137,0.933,470.667,,0.595,,,,0.134,8.094,0.3235,,0.102,0.187,0.076,0.02,,,,,,,,0.016,0.011,0.418,,0.876,,,,,,,,,,,,,,,,,,,,,,,,,,,,,,,,,,,,,,,,,,,,,,,,,,,-11.65,,,,,,,,,,,,,,0.0,-12.15,,,,,,,,,-12.15,,,,,3.85e-08,0.96,1.13,0.8,0.2,1712282056151.0,,210.1,,,,sediment,coevolve,,,,,155.32826365979298,EarthChem,08CP39,whole_rock,"IGNEOUS,VOLCANIC,FELSIC,RHYOLITE",08CP39,44.733,-110.4458,13.676154550460796,99.99999999838,76.02947143,0.3455296669,12.5636267,,,1.934763715,0.02184103753,0.0266788577,0.658986003,3.394196417,4.993490703,,0.03141546825,0.5,,,0.3360906463,3.6,56.8,1083.609687,,146.8,3.1,12.67779673,6.67443179,1.950485326,20.5,12.48464798,,2.48913948,77.20333599,,0.9002606461,49.40169468,66.12158842,30.4,18.01976937,173.9158838,5.9,13.90374048,,76.14910452,3.405900219,2.12221546,24.23505446,,,5.802778734,,62.49148187,5.896444724,375.4,3188135.0,154.0,Mesozoic-Cenozoic volcanic rocks,volcanic rocks,,474.0,Tertiary,33.0,Cretaceous,#9AD9DD,2.588,145.0,Phanerozoic,subsurface_sediment,subsurface_sample,subsurface
EM_200307,EM_200307_F,CH20,EM,El Médano,8,SAM,CHL,2020.0,2020-03-07,plate margin,convergent,oceanic-continental subduction,forearc,subaerial,Spring,,,,igneous,ign_volcanic,Mesozoic-Cenozoic volcanic rocks,,-35.822954,-70.760384,1016.0,37.5,7.22,,,79.2,5.29,,,51.0,,0.000667,,,,123.534,0.302,,87.828,,,,,,,,3.479,,,1.269,,7.849,,,30.16,10.42,0.024,,479.79,,,,900.596,143.005,,0.211,1.28,,,0.03,179.372,28.667,0.465,,0.147,,0.133,,,0.093,0.0075,,0.003,,5.0,,0.067,,,0.172,,,,,,,,,,,,,,,,,,,,,,,,,,,,,,,,,,,,,,,,,,,,,,,,,,,-9.34,,,,,,,,,,,,,,0.0,-10.19,,,,,,,,,-10.19,,,,,5.76e-07,0.94,0.74,1.3,0.4,34281350639.0,,62.2,,,,fluid,coevolve,,,,,50.188714889495785,EarthChem,923,whole_rock,"IGNEOUS,VOLCANIC,FELSIC,RHYOLITE",923,44.6978,-110.2935,5.227861646356099,100.00001024213,75.99150812,0.3412263288,12.51351381,,,2.158470404,0.0224273963,0.08238405374,0.6457942638,3.277196881,4.932418643,,0.03507034149,1.3,,,2.0,,63.6,1001.482644,,156.4,2.8,13.21563362,7.040013771,1.892736746,20.0,12.91054128,,2.614780679,82.72333345,,0.9317781193,48.8,67.14719156,26.3,18.45594284,171.1,,13.82864469,,70.3,3.44244731,2.175955396,23.71871299,,,5.331135967,,66.48903613,6.2556595,372.7249514,3190440.0,154.0,Mesozoic-Cenozoic volcanic rocks,volcanic rocks,,474.0,Tertiary,33.0,Cretaceous,#9AD9DD,2.588,145.0,Phanerozoic,subsurface_fluid,subsurface_sample,subsurface
EM_200307,EM_200307_S,CH20,EM,El Médano,8,SAM,CHL,2020.0,2020-03-07,plate margin,convergent,oceanic-continental subduction,forearc,subaerial,Spring,,,,igneous,ign_volcanic,Mesozoic-Cenozoic volcanic rocks,,-35.822954,-70.760384,1016.0,37.5,7.22,,,79.2,5.29,,,51.0,,0.000667,,,,123.534,0.302,,87.828,,,,,,,,3.479,,,1.269,,7.849,,,30.16,10.42,0.024,,479.79,,,,900.596,143.005,,0.211,1.28,,,0.03,179.372,28.667,0.465,,0.147,,0.133,,,0.093,0.0075,,0.003,,5.0,,0.067,,,0.172,,,,,,,,,,,,,,,,,,,,,,,,,,,,,,,,,,,,,,,,,,,,,,,,,,,-9.34,,,,,,,,,,,,,,0.0,-10.19,,,,,,,,,-10.19,,,,,5.76e-07,0.94,0.74,1.3,0.4,34281350639.0,,62.2,,,,sediment,coevolve,,,,,50.188714889495785,EarthChem,923,whole_rock,"IGNEOUS,VOLCANIC,FELSIC,RHYOLITE",923,44.6978,-110.2935,5.227861646356099,100.00001024213,75.99150812,0.3412263288,12.51351381,,,2.158470404,0.0224273963,0.08238405374,0.6457942638,3.277196881,4.932418643,,0.03507034149,1.3,,,2.0,,63.6,1001.482644,,156.4,2.8,13.21563362,7.040013771,1.892736746,20.0,12.91054128,,2.614780679,82.72333345,,0.9317781193,48.8,67.14719156,26.3,18.45594284,171.1,,13.82864469,,70.3,3.44244731,2.175955396,23.71871299,,,5.331135967,,66.48903613,6.2556595,372.7249514,3190440.0,154.0,Mesozoic-Cenozoic volcanic rocks,volcanic rocks,,474.0,Tertiary,33.0,Cretaceous,#9AD9DD,2.588,145.0,Phanerozoic,subsurface_sediment,subsurface_sample,subsurface
GS_200305,GS_200305_F,CH20,GS,Gualleco Spring,5,SAM,CHL,2020.0,2020-03-05,plate margin,convergent,oceanic-continental subduction,forearc,subaerial,Spring,,,,metamorphic,metamorfic,Paleozoic crystalline metamorphic rocks,,-35.255208,-71.971441,135.0,19.9,10.3,0.305,-201.0,28.0,2.55,205.925,,39.0,,0.106236,,,,37.37,0.141,0.042,3.857,,0.012,56.25,0.22,0.23,,2.65,,,10.724,0.009,,,,,3.119,42.34,,538.5,14.3,0.59,,4.26,,,,,1.118,0.186,,0.012,0.277,,,0.014,,,0.0,,,,,,,,,,,,0.741,0.0,,,,,,,,,,,,,,,,,,,,,,,,,,,,,,,,,,,,,,,,,,,,,,,,,,,-11.82,,,,,,,,,,,,,,0.0,,,,,,,,,,,,,,,,,,,,,,18.3,,,,fluid,coevolve,,,,,19.46011619350223,EarthChem,D101812,whole_rock,"IGNEOUS,VOLCANIC,FELSIC,RHYOLITE",D101811,44.3667,-110.617,6.002977889633653,99.3039126,76.44,0.14,12.09,0.46,1.0,1.4139126,0.04,,0.45,3.55,5.16,,0.02,2.0,1.0,6.0,2.0,2.5,10.0,190.0,,,0.5,,,,17.0,,,,120.0,,,57.0,,26.0,,,3.0,,0.5,10.0,,,,0.094,,,,88.0,8.0,250.0,3186161.0,154.0,Paleozoic crystalline metamorphic rocks,low-medium grade unclassified metamorphic rock,,84.0,Carboniferous,122.0,Cambrian,#99C08D,298.9,541.0,,subsurface_fluid,subsurface_sample,subsurface
TP_200304,TP_200304_F,CH20,TP,Termas del Plomo,3,SAM,CHL,2020.0,2020-03-04,plate margin,convergent,oceanic-continental subduction,forearc,subaerial,Spring,,,,sedimentary,sedimentary,Paleozoic-Mesozoic sedimentary rocks,,-33.61774,-69.910353,2933.0,36.8,6.43,,,30.5,2.06,,,141.1,,0.000906,,,,6776.84,,,2083.478,,0.554,4637.31,1.11,24.95,100.46,957.6,,428.848,,0.2155,,272.712,,,7.544,0.1,0.09,,98.93,0.534,3.35,,,130.476,,0.287,1.806,,,,28.491,44.837,0.147,0.254,,0.131,,,,,0.004,0.029,0.001,0.003,,,0.382,,,0.348,,,,,,,,,,,,,,,,,,,,,,,,,,,,,,,,,,,,,,,,,,,,,,,,,,,34.56,,,,,,,,,,,,,,0.0,-13.67,,,,,,,,,,,,,,0.000116,2.52,2.58,66.3,21.1,200000000.0,40.0,172.0,,,,fluid,coevolve,,,,,216.7316349660997,EarthChem,C131957,whole_rock,UNKNOWN,C131957,44.75333,-110.725,4.199954551187343,98.42969599999999,75.7,0.17,12.7,1.6,,1.439696,0.01,0.05,0.3,2.98,5.01,,0.07,8.0,0.2,2.2,0.5,6.0,61.0,430.0,4.8,59.0,0.5,4.9,3.3,0.87,20.0,3.8,,1.0,35.0,14.0,,72.0,23.0,,6.5,,,4.8,5.6,14.0,3.8,0.75,26.0,,0.7,2.1,1.0,20.0,0.51,220.0,3187614.0,154.0,Paleozoic-Mesozoic sedimentary rocks,sedimentary rocks,,63.0,Triassic,84.0,Carboniferous,#9AD9DD,201.3,358.9,Phanerozoic,subsurface_fluid,subsurface_sample,subsurface
BM_200304,BM_200304_F,CH20,BM,Baños Morales,4,SAM,CHL,2020.0,2020-03-04,plate margin,convergent,oceanic-continental subduction,forearc,subaerial,Spring,,,,sedimentary,sedimentary,Mesozoic sedimentary rocks,,-33.824023,-70.059671,1868.0,27.2,6.07,20.82,,13.6,1.08,10566.0,,726.6,,0.000787,,,,7383.547,,,612.521,,1.696,4451.6,0.87,118.61,115.92,374.54,,75.736,,2.444,6.387,,,,2.913,,0.04,,30.24,0.564,,0.014,806.911,331.735,,,0.366,,,0.036,90.696,43.4,0.16,,0.0235,0.141,,,,0.022,0.0065,0.03,,0.011,,,2.942,,0.769,1.213,,,,,,,,,,,,,,,,,,,,,,,,,,,,,,,,,,,,,,,,,,,,,,,,,,,-2.59,,,,,,,,,,,,,,0.0,-8.64,,,,,,,,,,,,,,4.62e-07,1.61,1.63,25.5,8.1,138000000000.0,,885.9,,,,fluid,coevolve,,,,,1827.6024656348975,EarthChem,C131957,whole_rock,UNKNOWN,C131957,44.75333,-110.725,4.199954551187343,98.42969599999999,75.7,0.17,12.7,1.6,,1.439696,0.01,0.05,0.3,2.98,5.01,,0.07,8.0,0.2,2.2,0.5,6.0,61.0,430.0,4.8,59.0,0.5,4.9,3.3,0.87,20.0,3.8,,1.0,35.0,14.0,,72.0,23.0,,6.5,,,4.8,5.6,14.0,3.8,0.75,26.0,,0.7,2.1,1.0,20.0,0.51,220.0,3188666.0,154.0,Mesozoic sedimentary rocks,sedimentary rocks,,33.0,Cretaceous,48.0,Jurassic,#5ABC8C,66.0,201.3,Mesozoic,subsurface_fluid,subsurface_sample,subsurface
BM_200304,BM_200304_S,CH20,BM,Baños Morales,4,SAM,CHL,2020.0,2020-03-04,plate margin,convergent,oceanic-continental subduction,forearc,subaerial,Spring,,,,sedimentary,sedimentary,Mesozoic sedimentary rocks,,-33.824023,-70.059671,1868.0,27.2,6.07,20.82,,13.6,1.08,10566.0,,726.6,,0.000787,,,,7383.547,,,612.521,,1.696,4451.6,0.87,118.61,115.92,374.54,,75.736,,2.444,6.387,,,,2.913,,0.04,,30.24,0.564,,0.014,806.911,331.735,,,0.366,,,0.036,90.696,43.4,0.16,,0.0235,0.141,,,,0.022,0.0065,0.03,,0.011,,,2.942,,0.769,1.213,,,,,,,,,,,,,,,,,,,,,,,,,,,,,,,,,,,,,,,,,,,,,,,,,,,-2.59,,,,,,,,,,,,,,0.0,-8.64,,,,,,,,,,,,,,4.62e-07,1.61,1.63,25.5,8.1,138000000000.0,,885.9,,,,sediment,coevolve,,,,,1827.6024656348975,EarthChem,C131957,whole_rock,UNKNOWN,C131957,44.75333,-110.725,4.199954551187343,98.42969599999999,75.7,0.17,12.7,1.6,,1.439696,0.01,0.05,0.3,2.98,5.01,,0.07,8.0,0.2,2.2,0.5,6.0,61.0,430.0,4.8,59.0,0.5,4.9,3.3,0.87,20.0,3.8,,1.0,35.0,14.0,,72.0,23.0,,6.5,,,4.8,5.6,14.0,3.8,0.75,26.0,,0.7,2.1,1.0,20.0,0.51,220.0,3188666.0,154.0,Mesozoic sedimentary rocks,sedimentary rocks,,33.0,Cretaceous,48.0,Jurassic,#5ABC8C,66.0,201.3,Mesozoic,subsurface_sediment,subsurface_sample,subsurface
SP_200306,SP_200306_F,CH20,SP,San Pedro Baños Termales,6,SAM,CHL,2020.0,2020-03-06,plate margin,convergent,oceanic-continental subduction,forearc,subaerial,Spring,,,,igneous,ign_volcanic,Cenozoic volcanic rocks,,-35.136766,-70.476566,1830.0,21.98,6.19,32.8,29.3,18.8,1.64,16615.9,,414.4,,0.000548,,,,10387.07,,,966.608,,6.245,6331.65,3.18,855.31,34.61,844.05,,,,1.093,11.678,53.773,,,0.826,0.18,3.38,,449.53,1.876,21.41,0.369,,,,1.691,1.35,,,,473.857,45.228,1.936,,0.349,0.736,0.319,,,0.175,,,,,,,7.71,,,0.1985,,,,,,,,,,,,,,,,,,,,,,,,,,,,,,,,,,,,,,,,,,,,,,,,,,,-4.99,,,,,,,,,,,,,,0.0,-12.56,,,,,,,,,,,,,,0.000175,2.43,2.44,186.9,59.5,120000000.0,43.9,505.2,,,,fluid,coevolve,,,,,914.6327547115056,EarthChem,C131957,whole_rock,UNKNOWN,C131957,44.75333,-110.725,4.199954551187343,98.42969599999999,75.7,0.17,12.7,1.6,,1.439696,0.01,0.05,0.3,2.98,5.01,,0.07,8.0,0.2,2.2,0.5,6.0,61.0,430.0,4.8,59.0,0.5,4.9,3.3,0.87,20.0,3.8,,1.0,35.0,14.0,,72.0,23.0,,6.5,,,4.8,5.6,14.0,3.8,0.75,26.0,,0.7,2.1,1.0,20.0,0.51,220.0,3187631.0,154.0,Cenozoic volcanic rocks,volcanic rocks,,421.0,Quaternary,474.0,Tertiary,#F2F91D,0.0,66.0,Cenozoic,subsurface_fluid,subsurface_sample,subsurface
SP_200306,SP_200306_S,CH20,SP,San Pedro Baños Termales,6,SAM,CHL,2020.0,2020-03-06,plate margin,convergent,oceanic-continental subduction,forearc,subaerial,Spring,,,,igneous,ign_volcanic,Cenozoic volcanic rocks,,-35.136766,-70.476566,1830.0,21.98,6.19,32.8,29.3,18.8,1.64,16615.9,,414.4,,0.000548,,,,10387.07,,,966.608,,6.245,6331.65,3.18,855.31,34.61,844.05,,,,1.093,11.678,53.773,,,0.826,0.18,3.38,,449.53,1.876,21.41,0.369,,,,1.691,1.35,,,,473.857,45.228,1.936,,0.349,0.736,0.319,,,0.175,,,,,,,7.71,,,0.1985,,,,,,,,,,,,,,,,,,,,,,,,,,,,,,,,,,,,,,,,,,,,,,,,,,,-4.99,,,,,,,,,,,,,,0.0,-12.56,,,,,,,,,,,,,,0.000175,2.43,2.44,186.9,59.5,120000000.0,43.9,505.2,,,,sediment,coevolve,,,,,914.6327547115056,EarthChem,C131957,whole_rock,UNKNOWN,C131957,44.75333,-110.725,4.199954551187343,98.42969599999999,75.7,0.17,12.7,1.6,,1.439696,0.01,0.05,0.3,2.98,5.01,,0.07,8.0,0.2,2.2,0.5,6.0,61.0,430.0,4.8,59.0,0.5,4.9,3.3,0.87,20.0,3.8,,1.0,35.0,14.0,,72.0,23.0,,6.5,,,4.8,5.6,14.0,3.8,0.75,26.0,,0.7,2.1,1.0,20.0,0.51,220.0,3187631.0,154.0,Cenozoic volcanic rocks,volcanic rocks,,421.0,Quaternary,474.0,Tertiary,#F2F91D,0.0,66.0,Cenozoic,subsurface_sediment,subsurface_sample,subsurface
JR_220403,JR_220403_F,CHL22,JR,Termales Jurasi,38,SAM,CHL,2022.0,2022-04-03,plate margin,convergent,oceanic-continental subduction,volcanic arc,subaerial,Spring,,,,igneous,ign_volcanic,Cenozoic volcanic rocks,,-18.2102,-69.51053,4050.0,65.4,6.9,6.13,-502.0,35.1,1.6,3082.0,0.32,75.1,69.1,0.09,,0.01,13.0,267.701,,42345.129,1312.742,,1.087,273.023,,9.408,0.825,59.037,,617.678,56.339,0.469,,2.822,2.871,,8.334,42.555,0.203,19479.5,,,,0.0,876.828,135.229,5833.1,,0.048,,,0.0,309.978,50.358,,,,0.0,0.0,0.0,0.0,,,0.0,,0.0,,,0.519,,,,,,,,,,,,,,,,,,,,,,,,,,,,,,,,,,,,,,,,,,,,,,,,,,,,-101.18,-13.31,-4.78,,,,,,,,,,,,,,0.0,,,,0.000244,1.9e-05,0.000533,0.007544,0.021327,0.000294,-9.12,-5.21,,,,1.12e-06,0.92,0.92,66.91,17.93,14800000000.0,,39.6,,,,fluid,coevolve,,,,,83.02607033314328,EarthChem,C131957,whole_rock,UNKNOWN,C131957,44.75333,-110.725,4.199954551187343,98.42969599999999,75.7,0.17,12.7,1.6,,1.439696,0.01,0.05,0.3,2.98,5.01,,0.07,8.0,0.2,2.2,0.5,6.0,61.0,430.0,4.8,59.0,0.5,4.9,3.3,0.87,20.0,3.8,,1.0,35.0,14.0,,72.0,23.0,,6.5,,,4.8,5.6,14.0,3.8,0.75,26.0,,0.7,2.1,1.0,20.0,0.51,220.0,3186221.0,154.0,Cenozoic volcanic rocks,intermediate-felsic volcanic rocks,,421.0,Quaternary,474.0,Tertiary,#F2F91D,0.0,66.0,Cenozoic,subsurface_fluid,subsurface_sample,subsurface
PJ_220330,PJ_220330_F,CHL22,PJ,Parajaya,25,SAM,CHL,2022.0,2022-03-30,plate margin,convergent,oceanic-continental subduction,volcanic arc,subaerial,Spring,,,,igneous,ign_volcanic,Cenozoic volcanic rocks,,-19.12084,-68.90981,4242.0,29.6,6.74,1.4,116.8,16.2,1.23,698.0,0.07,111.1,88.26,0.12,,0.0,1.86,146.892,,,797.488,,0.2492,112.411,,18.255,52.909,115.112,8.855,,,,3.169,,350.291,6.287,5.56,0.861,,4613.1,39.558,,1.683,,352.179,141.338,569.136,,1.771,,0.988,,132.369,4.08,0.092,0.15,0.021,0.501,,,,,,0.024,,,,,,0.163,0.021,0.389,,,,,,,,,,,,,,,,,,,,,,,,,,,,,,,,,,,,,,,,,,,,,,,,,-117.87,-15.27,-5.46,,,,,,,,,,,,,,0.0,,,,0.000255,3e-05,0.000149,0.051007,0.363165,0.00847,-4.75,21.07,,,,6.6e-08,2.26,4.35,1.65,0.43,166000000000.0,,66.0,,,,fluid,coevolve,,,,,135.5313125345931,EarthChem,BN154A,whole_rock,"IGNEOUS,VOLCANIC,FELSIC,RHYOLITE",BN154A,44.5442,-110.8222,22.484384450277766,96.90700000000001,73.81,0.245,11.96,,,1.62,0.04,0.2,0.68,3.08,5.24,0.0831,0.032,,,,,,,758.0,,151.0,,10.7,6.19,1.12,18.6,10.1,,2.11,75.7,,0.84,44.6,58.1,30.8,16.1,189.0,,11.3,,46.3,,1.7,24.5,,,5.8,,60.3,6.03,280.0,3186221.0,154.0,Cenozoic volcanic rocks,intermediate-felsic volcanic rocks,,421.0,Quaternary,474.0,Tertiary,#F2F91D,0.0,66.0,Cenozoic,subsurface_fluid,subsurface_sample,subsurface
CP_220402,CP_220402_F,CHL22,CP,Colpita,34,SAM,CHL,2022.0,2022-04-02,plate margin,convergent,oceanic-continental subduction,volcanic arc,subaerial,Spring,,,,igneous,ign_volcanic,Cenozoic volcanic rocks,,-17.95005,-69.43621,4151.0,16.0,3.81,3.28,247.4,4.8,0.47,1641.0,0.17,8.0,150.27,0.14,,0.0,1.33,27.573,,,1067.447,,0.1396,48.636,0.0,11.498,19.481,180.255,10.508,1666.8,39182.3,0.194,1.652,1.299,1500.0,12.732,,,1.986,3074.0,11714.3,0.0,3.255,,572.093,135.071,1513.7,23.083,1.307,,,0.118,170.341,11.234,1.334,5.555,1.281,10.802,4.02,1.164,5.487,4.783,0.837,2.127,0.217,1.21,,,0.547,9.065,0.042,0.305,,,,,,,,,,,,,,,,,,,,,,,,,,,,,,,,,,,,,,,,,,,,,,,,,-118.17,-16.02,,,,,,,,,,,,,,,0.0,,,,0.000547,2.6e-05,0.002792,0.002021,0.697382,0.016639,-5.48,,,,,3.69e-07,1.9,2.1,5.31,1.42,2160000000000.0,,4140.4,,,,fluid,coevolve,,,,,5546.891836924195,EarthChem,SM9721,whole_rock,"IGNEOUS,VOLCANIC",SM9721,44.99,-110.77,11.42610880240448,98.508575,58.38,0.71,15.92,7.5,,6.748575,0.1,4.37,6.54,3.33,2.17,,0.24,,,,48.0,142.0,,1383.0,,63.86,146.0,,,1.33,,,,,31.33,,0.18,7.2,21.0,17.0,,37.0,19.37,4.29,,775.0,0.33,0.5,4.54,,,1.04,,15.0,1.3,149.0,3186221.0,154.0,Cenozoic volcanic rocks,intermediate-felsic volcanic rocks,,421.0,Quaternary,474.0,Tertiary,#F2F91D,0.0,66.0,Cenozoic,subsurface_fluid,subsurface_sample,subsurface
CR_220324,CR_220324_F,CHL22,CR,Carcote,13,SAM,CHL,2022.0,2022-03-24,plate margin,convergent,oceanic-continental subduction,volcanic arc,subaerial,Spring,,,,igneous,ign_volcanic,Cenozoic volcanic rocks,,-22.06499,-68.05932,4125.0,42.2,7.92,3.54,176.7,69.2,4.3,1771.0,0.19,75.1,95.56,0.06,,0.01,10.32,598.462,,1.667,148.011,,0.6808,187.226,0.0,17.736,16.604,42.179,46.828,,19.456,0.091,,,164.209,6.752,4.69,0.148,0.0,5082.2,12.648,,1.05,0.0,438.881,126.52,1275.0,0.256,1.116,,1.382,,103.194,,,0.067,,0.207,,0.0,,,,,,,,0.0,,,,0.125,,,,,,,,,,,,,,,,,,,,,,,,,,,,,,,,,,,,,,,,,,,,,,,,,-102.71,-13.76,,,,,,,,,,,,,,,0.0,,,,0.000387,1.5e-05,9.8e-05,0.08422,0.157331,0.004014,-4.21,-39.57,,,,3.05e-08,1.2,1.47,1.8,0.45,334000000000.0,,35.2,,,,fluid,coevolve,,,,,67.12107639548314,EarthChem,BN154A,whole_rock,"IGNEOUS,VOLCANIC,FELSIC,RHYOLITE",BN154A,44.5442,-110.8222,22.484384450277766,96.90700000000001,73.81,0.245,11.96,,,1.62,0.04,0.2,0.68,3.08,5.24,0.0831,0.032,,,,,,,758.0,,151.0,,10.7,6.19,1.12,18.6,10.1,,2.11,75.7,,0.84,44.6,58.1,30.8,16.1,189.0,,11.3,,46.3,,1.7,24.5,,,5.8,,60.3,6.03,280.0,3186221.0,154.0,Cenozoic volcanic rocks,intermediate-felsic volcanic rocks,,421.0,Quaternary,474.0,Tertiary,#F2F91D,0.0,66.0,Cenozoic,subsurface_fluid,subsurface_sample,subsurface
IS_220328,IS_220328_F,CHL22,IS,Irruputuncu acid spring,20,SAM,CHL,2022.0,2022-03-28,plate margin,convergent,oceanic-continental subduction,volcanic arc,subaerial,Spring,,,,igneous,ign_volcanic,Cenozoic volcanic rocks,,-20.725886,-68.586182,4042.0,38.41,2.38,21.12,407.9,5.5,0.36,10550.0,1.24,0.0,191.67,0.05,,0.0,1.68,2010.256,,,4377.264,,1.143,729.462,0.0,134.745,447.0,215.039,116.331,33041.5,60200.6,6.339,8.041,13.408,1416.3,11.282,,0.153,8.045,23892.2,92942.9,4.766,11.975,9.424,879.018,1737.3,984.849,51.169,0.963,,0.735,5.131,114.583,15.234,8.534,37.973,9.754,61.349,14.624,4.009,12.216,10.064,1.787,5.117,0.789,4.591,,,4.336,1.613,5.505,5.382,,,,,,,,,,,,,,,,,,,,,,,,,,,,,,,,,,,,,,,,,,,,,,,,,-74.76,-7.25,,,,,,,,,,,,,,,0.0,,,,0.000236,9e-06,0.000439,0.001725,0.024511,0.000451,,,,,,3.07e-08,2.0,3.7,1.16,0.41,,,0.0,,,,fluid,coevolve,,,,,,EarthChem,BN154A,whole_rock,"IGNEOUS,VOLCANIC,FELSIC,RHYOLITE",BN154A,44.5442,-110.8222,3.483411365277876,96.90700000000001,73.81,0.245,11.96,,,1.62,0.04,0.2,0.68,3.08,5.24,0.0831,0.032,,,,,,,758.0,,151.0,,10.7,6.19,1.12,18.6,10.1,,2.11,75.7,,0.84,44.6,58.1,30.8,16.1,189.0,,11.3,,46.3,,1.7,24.5,,,5.8,,60.3,6.03,280.0,3186221.0,154.0,Cenozoic volcanic rocks,intermediate-felsic volcanic rocks,,421.0,Quaternary,474.0,Tertiary,#F2F91D,0.0,66.0,Cenozoic,subsurface_fluid,subsurface_sample,subsurface
LR_220331,LR_220331_F,CHL22,LR,Lagu Roja,30,SAM,CHL,2022.0,2022-03-31,plate margin,convergent,oceanic-continental subduction,volcanic arc,subaerial,Volcanic lake,,,,igneous,ign_volcanic,Cenozoic volcanic rocks,,-19.851761,-68.906143,4079.0,24.3,5.5,29.46,150.2,79.8,6.68,14720.0,1.82,372.3,41.76,0.09,,0.11,110.76,6171.802,9.19,,1175.785,,17.177,1882.617,0.0,248.495,34.353,609.796,0.363,1630.5,,0.18,1.498,1.017,402.338,8.468,3.831,,1.474,126577.2,35.22,,1.85,0.0,32407.1,4939.7,14940.3,0.45,1.786,,0.033,,8194.0,62.694,0.089,0.15,0.017,0.432,,,,,0.003,,,0.0,,,19.169,0.243,,0.065,,,,,,,,,,,,,,,,,,,,,,,,,,,,,,,,,,,,,,,,,,,,,,,,,-74.32,-6.71,2.03,,,,,,,,,,,,,,0.0,,,,0.00047,1.8e-05,3.4e-05,0.052352,0.120555,0.003154,0.46,3.99,,,,4.2474e-06,1.05,,0.9,0.29,,,,,,,fluid,coevolve,,,,,2673.26925059819,EarthChem,822-6C,whole_rock,Igneous - Intermediate - Andesite,822-6C,-42.4,-72.6,30.792736349787155,98.828347,53.1,0.8,19.5,8.7,,7.828347,0.2,4.6,8.8,3.3,0.5,,0.2,30.0,15.0,0.8,8.0,172.0,80.0,178.0,,18.1,13.0,3.2,1.9,,20.0,3.3,,0.6,7.4,,0.3,5.0,12.1,,2.6,10.0,22.0,3.1,0.5,390.0,0.3,0.5,,,,0.3,,20.0,1.9,85.0,3186221.0,154.0,Cenozoic volcanic rocks,intermediate-felsic volcanic rocks,,421.0,Quaternary,474.0,Tertiary,#F2F91D,0.0,66.0,Cenozoic,subsurface_fluid,subsurface_sample,subsurface
ET_220322,ET_220322_F,CHL22,ET,El Tatio,8,SAM,CHL,2022.0,2022-03-22,plate margin,convergent,oceanic-continental subduction,volcanic arc,subaerial,Spring,,,,igneous,ign_volcanic,Cenozoic volcanic rocks,,-22.33071,-68.01182,4278.0,86.8,6.31,47.73,79.3,35.0,1.27,23900.0,3.02,72.1,117.38,0.08,,,,11334.784,10.168,,45.947,,39.902,3780.743,0.0,500.554,0.838,222.098,5.687,420.784,12.998,0.162,,1.189,354.554,8.75,51.236,47.487,0.738,192367.8,34.961,,0.684,0.827,54664.8,9251.2,5952.9,0.352,1.194,,1.206,,25187.6,302.288,0.071,0.115,,0.888,0.0,,,,0.0,,,0.027,,0.008,76.54,1.575,,0.025,,,,,,,,,,,,,,,,,,,,,,,,,,,,,,,,,,,,,,,,,,,,,,,,,-68.48,-3.5,-5.18,,,,,952.38095,0.09225,0.0,0.00143,0.06744,7.4254,0.85524,43.8254,0.00313,1004.65,,,,0.000347,1.5e-05,0.000146,0.015081,0.043198,0.000833,-11.03,-7.56,666000.6643356642,1113.5832631775875,10323.912737127372,,,,,,,,,,,,fluid,coevolve,,,,,144.40598992594374,EarthChem,822-6C,whole_rock,Igneous - Intermediate - Andesite,822-6C,-42.4,-72.6,30.792736349787155,98.828347,53.1,0.8,19.5,8.7,,7.828347,0.2,4.6,8.8,3.3,0.5,,0.2,30.0,15.0,0.8,8.0,172.0,80.0,178.0,,18.1,13.0,3.2,1.9,,20.0,3.3,,0.6,7.4,,0.3,5.0,12.1,,2.6,10.0,22.0,3.1,0.5,390.0,0.3,0.5,,,,0.3,,20.0,1.9,85.0,3186221.0,154.0,Cenozoic volcanic rocks,intermediate-felsic volcanic rocks,,421.0,Quaternary,474.0,Tertiary,#F2F91D,0.0,66.0,Cenozoic,subsurface_fluid,subsurface_sample,subsurface
TM_220326,TM_220326_F,CHL22,TM,Termales Mamiña,16,SAM,CHL,2022.0,2022-03-26,plate margin,convergent,oceanic-continental subduction,volcanic arc,subaerial,Spring,,,,igneous,ign_volcanic,Cenozoic volcanic rocks,,-20.07042,-69.21176,2804.0,53.9,8.84,1.87,-333.5,3.2,0.17,932.0,0.09,37.0,157.58,0.85,,0.01,12.02,132.11,0.327,,144.413,,0.1766,83.491,0.0,1.967,0.665,19.494,0.267,3.485,11.841,,,0.858,646.739,6.04,11.367,69.377,0.0,2437.2,30.721,0.0,1.204,1.728,4.95,27.172,482.173,0.216,1.564,,1.09,,36.377,33.831,0.081,0.186,,1.487,,,,0.0,,0.0,,,,,,0.276,,,,,,,,,,,,,,,,,,,,,,,,,,,,,,,,,,,,,,,,,,,,,,,,,,,-64.96,-8.41,-10.88,,,,,,,,,,,,,,0.0,-11.7,,,0.002016,0.0001,7.3e-05,2.808271,11.140031,0.096818,-16.35,-26.86,,,,2.63e-06,0.08,0.06,87.07,23.34,,,13.2,,,,fluid,coevolve,,,,,29.177544891831186,EarthChem,822-6C,whole_rock,Igneous - Intermediate - Andesite,822-6C,-42.4,-72.6,30.792736349787155,98.828347,53.1,0.8,19.5,8.7,,7.828347,0.2,4.6,8.8,3.3,0.5,,0.2,30.0,15.0,0.8,8.0,172.0,80.0,178.0,,18.1,13.0,3.2,1.9,,20.0,3.3,,0.6,7.4,,0.3,5.0,12.1,,2.6,10.0,22.0,3.1,0.5,390.0,0.3,0.5,,,,0.3,,20.0,1.9,85.0,3186221.0,154.0,Cenozoic volcanic rocks,intermediate-felsic volcanic rocks,,421.0,Quaternary,474.0,Tertiary,#F2F91D,0.0,66.0,Cenozoic,subsurface_fluid,subsurface_sample,subsurface
QN_220317,QN_220317_F,CHL22,QN,Quebrada Negra,2,SAM,CHL,2022.0,2022-03-17,plate margin,convergent,oceanic-continental subduction,forearc,subaerial,Spring,,,,igneous,ign_plutonic,Mesozoic-Cenozoic intrusive rocks,,-23.69785,-70.40637,94.0,26.4,7.11,76.85,237.6,44.0,3.54,38430.0,5.33,180.2,33.55,0.02,,0.0,0.44,16344.409,18.753,232.094,1816.029,,162.208,4399.449,0.0,72.724,240.079,1503.538,22.074,6.434,94.278,0.131,1.316,12.111,,34.462,183.537,0.125,,631945.6,33.134,,28.918,0.0,20.771,70.006,26821.2,,1.474,,,5.716,2.153,89.476,0.106,0.191,,1.411,,,,,,,0.006,,,3.166,0.469,4.453,,5.24,,,,,,,,,,,,,,,,,,,,,,,,,,,,,,,,,,,,,,,,,,,,,,,,,-34.82,-1.88,-8.63,,,,,,,,,,,,,,0.0,,,,0.000225,2e-05,9.4e-05,0.286861,1.159648,0.026276,-11.06,-52.08,,,,2.82e-08,1.8,9.8,1.1,0.28,672000000000.0,,92.4,,,,fluid,coevolve,,,,,185.47192529302274,Publication,https://doi.org/10.1002/2016GC006398,whole_rock,ANDESITE,NA007-115,36.518321,25.480971,1.527602077901733,99.95600000000002,60.15,0.84,17.66,,6.23,6.23,0.15,2.5,6.33,3.82,2.1,0.042,0.176,13.6,12.57,0.38,1.69,124.7,,357.4,1.37,34.08,1.11,3.9,2.42,1.18,17.81,3.82,,0.82,16.55,9.65,0.377,9.76,17.17,10.0,4.2,35.5,20.89,3.81,,538.6,0.614,0.628,5.0,4122.0,0.48,1.37,0.15,24.22,2.47,151.1,3186158.0,154.0,Mesozoic-Cenozoic intrusive rocks,intrusive igneous rocks,,474.0,Tertiary,48.0,Jurassic,#9AD9DD,2.588,201.3,Phanerozoic,subsurface_fluid,subsurface_sample,subsurface
LN_220321,LN_220321_F,CHL22,LN,Lagu Negra,7,SAM,CHL,2022.0,2022-03-21,plate margin,convergent,oceanic-continental subduction,volcanic arc,subaerial,Volcanic lake,,,,igneous,ign_volcanic,Cenozoic volcanic rocks,,-23.14677,-67.41922,4227.0,52.3,6.58,78.0,-45.5,7.2,0.39,39000.0,5.3,87.1,47.79,0.06,,0.0,19.28,17374.071,,,264.017,,30.035,5216.398,0.0,124.908,124.507,1303.92,0.721,6193.9,1029.6,0.125,,0.709,647.061,7.327,28.746,1.733,1.32,67389.0,42.513,,1.933,,4752.5,1707.3,47514.5,0.68,1.225,,0.368,,5583.1,581.44,0.096,0.178,,1.051,,,,0.046,,,,,,,16.017,4.139,,0.041,,,,,,,,,,,,,,,,,,,,,,,,,,,,,,,,,,,,,,,,,,,,,,,,,-81.2,-9.32,-5.05,,,,,721.06,1.496,0.18,0.1005,0.00067,0.5544,3.248,273.4,0.00046,1000.04,-12.2,-15.8,,0.00081,1.8e-05,0.000168,0.005507,0.039982,0.000853,-12.6,-18.29,7174.726368159203,222.00123152709355,481.9919786096256,0.0002856416,1.83,1.84,137.99,45.1,2820000000.0,,57.2,,,,fluid,coevolve,,,,,115.68293721316516,Publication,https://doi.org/10.1002/2016GC006398,whole_rock,ANDESITE,NA007-115,36.518321,25.480971,1.527602077901733,99.95600000000002,60.15,0.84,17.66,,6.23,6.23,0.15,2.5,6.33,3.82,2.1,0.042,0.176,13.6,12.57,0.38,1.69,124.7,,357.4,1.37,34.08,1.11,3.9,2.42,1.18,17.81,3.82,,0.82,16.55,9.65,0.377,9.76,17.17,10.0,4.2,35.5,20.89,3.81,,538.6,0.614,0.628,5.0,4122.0,0.48,1.37,0.15,24.22,2.47,151.1,3186221.0,154.0,Cenozoic volcanic rocks,intermediate-felsic volcanic rocks,,421.0,Quaternary,474.0,Tertiary,#F2F91D,0.0,66.0,Cenozoic,subsurface_fluid,subsurface_sample,subsurface
CZ_220329,CZ_220329_F,CHL22,CZ,Termales Chusmiza,22,SAM,CHL,2022.0,2022-03-29,plate margin,convergent,oceanic-continental subduction,volcanic arc,subaerial,Spring,,,,igneous,ign_volcanic,Cenozoic volcanic rocks,,-19.68348,-69.17722,3423.0,41.7,8.2,1.47,-268.1,3.0,0.19,752.0,0.07,72.1,82.13,0.15,,0.27,272.61,63.559,,,353.999,,0.2853,125.284,0.0,3.979,0.131,27.168,,9.121,,0.103,,0.83,,7.997,3.714,35.062,,3028.0,69.499,,1.73,0.751,39.645,60.857,946.382,0.375,1.069,,0.858,,105.682,48.865,0.135,0.245,,1.907,,0.0,,,,,,,,,,0.545,0.033,0.031,,,,,,,,,,,,,,,,,,,,,,,,,,,,,,,,,,,,,,,,,,,,,,,,,-67.73,-9.19,-11.7,,,,,,,,,,,,,,0.0,,,,0.003922,0.000147,0.000116,0.001155,0.514583,0.011301,-11.51,-11.03,,,,,,,,,,,,,,,fluid,coevolve,,,,,63.3396642064416,EarthChem,08CP39,whole_rock,"IGNEOUS,VOLCANIC,FELSIC,RHYOLITE",08CP39,44.733,-110.4458,13.676154550460796,99.99999999838,76.02947143,0.3455296669,12.5636267,,,1.934763715,0.02184103753,0.0266788577,0.658986003,3.394196417,4.993490703,,0.03141546825,0.5,,,0.3360906463,3.6,56.8,1083.609687,,146.8,3.1,12.67779673,6.67443179,1.950485326,20.5,12.48464798,,2.48913948,77.20333599,,0.9002606461,49.40169468,66.12158842,30.4,18.01976937,173.9158838,5.9,13.90374048,,76.14910452,3.405900219,2.12221546,24.23505446,,,5.802778734,,62.49148187,5.896444724,375.4,3186221.0,154.0,Cenozoic volcanic rocks,intermediate-felsic volcanic rocks,,421.0,Quaternary,474.0,Tertiary,#F2F91D,0.0,66.0,Cenozoic,subsurface_fluid,subsurface_sample,subsurface
TT_220331,TT_220331_F,CHL22,TT,Termal Tana,28,SAM,CHL,2022.0,2022-03-31,plate margin,convergent,oceanic-continental subduction,volcanic arc,subaerial,Spring,,,,igneous,ign_volcanic,Cenozoic volcanic rocks,,-19.113417,-69.138356,4067.0,66.6,6.31,20.61,-23.8,36.0,1.62,10310.0,1.19,288.3,121.51,0.13,,0.0,0.72,4076.835,5.908,,368.842,,15.805,1452.828,0.0,179.256,14.451,244.84,0.279,2211.6,3952.4,2.766,1.839,1.024,709.211,5.731,4.931,1.88,1.485,144152.6,33.689,0.858,1.89,,32885.4,4505.4,7609.4,,1.681,,,,11976.4,205.674,0.146,0.351,0.03,1.648,,,,,,0.033,,0.046,,0.0,23.53,3.686,0.027,0.153,,,,,,,,,,,,,,,,,,,,,,,,,,,,,,,,,,,,,,,,,,,,,,,,,-94.73,-11.07,,,,,,,,,,,,,,,0.0,,,,0.000166,1.2e-05,3.7e-05,0.004243,0.017436,0.00036,-4.0,43.24,,,,4.61e-08,3.5,4.0,4.86,1.63,576000000000.0,,255.2,,,,fluid,coevolve,,,,,510.94881438984373,EarthChem,1988 L-80,whole_rock,"IGNEOUS,VOLCANIC",1988 L-80,54.27,159.98,5.073905859034642,98.15899999999999,74.44,0.21,13.06,,,1.49,0.064,0.4,1.74,3.98,2.74,,0.035,3.0,,,,10.0,23.0,741.0,,16.0,4.0,,,,11.0,,,,11.0,,,1.6,8.0,5.0,,52.0,177.0,,,,,,2.0,,,1.0,,,,87.0,3186221.0,154.0,Cenozoic volcanic rocks,intermediate-felsic volcanic rocks,,421.0,Quaternary,474.0,Tertiary,#F2F91D,0.0,66.0,Cenozoic,subsurface_fluid,subsurface_sample,subsurface
PR_220403,PR_220403_F,CHL22,PR,Putre,37,SAM,CHL,2022.0,2022-04-03,plate margin,convergent,oceanic-continental subduction,volcanic arc,subaerial,Spring,,,,igneous,ign_volcanic,Cenozoic volcanic rocks,,-18.19791,-69.53851,3785.0,35.8,6.33,25.27,-21.9,46.0,3.15,12640.0,1.52,738.6,109.44,0.1,,,,5110.588,7.27,,388.983,,10.956,1901.156,3.508,215.347,29.447,340.144,0.394,1575.6,6871.3,1.032,2.911,,782.86,14.309,0.946,0.153,1.899,214945.1,71.596,,3.759,,32947.8,3967.9,9719.5,0.551,1.21,,,0.084,7074.7,156.201,0.179,0.378,0.032,1.204,,,,0.067,,,,,,,0.132,,,0.181,,,,,,,,,,,,,,,,,,,,,,,,,,,,,,,,,,,,,,,,,,,,,,,,,-88.08,-9.14,0.86,,,,,982.42,0.1191,0.01,0.02561,0.00012,0.08391,0.1662,17.17,0.00011,1000.0,-6.6,,,0.000196,1.8e-05,0.000312,0.002233,0.141325,0.003615,-5.07,,38360.79656384225,5911.070998796631,8248.698572628044,,,,,,,,,,,,fluid,coevolve,,,,,1263.9454722580854,EarthChem,1988 L-80,whole_rock,"IGNEOUS,VOLCANIC",1988 L-80,54.27,159.98,4.235260899720654,98.15899999999999,74.44,0.21,13.06,,,1.49,0.064,0.4,1.74,3.98,2.74,,0.035,3.0,,,,10.0,23.0,741.0,,16.0,4.0,,,,11.0,,,,11.0,,,1.6,8.0,5.0,,52.0,177.0,,,,,,2.0,,,1.0,,,,87.0,3186221.0,154.0,Cenozoic volcanic rocks,intermediate-felsic volcanic rocks,,421.0,Quaternary,474.0,Tertiary,#F2F91D,0.0,66.0,Cenozoic,subsurface_fluid,subsurface_sample,subsurface
VA_220325,VA_220325_F,CHL22,VA,Vertiente 10 Ascotán,15,SAM,CHL,2022.0,2022-03-25,plate margin,convergent,oceanic-continental subduction,volcanic arc,subaerial,Spring,,,,igneous,ign_volcanic,Cenozoic volcanic rocks,,-21.609523,-68.250122,3795.0,22.2,7.15,13.9,227.4,52.2,4.55,6936.0,0.81,129.1,119.31,0.07,,0.0,2.46,2566.58,,2.26,258.942,,4.561,797.381,0.0,66.769,71.042,233.923,43.025,1.066,,,,5.997,242.575,8.51,16.342,0.275,,21163.5,22.543,,1.341,,1823.6,375.955,9135.0,0.393,1.644,,,2.056,588.661,49.587,0.053,0.098,0.013,0.423,,,,,,,,,,0.0,0.207,0.158,,4.161,,,,,,,,,,,,,,,,,,,,,,,,,,,,,,,,,,,,,,,,,,,,,,,,,-99.1,-12.17,0.49,,,,,,,,,,,,,,0.0,,,,0.00038,1.5e-05,8.9e-05,0.005694,0.014424,0.000216,-2.53,-31.46,,,,1.09e-07,1.04,1.05,4.45,1.19,215000000000.0,,66.0,,,,fluid,coevolve,,,,,132.1712742602367,EarthChem,LC28,whole_rock,"IGNEOUS,VOLCANIC,MAFIC,BASALT",LC28,-46.75,37.75,293.5545010958064,98.3193663663,46.699,2.558,13.08333333,12.10666667,,10.8936997,0.1646666667,11.05366667,10.238,3.083333333,0.2413333333,,0.3043333333,87.526,63.601,,232.555,238.612,84.508,345.0,,69.135,420.352,,,,,,,,30.225,,,27.92,38.675,,,9.85,24.5,,,429.06,,,4.0,,,,,22.34,,189.31,3186221.0,154.0,Cenozoic volcanic rocks,intermediate-felsic volcanic rocks,,421.0,Quaternary,474.0,Tertiary,#F2F91D,0.0,66.0,Cenozoic,subsurface_fluid,subsurface_sample,subsurface
CE_220402,CE_220402_F,CHL22,CE,Colpita Este,35,SAM,CHL,2022.0,2022-04-02,plate margin,convergent,oceanic-continental subduction,volcanic arc,subaerial,Spring,,,,igneous,ign_volcanic,Cenozoic volcanic rocks,,-17.95554,-69.42357,4141.0,53.5,6.19,45.21,-180.0,6.6,0.35,22710.0,2.85,795.7,173.66,0.1,,0.0,4.66,10779.786,12.09,,352.472,,21.531,4633.791,11.888,270.63,32.379,226.661,0.46,561.997,2142.1,0.084,,4.194,570.97,11.195,0.197,,0.833,429727.4,34.417,,2.248,,15997.6,3976.0,24237.2,0.528,1.611,,0.128,,6548.4,303.442,0.11,0.17,0.03,0.876,,,,0.04,,,,,,,5.16,0.312,0.011,0.052,,,,,,,,,,,,,,,,,,,,,,,,,,,,,,,,,,,,,,,,,,,,,,,,,-96.26,-8.56,0.58,,,,,999.14,0.058,0.52,0.00021,0.00243,0.02623,0.00532,0.2452,0.00053,1000.0,-7.0,-30.4,,0.000803,2.1e-05,0.000189,0.007648,0.02675,0.000302,-4.83,-72.14,4757809.523809523,187808.27067669173,17226.55172413793,6.14e-08,1.71,1.72,448.8,41.93,6840000000000.0,,787.6,,,,fluid,coevolve,,,,,1578.7604116446964,EarthChem,LC28,whole_rock,"IGNEOUS,VOLCANIC,MAFIC,BASALT",LC28,-46.75,37.75,292.9354084347086,98.3193663663,46.699,2.558,13.08333333,12.10666667,,10.8936997,0.1646666667,11.05366667,10.238,3.083333333,0.2413333333,,0.3043333333,87.526,63.601,,232.555,238.612,84.508,345.0,,69.135,420.352,,,,,,,,30.225,,,27.92,38.675,,,9.85,24.5,,,429.06,,,4.0,,,,,22.34,,189.31,3186221.0,154.0,Cenozoic volcanic rocks,intermediate-felsic volcanic rocks,,421.0,Quaternary,474.0,Tertiary,#F2F91D,0.0,66.0,Cenozoic,subsurface_fluid,subsurface_sample,subsurface
OA_220325,OA_220325_F,CHL22,OA,Ojo de Ascotán vertiente 11,14,SAM,CHL,2022.0,2022-03-25,plate margin,convergent,oceanic-continental subduction,volcanic arc,subaerial,Spring,,,,igneous,ign_volcanic,Cenozoic volcanic rocks,,-21.6879,-68.21487,3736.0,27.5,6.96,7.01,223.0,61.0,4.82,3501.0,0.38,138.1,79.79,0.12,,0.01,9.24,1060.883,,16.402,165.293,,2.476,329.398,,31.283,37.342,141.007,36.854,5.415,43.034,0.061,,0.964,493.905,7.116,6.599,0.269,,17623.8,26.959,0.0,1.853,0.0,1062.8,186.684,4179.0,0.392,1.275,,2.084,1.025,345.934,74.231,0.118,0.159,,1.311,,,,,,,,,,,0.058,0.398,,5.36,,,,,,,,,,,,,,,,,,,,,,,,,,,,,,,,,,,,,,,,,,,,,,,,,-96.83,-12.01,,,,,,174.56,0.01607,0.58,0.01737,0.00541,180.4,6.353,638.1,0.00122,1000.03,-9.3,,,0.00012,1.2e-05,2.8e-05,0.029703,0.062877,0.001481,-5.15,62.16,10049.51065054692,27.476782622383126,10862.476664592408,8.3058e-06,0.99,0.98,4.35,1.45,7330000000.0,,74.8,,,,fluid,coevolve,,,,,150.37207354249355,EarthChem,LC28,whole_rock,"IGNEOUS,VOLCANIC,MAFIC,BASALT",LC28,-46.75,37.75,304.08071074101133,98.3193663663,46.699,2.558,13.08333333,12.10666667,,10.8936997,0.1646666667,11.05366667,10.238,3.083333333,0.2413333333,,0.3043333333,87.526,63.601,,232.555,238.612,84.508,345.0,,69.135,420.352,,,,,,,,30.225,,,27.92,38.675,,,9.85,24.5,,,429.06,,,4.0,,,,,22.34,,189.31,3186221.0,154.0,Cenozoic volcanic rocks,intermediate-felsic volcanic rocks,,421.0,Quaternary,474.0,Tertiary,#F2F91D,0.0,66.0,Cenozoic,subsurface_fluid,subsurface_sample,subsurface
LP_220401,LP_220401_F,CHL22,LP,Lagu Paricota,32,SAM,CHL,2022.0,2022-04-01,plate margin,convergent,oceanic-continental subduction,volcanic arc,subaerial,Spring,,,,igneous,ign_volcanic,Cenozoic volcanic rocks,,-19.23299,-69.0104,4157.0,24.9,7.45,1.08,114.7,95.1,7.87,543.0,0.05,51.0,84.1,0.16,,0.01,13.32,65.229,,0.976,117.425,,0.3161,42.138,0.0,8.578,6.887,22.442,8.494,16.631,53.028,0.108,1.526,,1063.9,8.641,2.767,1.001,,4841.3,37.651,,2.755,0.0,679.732,75.102,378.966,0.471,1.404,,,0.084,129.894,38.249,0.105,0.29,,1.977,,,0.0,,,,,0.027,,0.0,,0.532,0.06,0.062,,,,,,,,,,,,,,,,,,,,,,,,,,,,,,,,,,,,,,,,,,,,,,,,,-103.74,-12.75,-5.21,,,,,,,,,,,,,,0.0,,,,0.000144,2e-05,4.6e-05,0.091996,0.181484,0.004404,-10.54,-43.81,,,,4.03e-08,1.44,1.21,0.9,0.25,153000000000.0,,22.0,,,,fluid,coevolve,,,,,48.34589857608047,EarthChem,LC28,whole_rock,"IGNEOUS,VOLCANIC,MAFIC,BASALT",LC28,-46.75,37.75,324.2433048913927,98.3193663663,46.699,2.558,13.08333333,12.10666667,,10.8936997,0.1646666667,11.05366667,10.238,3.083333333,0.2413333333,,0.3043333333,87.526,63.601,,232.555,238.612,84.508,345.0,,69.135,420.352,,,,,,,,30.225,,,27.92,38.675,,,9.85,24.5,,,429.06,,,4.0,,,,,22.34,,189.31,3186221.0,154.0,Cenozoic volcanic rocks,intermediate-felsic volcanic rocks,,421.0,Quaternary,474.0,Tertiary,#F2F91D,0.0,66.0,Cenozoic,subsurface_fluid,subsurface_sample,subsurface
LC_220316,LC_220316_F,CHL22,LC,La Chimba,1,SAM,CHL,2022.0,2022-03-16,plate margin,convergent,oceanic-continental subduction,forearc,subaerial,Spring,,,,igneous,ign_volcanic,Cenozoic volcanic rocks,,-23.5629,-70.40019,13.0,40.3,7.34,24.03,164.0,96.5,6.17,12020.0,1.46,114.1,17.81,0.03,,0.01,9.52,5753.145,6.708,100.4,2063.553,,0.1269,2539.006,0.0,78.286,136.719,452.665,11.383,,,0.305,2.032,9.097,62.045,32.076,16.191,,,7883.4,175.679,,114.651,,13.734,36.29,6613.4,0.625,1.958,0.03,,,5.018,21.904,0.355,0.847,0.103,0.455,0.083,,,0.087,,0.057,,0.033,,,0.276,0.544,,3.258,,,,,,,,,,,,,,,,,,,,,,,,,,,,,,,,,,,,,,,,,,,,,,,,,-0.12,0.09,-7.88,,,,,,,,,,,,,,0.0,,,,0.000225,2.6e-05,5.1e-05,0.572692,1.291841,0.029222,-10.98,-50.21,,,,5.39e-08,1.06,2.1,1.1,0.27,349000000000.0,,52.8,,,,fluid,coevolve,,,,,109.20818509251833,EarthChem,LC28,whole_rock,"IGNEOUS,VOLCANIC,MAFIC,BASALT",LC28,-46.75,37.75,304.0378994993882,98.3193663663,46.699,2.558,13.08333333,12.10666667,,10.8936997,0.1646666667,11.05366667,10.238,3.083333333,0.2413333333,,0.3043333333,87.526,63.601,,232.555,238.612,84.508,345.0,,69.135,420.352,,,,,,,,30.225,,,27.92,38.675,,,9.85,24.5,,,429.06,,,4.0,,,,,22.34,,189.31,,,,,,,,,,,,,,subsurface_fluid,subsurface_sample,subsurface
LA_220331,LA_220331_F,CHL22,LA,Lagu Amarilla,29,SAM,CHL,2022.0,2022-03-31,plate margin,convergent,oceanic-continental subduction,volcanic arc,subaerial,Volcanic lake,,,,igneous,ign_volcanic,Cenozoic volcanic rocks,,-19.05879,-69.252772,3728.0,35.5,6.77,20.88,94.8,86.5,5.96,10430.0,1.22,360.3,40.55,1.16,,0.01,7.12,5534.003,7.781,,1040.717,,17.24,1995.333,0.0,261.654,35.155,642.069,0.434,2435.1,,0.066,1.673,0.552,390.213,10.539,3.232,0.48,0.509,124610.4,30.955,,2.412,0.0,23590.2,4647.6,14016.6,0.372,1.964,,0.0,0.0,7677.2,109.343,0.089,0.155,0.009,0.559,,0.0,,,0.0,0.0,,,,,18.468,0.48,,0.11,,,,,,,,,,,,,,,,,,,,,,,,,,,,,,,,,,,,,,,,,,,,,,,,,-77.89,-7.56,3.93,,,,,,,,,,,,,,0.0,,,,0.004357,9e-06,4.9e-05,0.067697,0.258125,0.005574,-1.08,-0.81,,,,5.23947e-05,2.29,2.29,309.76,101.52,0.0,,211.2,,,,fluid,coevolve,,,,,425.7511993554167,EarthChem,LC28,whole_rock,"IGNEOUS,VOLCANIC,MAFIC,BASALT",LC28,-46.75,37.75,554.2211417559737,98.3193663663,46.699,2.558,13.08333333,12.10666667,,10.8936997,0.1646666667,11.05366667,10.238,3.083333333,0.2413333333,,0.3043333333,87.526,63.601,,232.555,238.612,84.508,345.0,,69.135,420.352,,,,,,,,30.225,,,27.92,38.675,,,9.85,24.5,,,429.06,,,4.0,,,,,22.34,,189.31,3186221.0,154.0,Cenozoic volcanic rocks,intermediate-felsic volcanic rocks,,421.0,Quaternary,474.0,Tertiary,#F2F91D,0.0,66.0,Cenozoic,subsurface_fluid,subsurface_sample,subsurface
AV_220320,AV_220320_F,CHL22,AV,Alitar verde,6,SAM,CHL,2022.0,2022-03-20,plate margin,convergent,oceanic-continental subduction,volcanic arc,subaerial,Spring,,,,igneous,ign_volcanic,Cenozoic volcanic rocks,,-23.14915,-67.65849,4705.0,68.2,5.95,5.33,-49.9,13.0,0.57,2609.0,0.27,99.0,260.0,0.08,,0.25,1.26,102.337,,,1056.334,,0.8403,255.466,39.668,77.471,19.706,51.597,1.189,2133.4,1866.5,0.102,,0.855,1204.7,,15.264,2.615,0.23,67223.2,82.97,,2.362,,38206.9,698.32,294.957,,1.021,,0.355,,1410.8,54.614,0.123,0.272,,2.577,,0.015,,0.08,0.0,0.019,,0.033,,0.0,,0.625,,0.334,,,,,,,,,,,,,,,,,,,,,,,,,,,,,,,,,,,,,,,,,,,,,,,,,-35.81,6.05,-3.23,,,,,993.54,0.5086,2.72,0.00361,0.00299,0.00701,0.02371,3.202,9.98e-05,1000.01,-8.7,-50.6,,,,,,,,-8.79,-96.39,275218.8365650969,41903.83804301982,1953.4801415650804,7.985e-07,3.28,3.29,169.92,65.56,60400000000.0,,,,,,fluid,coevolve,,,,,292.32667678295724,EarthChem,LC28,whole_rock,"IGNEOUS,VOLCANIC,MAFIC,BASALT",LC28,-46.75,37.75,234.18231073005938,98.3193663663,46.699,2.558,13.08333333,12.10666667,,10.8936997,0.1646666667,11.05366667,10.238,3.083333333,0.2413333333,,0.3043333333,87.526,63.601,,232.555,238.612,84.508,345.0,,69.135,420.352,,,,,,,,30.225,,,27.92,38.675,,,9.85,24.5,,,429.06,,,4.0,,,,,22.34,,189.31,3186221.0,154.0,Cenozoic volcanic rocks,intermediate-felsic volcanic rocks,,421.0,Quaternary,474.0,Tertiary,#F2F91D,0.0,66.0,Cenozoic,subsurface_fluid,subsurface_sample,subsurface
EQ_220330,EQ_220330_F,CHL22,EQ,Termales Enquelga,26,SAM,CHL,2022.0,2022-03-30,plate margin,convergent,oceanic-continental subduction,volcanic arc,subaerial,Spring,,,,igneous,ign_volcanic,Cenozoic volcanic rocks,,-19.23506,-68.79199,3901.0,30.1,6.02,4.43,166.0,35.0,2.64,2211.0,0.23,288.3,20.58,0.04,,0.14,136.08,178.115,,2.107,833.351,,0.2335,170.407,0.0,40.667,62.951,138.866,25.626,5.765,,0.06,1.938,,,,9.656,0.241,,5917.8,,,2.965,0.0,83.392,200.784,1123.3,0.59,5.659,,,0.084,25.96,17.982,0.26,0.469,0.052,0.561,,,,0.027,0.003,0.019,,,,,,0.583,0.035,6.005,,,,,,,,,,,,,,,,,,,,,,,,,,,,,,,,,,,,,,,,,,,,,,,,,-114.54,-14.36,-1.45,,,,,,,,,,,,,,0.0,,,,0.000282,2e-05,0.000101,0.018723,0.045919,0.001114,-7.09,-26.04,,,,2.95e-07,2.84,3.0,11.96,3.21,168000000000.0,,382.8,,,,fluid,coevolve,,,,,766.7967929016469,MORB,MARR189,whole_rock,BASALT,MARR189,-15.014,-13.415,99.64544984771305,98.85999999999999,49.8,1.63,15.77,,,8.66,0.19,7.2,10.64,3.29,0.62,,1.06,76.0,41.1,0.36,105.0,265.0,86.4,92.8,,24.69,249.0,5.33,3.23,1.38,16.7,4.49,,1.15,11.02,5.7,0.44,16.02,14.74,0.84,3.25,9.02,36.7,1.09,1.25,243.0,1.33,0.84,1.158,1.62,0.03,0.338,0.29,30.7,2.96,135.6,3186221.0,154.0,Cenozoic volcanic rocks,intermediate-felsic volcanic rocks,,421.0,Quaternary,474.0,Tertiary,#F2F91D,0.0,66.0,Cenozoic,subsurface_fluid,subsurface_sample,subsurface
LV_220331,LV_220331_F,CHL22,LV,Lagu Verde,31,SAM,CHL,2022.0,2022-03-31,plate margin,convergent,oceanic-continental subduction,volcanic arc,subaerial,Volcanic lake,,,,igneous,ign_volcanic,Cenozoic volcanic rocks,,-19.057009,-69.253399,3731.0,49.1,5.6,28.91,,,,14651.45,1.8,120.1,138.65,0.07,,0.01,10.92,4386.443,7.22,,865.881,,16.469,1645.493,0.0,216.607,30.264,541.554,0.334,2249.4,,,1.303,,406.261,9.405,2.629,,0.301,120866.0,27.821,,1.836,0.0,22102.8,4823.6,14540.0,0.468,1.664,,,0.0,8133.6,106.736,0.099,0.174,,0.568,,,,0.02,,,,0.0,,,18.742,0.213,,0.072,,,,,,,,,,,,,,,,,,,,,,,,,,,,,,,,,,,,,,,,,,,,,,,,,-75.49,-0.9,,,,,,963.35,7.703,0.01,0.01633,0.00012,0.4556,0.6866,27.78,8.91e-05,1000.0,,,,,,,,,,-3.29,-16.8,58992.65156154317,1403.073113894553,125.06166428664157,1.2262e-05,2.2,2.21,95.04,29.93,19300000000.0,,,,,,fluid,coevolve,,,,,620.2176821364747,MORB,MARR187,whole_rock,BASALT,MARR187,-12.919,-14.611,64.3831097379459,99.64,50.33,1.18,16.11,,,8.67,0.18,8.65,11.33,2.69,0.11,,0.39,82.0,46.5,0.31,185.0,253.0,87.4,21.5,,9.79,354.0,4.83,3.02,1.09,15.8,3.77,1.82,1.05,3.25,4.6,0.42,3.58,8.5,0.37,1.61,1.58,35.3,2.96,0.76,127.0,0.23,0.73,0.217,1.34,0.017,0.06,0.08,28.2,2.8,84.8,3186221.0,154.0,Cenozoic volcanic rocks,intermediate-felsic volcanic rocks,,421.0,Quaternary,474.0,Tertiary,#F2F91D,0.0,66.0,Cenozoic,subsurface_fluid,subsurface_sample,subsurface
CA_220323,CA_220323_F,CHL22,CA,Cabana,10,SAM,CHL,2022.0,2022-03-23,plate margin,convergent,oceanic-continental subduction,volcanic arc,subaerial,Spring,,,,igneous,ign_volcanic,Cenozoic volcanic rocks,,-22.06502,-68.05921,4061.0,25.0,7.36,0.8,239.6,56.7,4.68,395.0,0.04,102.1,100.9,0.08,,0.0,17.64,15.014,,1.945,40.684,,0.1475,26.449,0.0,4.76,5.746,14.997,33.308,3.576,28.768,0.066,,,744.894,,3.899,1.465,,2371.1,37.185,0.0,2.677,0.0,276.22,38.337,206.522,,0.715,0.309,0.566,0.0,37.3,4.487,0.084,0.122,,1.442,,,0.0,,,,0.0,0.0,,,0.039,0.457,,2.128,,,,,,,,,,,,,,,,,,,,,,,,,,,,,,,,,,,,,,,,,,,,,,,,,-88.5,-11.36,-1.5,,,,,,,,,,,,,,0.0,,,,,,,,,,-11.85,35.24,,,,3.46e-08,1.25,2.3,0.97,0.31,418000000000.0,,48.4,,,,fluid,coevolve,,,,,98.46021446693334,MORB,MARR189,whole_rock,BASALT,MARR189,-15.014,-13.415,113.81629799749211,98.85999999999999,49.8,1.63,15.77,,,8.66,0.19,7.2,10.64,3.29,0.62,,1.06,76.0,41.1,0.36,105.0,265.0,86.4,92.8,,24.69,249.0,5.33,3.23,1.38,16.7,4.49,,1.15,11.02,5.7,0.44,16.02,14.74,0.84,3.25,9.02,36.7,1.09,1.25,243.0,1.33,0.84,1.158,1.62,0.03,0.338,0.29,30.7,2.96,135.6,3186221.0,154.0,Cenozoic volcanic rocks,intermediate-felsic volcanic rocks,,421.0,Quaternary,474.0,Tertiary,#F2F91D,0.0,66.0,Cenozoic,subsurface_fluid,subsurface_sample,subsurface
GB_220322,GB_220322_F,CHL22,GB,Geyser Blanco,9,SAM,CHL,2022.0,2022-03-22,plate margin,convergent,oceanic-continental subduction,volcanic arc,subaerial,Spring,,,,igneous,ign_volcanic,Cenozoic volcanic rocks,,-22.35696,-68.02258,4287.0,83.1,6.58,12.71,75.5,20.0,0.75,6397.0,0.71,225.2,164.27,0.09,,0.8,5.93,2158.962,2.278,,70.772,,9.237,966.022,0.0,89.58,12.083,78.174,5.447,350.25,37.097,0.216,,0.677,836.693,7.673,22.208,17.939,0.057,48915.0,48.131,,1.907,,14346.8,1400.0,1374.2,,0.967,0.033,0.519,0.084,4882.0,409.375,0.087,0.155,,1.712,,,0.0,0.027,0.0,,0.0,,,0.0,7.613,0.945,,1.139,,,,,,,,,,,,,,,,,,,,,,,,,,,,,,,,,,,,,,,,,,,,,,,,,-62.44,-7.11,-3.53,,,,,982.54661,0.02533,0.03967,0.00141,0.000131,0.10149,0.28957,16.83856,0.000108,999.84,-9.3,,,0.000137,1.9e-05,7.7e-05,0.011453,0.030715,0.000528,-6.88,-68.02,696841.5673758865,3393.1229409123875,38789.83853138571,1.93e-08,1.55,1.8,2.28,0.83,1980000000000.0,,162.8,,,,fluid,coevolve,,,,,326.7795710295428,MORB,MARR189,whole_rock,BASALT,MARR189,-15.014,-13.415,78.20844430308449,98.85999999999999,49.8,1.63,15.77,,,8.66,0.19,7.2,10.64,3.29,0.62,,1.06,76.0,41.1,0.36,105.0,265.0,86.4,92.8,,24.69,249.0,5.33,3.23,1.38,16.7,4.49,,1.15,11.02,5.7,0.44,16.02,14.74,0.84,3.25,9.02,36.7,1.09,1.25,243.0,1.33,0.84,1.158,1.62,0.03,0.338,0.29,30.7,2.96,135.6,3186221.0,154.0,Cenozoic volcanic rocks,intermediate-felsic volcanic rocks,,421.0,Quaternary,474.0,Tertiary,#F2F91D,0.0,66.0,Cenozoic,subsurface_fluid,subsurface_sample,subsurface
CC_220324,CC_220324_F,CHL22,CC,Vega Churchilla,12,SAM,CHL,2022.0,2022-03-24,plate margin,convergent,oceanic-continental subduction,volcanic arc,subaerial,Spring,,,,igneous,ign_volcanic,Cenozoic volcanic rocks,,-21.025147,-68.450836,4266.0,20.3,7.85,0.09,239.2,57.4,5.19,45.0,0.0,60.1,93.45,0.09,,0.03,32.5,6.865,,0.906,58.973,,0.0274,16.439,,7.735,5.217,13.307,32.023,0.692,47.989,,,0.726,149.941,,4.618,0.32,,1889.0,,,1.132,0.0,10.434,42.569,89.251,,1.408,,0.988,,2.563,8.979,0.029,0.051,,0.08,,,,,0.0,0.0,0.0,,,,0.017,0.147,,0.04,,,,,,,,,,,,,,,,,,,,,,,,,,,,,,,,,,,,,,,,,,,,,,,,,-108.89,-14.29,,,,,,,,,,,,,,,0.0,,,,0.00011,1.4e-05,2.7e-05,0.013385,0.025316,0.000601,-5.14,-40.13,,,,2.64e-08,1.18,0.02,0.69,0.22,321000000000.0,,26.4,,,,fluid,coevolve,,,,,54.453044740431714,MORB,MARR189,whole_rock,BASALT,MARR189,-15.014,-13.415,58.52714821673949,98.85999999999999,49.8,1.63,15.77,,,8.66,0.19,7.2,10.64,3.29,0.62,,1.06,76.0,41.1,0.36,105.0,265.0,86.4,92.8,,24.69,249.0,5.33,3.23,1.38,16.7,4.49,,1.15,11.02,5.7,0.44,16.02,14.74,0.84,3.25,9.02,36.7,1.09,1.25,243.0,1.33,0.84,1.158,1.62,0.03,0.338,0.29,30.7,2.96,135.6,3186221.0,154.0,Cenozoic volcanic rocks,intermediate-felsic volcanic rocks,,421.0,Quaternary,474.0,Tertiary,#F2F91D,0.0,66.0,Cenozoic,subsurface_fluid,subsurface_sample,subsurface
PQ_220401,PQ_220401_F,CHL22,PQ,Bano Polio Quieres Salar Surire,33,SAM,CHL,2022.0,2022-04-01,plate margin,convergent,oceanic-continental subduction,volcanic arc,subaerial,Spring,,,,igneous,ign_volcanic,Cenozoic volcanic rocks,,-18.91319,-68.99922,4283.0,63.4,5.75,15.17,-189.1,48.5,2.27,7606.0,0.86,147.1,144.41,0.12,,0.04,37.83,2201.048,3.575,,1038.002,,6.089,1073.741,0.0,189.626,45.396,192.619,0.349,2705.7,493.097,0.098,,0.489,693.951,,0.085,17.419,1.379,41596.5,35.744,0.0,2.935,,1341.8,2139.8,5424.1,0.802,1.716,,,,1879.5,113.129,0.141,0.228,0.03,1.298,,,,0.12,,,,,,,,0.362,,0.023,,,,,,,,,,,,,,,,,,,,,,,,,,,,,,,,,,,,,,,,,,,,,,,,,-104.81,-12.5,1.69,,,,,930.31,12.8,0.44,0.02309,0.1032,4.062,1.011,51.24,0.00063,999.99,-3.7,-17.1,,0.000986,2.9e-05,0.000112,0.001988,0.030446,0.000871,-3.63,-21.8,40290.601992204414,920.1879327398616,72.68046874999999,,,,,,,,,,,,fluid,coevolve,,,,,596.2563231853012,MORB,MARR189,whole_rock,BASALT,MARR189,-15.014,-13.415,56.20321527180477,98.85999999999999,49.8,1.63,15.77,,,8.66,0.19,7.2,10.64,3.29,0.62,,1.06,76.0,41.1,0.36,105.0,265.0,86.4,92.8,,24.69,249.0,5.33,3.23,1.38,16.7,4.49,,1.15,11.02,5.7,0.44,16.02,14.74,0.84,3.25,9.02,36.7,1.09,1.25,243.0,1.33,0.84,1.158,1.62,0.03,0.338,0.29,30.7,2.96,135.6,3186221.0,154.0,Cenozoic volcanic rocks,intermediate-felsic volcanic rocks,,421.0,Quaternary,474.0,Tertiary,#F2F91D,0.0,66.0,Cenozoic,subsurface_fluid,subsurface_sample,subsurface
SR_220328,SR_220328_F,CHL22,SR,Santa Rosita,21,SAM,CHL,2022.0,2022-03-28,plate margin,convergent,oceanic-continental subduction,volcanic arc,subaerial,Spring,,,,sedimentary,sedimentary,Cenozoic sedimentary rocks,,-20.540457,-69.325972,1322.0,34.8,8.26,8.09,140.0,20.3,1.41,4045.0,0.44,54.0,53.37,0.09,,,0.67,1202.433,1.929,2.799,735.826,,0.4278,565.609,0.0,4.766,1.272,293.36,9.861,8.69,,0.205,2.086,1.234,1319.9,6.039,10.469,1.965,,9589.2,59.769,,3.813,0.855,15.495,28.451,814.852,0.354,1.151,,,,6.1,11.241,0.145,0.319,0.019,2.207,,0.0,,,,0.0,,,,,,0.646,,0.362,,,,,,,,,,,,,,,,,,,,,,,,,,,,,,,,,,,,,,,,,,,,,,,,,-72.14,-8.76,-7.73,,,,,,,,,,,,,,0.0,,,,0.000247,0.005839,8.9e-05,0.069646,0.857297,0.007872,-10.59,-40.77,,,,,,,,,,,,,,,fluid,coevolve,,,,,47.37064154258959,MORB,MARR189,whole_rock,BASALT,MARR189,-15.014,-13.415,58.52714821673949,98.85999999999999,49.8,1.63,15.77,,,8.66,0.19,7.2,10.64,3.29,0.62,,1.06,76.0,41.1,0.36,105.0,265.0,86.4,92.8,,24.69,249.0,5.33,3.23,1.38,16.7,4.49,,1.15,11.02,5.7,0.44,16.02,14.74,0.84,3.25,9.02,36.7,1.09,1.25,243.0,1.33,0.84,1.158,1.62,0.03,0.338,0.29,30.7,2.96,135.6,3186157.0,154.0,Cenozoic sedimentary rocks,sedimentary rocks,,421.0,Quaternary,421.0,Quaternary,#F9F97F,0.0,2.588,Cenozoic,subsurface_fluid,subsurface_sample,subsurface
RS_220319,RS_220319_F,CHL22,RS,Rio Salado,4,SAM,CHL,2022.0,2022-03-19,plate margin,convergent,oceanic-continental subduction,volcanic arc,subaerial,Spring,,,,igneous,ign_volcanic,Cenozoic volcanic rocks,,-22.27811,-68.22771,3084.0,22.24,6.01,9.11,223.0,0.6,0.05,4554.0,0.58,792.0,101.54,0.08,,2.0,1.89,1979.365,,1.34,112.58,,3.411,900.899,0.0,69.343,75.634,244.81,17.124,6409.0,30.686,12.5,11.689,,715.478,,4.719,0.573,0.538,15212.5,44.069,,3.034,0.0,380.107,311.387,7886.7,1.587,1.9,,,11.171,172.488,17.112,,0.378,0.021,1.209,,,0.062,0.08,,0.104,0.009,0.093,,,0.663,0.426,,15.682,,,,,,,,,,,,,,,,,,,,,,,,,,,,,,,,,,,,,,,,,,,,,,,,,-53.82,-7.3,2.59,,,,,937.57,0.01375,0.36,0.04341,0.00227,2.18,0.9905,58.84,0.00251,1000.0,-5.5,,,0.001066,1.7e-05,0.00021,0.005948,0.029356,0.000465,-3.97,73.56,21598.018889656763,946.5623422513881,68186.90909090909,4.3269e-06,0.99,1.13,0.92,0.29,15700000000.0,,,,,,fluid,coevolve,,,,,2282.1683048824593,MORB,MARR189,whole_rock,BASALT,MARR189,-15.014,-13.415,58.52714821673949,98.85999999999999,49.8,1.63,15.77,,,8.66,0.19,7.2,10.64,3.29,0.62,,1.06,76.0,41.1,0.36,105.0,265.0,86.4,92.8,,24.69,249.0,5.33,3.23,1.38,16.7,4.49,,1.15,11.02,5.7,0.44,16.02,14.74,0.84,3.25,9.02,36.7,1.09,1.25,243.0,1.33,0.84,1.158,1.62,0.03,0.338,0.29,30.7,2.96,135.6,3186221.0,154.0,Cenozoic volcanic rocks,intermediate-felsic volcanic rocks,,421.0,Quaternary,474.0,Tertiary,#F2F91D,0.0,66.0,Cenozoic,subsurface_fluid,subsurface_sample,subsurface
CH_220319,CH_220319_F,CHL22,CH,El Chitór,3,SAM,CHL,2022.0,2022-03-19,plate margin,convergent,oceanic-continental subduction,volcanic arc,subaerial,Spring,,,,igneous,ign_volcanic,Cenozoic volcanic rocks,,-22.41729,-68.1726,3754.0,21.7,5.77,8.49,9.6,0.0,0.0,4243.0,0.47,480.4,129.06,0.06,,0.1,0.32,1157.215,,,113.194,,0.2896,612.707,0.0,11.963,55.675,100.134,0.882,645.924,7320.6,6.785,9.163,,246.707,5.067,6.391,,,10139.1,18.762,,1.433,0.0,369.901,112.834,1297.3,0.451,1.41,,0.152,,50.675,59.96,0.037,0.04,,0.399,0.0,,0.0,,,,,,,,0.588,1.66,,1.26,,,,,,,,,,,,,,,,,,,,,,,,,,,,,,,,,,,,,,,,,,,,,,,,,-47.46,-7.21,1.34,,,,,946.9,0.05304,0.17,0.00758,0.01626,12.0,0.859,39.99,0.00076,1000.0,-6.6,,,0.000922,2.7e-05,0.000361,0.005248,0.027485,0.000405,-5.24,-85.21,124920.84432717678,1102.3282887077999,17852.5641025641,4.3814e-06,1.03,1.89,1.03,0.33,87700000000.0,,,,,,fluid,coevolve,,,,,2107.3821040813823,MORB,JUAN8,whole_rock,BASALT,JUAN10,47.025,-129.184,60.21440401396793,99.55999999999999,50.33,1.87,14.05,,,11.8,0.2,6.95,11.47,2.57,0.15,,0.17,66.0,44.8,0.55,77.0,385.0,93.0,22.8,0.67,12.78,206.0,6.74,4.38,1.39,17.6,5.23,3.01,1.46,4.4,6.2,0.64,4.06,11.19,0.52,2.13,2.24,43.4,3.96,,96.0,0.3,0.99,0.287,,,0.11,,38.3,4.27,105.9,3186221.0,154.0,Cenozoic volcanic rocks,intermediate-felsic volcanic rocks,,421.0,Quaternary,474.0,Tertiary,#F2F91D,0.0,66.0,Cenozoic,subsurface_fluid,subsurface_sample,subsurface
TL_220327,TL_220327_F,CHL22,TL,Termales Lirima,18,SAM,CHL,2022.0,2022-03-27,plate margin,convergent,oceanic-continental subduction,volcanic arc,subaerial,Spring,,,,igneous,ign_volcanic,Cenozoic volcanic rocks,,-19.85184,-68.90653,3999.0,68.7,6.28,4.36,-185.7,17.3,0.76,2180.0,0.22,117.1,250.0,0.12,,0.01,12.53,336.183,0.889,,311.522,,2.814,288.631,0.569,31.666,2.1,41.902,0.28,168.7,72.163,0.114,,0.779,864.333,,,130.054,0.691,12910.2,188.965,,1.308,,630.818,588.579,1580.2,0.334,1.531,,0.614,,790.515,101.375,0.121,0.197,0.017,1.371,0.0,,,,0.0,,,,,0.0,0.008,0.477,0.031,0.038,,,,,,,,,,,,,,,,,,,,,,,,,,,,,,,,,,,,,,,,,,,,,,,,,-103.68,-12.61,-1.44,,,,,484.29,105.4,7.55,0.3563,0.6166,0.2018,6.123,395.5,0.00149,1000.04,-3.6,-29.3,,0.003266,2.2e-05,0.000119,0.002774,0.044863,0.001171,-5.55,-28.05,1359.2197586303678,79.09358157765801,4.594781783681214,4.25e-06,1.05,0.53,0.9,0.29,78100000000.0,,,,,,fluid,coevolve,,,,,216.92633292043737,MORB,JUAN8,whole_rock,BASALT,JUAN10,47.025,-129.184,60.21440401396793,99.55999999999999,50.33,1.87,14.05,,,11.8,0.2,6.95,11.47,2.57,0.15,,0.17,66.0,44.8,0.55,77.0,385.0,93.0,22.8,0.67,12.78,206.0,6.74,4.38,1.39,17.6,5.23,3.01,1.46,4.4,6.2,0.64,4.06,11.19,0.52,2.13,2.24,43.4,3.96,,96.0,0.3,0.99,0.287,,,0.11,,38.3,4.27,105.9,3186221.0,154.0,Cenozoic volcanic rocks,intermediate-felsic volcanic rocks,,421.0,Quaternary,474.0,Tertiary,#F2F91D,0.0,66.0,Cenozoic,subsurface_fluid,subsurface_sample,subsurface
CU_220402,CU_220402_F,CHL22,CU,Las Cuevas,36,SAM,CHL,2022.0,2022-04-02,plate margin,convergent,oceanic-continental subduction,volcanic arc,subaerial,Spring,,,,igneous,ign_volcanic,Cenozoic volcanic rocks,,-18.16997,-69.43094,4473.0,33.7,6.44,4.35,149.1,55.5,3.94,2184.0,0.23,249.2,77.81,0.12,,0.01,6.66,370.531,,,236.276,,0.7167,313.64,0.299,6.635,8.655,64.686,5.152,3.171,,0.078,1.717,1.004,,8.904,0.85,0.186,,25705.1,29.12,0.862,2.045,0.0,488.321,94.896,2537.2,0.372,1.331,,,0.042,440.166,58.017,0.105,0.186,0.039,0.867,,,,0.033,,0.019,,,,0.003,0.083,0.281,0.029,6.296,,,,,,,,,,,,,,,,,,,,,,,,,,,,,,,,,,,,,,,,,,,,,,,,,-115.48,-14.73,-3.78,,,,,,,,,,,,,,0.0,,,,0.000636,5.4e-05,8.6e-05,0.014885,0.03981,0.000726,-7.0,-26.52,,,,8.07937e-05,1.22,1.22,72.9,25.35,0.0,,,,,,fluid,coevolve,,,,,382.50977462660387,MORB,JUAN8,whole_rock,BASALT,JUAN10,47.025,-129.184,60.21440401396793,99.55999999999999,50.33,1.87,14.05,,,11.8,0.2,6.95,11.47,2.57,0.15,,0.17,66.0,44.8,0.55,77.0,385.0,93.0,22.8,0.67,12.78,206.0,6.74,4.38,1.39,17.6,5.23,3.01,1.46,4.4,6.2,0.64,4.06,11.19,0.52,2.13,2.24,43.4,3.96,,96.0,0.3,0.99,0.287,,,0.11,,38.3,4.27,105.9,3186221.0,154.0,Cenozoic volcanic rocks,intermediate-felsic volcanic rocks,,421.0,Quaternary,474.0,Tertiary,#F2F91D,0.0,66.0,Cenozoic,subsurface_fluid,subsurface_sample,subsurface
CN_220327,CN_220327_F,CHL22,CN,Termales Cancosa,17,SAM,CHL,2022.0,2022-03-27,plate margin,convergent,oceanic-continental subduction,volcanic arc,subaerial,Spring,,,,igneous,ign_volcanic,Cenozoic volcanic rocks,,-19.88536,-68.6013,3906.0,37.2,6.23,16.64,-18.0,8.5,0.57,8323.0,0.96,819.7,160.14,0.12,,0.01,7.56,1275.496,3.154,,1654.541,,5.565,1468.037,0.0,197.166,41.948,215.922,0.841,2870.0,3900.5,,,,534.506,,17.751,,1.76,39347.0,38.258,,1.014,0.0,1848.1,1591.6,2379.5,0.314,1.127,,0.559,,1530.6,47.225,0.095,0.149,,0.823,0.042,,0.0,,,,0.0,,,,0.136,0.265,,0.523,,,,,,,,,,,,,,,,,,,,,,,,,,,,,,,,,,,,,,,,,,,,,,,,,-111.36,-12.53,1.48,,,,,997.63,0.05579,0.05,0.00105,0.00089,0.3121,0.04676,1.904,8.68e-05,1000.0,-6.9,-65.8,,0.000667,0.000162,0.000131,0.003616,0.017788,0.001088,,,950123.8095238096,21335.115483319074,17881.878472844597,4.073e-06,1.03,0.68,0.92,0.29,665000000000.0,,,,,,fluid,coevolve,,,,,1571.8624384704754,EarthChem,UJ-10B,whole_rock,"IGNEOUS, VOLCANIC, MAFIC, BASALT",UJ-10B,34.45,139.3,16.18917405841294,98.71549774900001,50.792,0.742,15.482,10.60501411,,9.542497749,0.154,9.912,9.966,1.682,0.315,,0.128,,,,102.2393093,239.320509,,109.5252438,0.427,14.95,,3.183,1.772,0.98,15.17475485,3.037,,0.652,6.128,8.85,0.274,1.591,10.02,2.27,,5.12,,2.684,,481.8099727,0.1074,0.491,0.684,,0.025,0.184,,16.8,1.813,54.9,3186221.0,154.0,Cenozoic volcanic rocks,intermediate-felsic volcanic rocks,,421.0,Quaternary,474.0,Tertiary,#F2F91D,0.0,66.0,Cenozoic,subsurface_fluid,subsurface_sample,subsurface
SF2A_230609_B1,SF2A_230609_B1,CN523,SF2A,Secca delle Fumose emissioni fredde,,EUR,ITA,2023.0,2023-06-09,plate margin,convergent,oceanic-continental subduction,volcanic arc,submarine,Shallow-vent,V312FX,WFS,,igneous,sed_volcaniclastic,Quaternary deposits,sodium-chloride,40.822403,14.087899,10.0,72.0,5.95,32.95,43.3,23.7,1.53,16480.0,2.04,300.0,430.0,11140.0,0.09,,,12426.896,55.471,0.0,1944.884,0.0,0.0,9506.617,52.466,401.784,1543.069,959.076,4.42,25.68,6.63,,,0.19,26.27,,13.0,0.45,0.0,6758.15,5.88,0.0,0.0,0.04,25.31,275.01,9866.37,0.0,1.49,0.0,0.0,0.0,142.26,29.31,0.0,0.08,0.01,0.0,0.0,0.0,0.0,0.01,0.0,0.0,0.0,0.0,0.0,0.0,0.02,0.53,0.0,3.98,,,,,,,,,,,,,,,,,,,,,,,,,,,,,,,,,,,,,,,,,,,,,,,,,,,,,,,,,,,,,,,,,0.0,,,,,,,,,,,,,,,,,,,,,,,,,,biofilm,coevolve,,,,,907.0484713938945,EarthChem,UJ-10B,whole_rock,"IGNEOUS, VOLCANIC, MAFIC, BASALT",UJ-10B,34.45,139.3,16.18917405841294,98.71549774900001,50.792,0.742,15.482,10.60501411,,9.542497749,0.154,9.912,9.966,1.682,0.315,,0.128,,,,102.2393093,239.320509,,109.5252438,0.427,14.95,,3.183,1.772,0.98,15.17475485,3.037,,0.652,6.128,8.85,0.274,1.591,10.02,2.27,,5.12,,2.684,,481.8099727,0.1074,0.491,0.684,,0.025,0.184,,16.8,1.813,54.9,3147022.0,147.0,Quaternary trachyte,"Major:{trachyte}, Minor{latite,phonolitic tephrite, tephritic phonolite}",,421.0,Quaternary,421.0,Quaternary,#F9F97F,0.0,2.588,Cenozoic,subsurface_biofilm,subsurface_sample,subsurface
SF2B_230609_B1,SF2B_230609_B1,CN523,SF2B,Secca delle Fumose emissioni fredde,,EUR,ITA,2023.0,2023-06-09,plate margin,convergent,oceanic-continental subduction,volcanic arc,submarine,Shallow-vent,V112FX,WMS,,igneous,sed_volcaniclastic,Quaternary deposits,sodium-chloride,40.8226612,14.0878066,12.0,51.6,6.34,56.04,-55.8,93.7,6.64,28020.0,3.73,217.5,80.0,2890.0,0.06,,,20541.78,72.04,0.0,2741.648,0.0,0.0,11831.49,0.0,460.772,1675.859,741.422,2.12,129.63,26.39,0.03,,,1.56,,4.42,3.42,,,,,,,,,,,,,,,,,,,,,,,,,,,,,,,,,,,,,,,,,,,,,,,,,,,,,,,,,,,,,,,,,,,,,,,,,,,,,,,,,,,,,,,,,,,,,,,,,,,0.0,,,,,,,,,,,,,,,,,,,,,,,,,,biofilm,coevolve,,,,,360.8475304788813,EarthChem,UJ-10B,whole_rock,"IGNEOUS, VOLCANIC, MAFIC, BASALT",UJ-10B,34.45,139.3,16.18917405841294,98.71549774900001,50.792,0.742,15.482,10.60501411,,9.542497749,0.154,9.912,9.966,1.682,0.315,,0.128,,,,102.2393093,239.320509,,109.5252438,0.427,14.95,,3.183,1.772,0.98,15.17475485,3.037,,0.652,6.128,8.85,0.274,1.591,10.02,2.27,,5.12,,2.684,,481.8099727,0.1074,0.491,0.684,,0.025,0.184,,16.8,1.813,54.9,3147022.0,147.0,Quaternary trachyte,"Major:{trachyte}, Minor{latite,phonolitic tephrite, tephritic phonolite}",,421.0,Quaternary,421.0,Quaternary,#F9F97F,0.0,2.588,Cenozoic,subsurface_biofilm,subsurface_sample,subsurface
SF2C_230609_B1,SF2C_230609_B1,CN523,SF2C,Secca delle Fumose emissioni fredde,,EUR,ITA,2023.0,2023-06-09,plate margin,convergent,oceanic-continental subduction,volcanic arc,submarine,Shallow-vent,V112FX,WMS,,igneous,sed_volcaniclastic,Quaternary deposits,sodium-chloride,40.8226612,14.0878066,12.0,51.6,6.34,56.04,-55.8,93.7,6.64,28020.0,3.73,217.5,80.0,2890.0,0.06,,,20541.78,72.04,0.0,2741.648,0.0,0.0,11831.49,0.0,460.772,1675.859,741.422,2.12,129.63,26.39,0.03,,,1.56,,4.42,3.42,,,,,,,,,,,,,,,,,,,,,,,,,,,,,,,,,,,,,,,,,,,,,,,,,,,,,,,,,,,,,,,,,,,,,,,,,,,,,,,,,,,,,,,,,,,,,,,,,,,0.0,,,,,,,,,,,,,,,,,,,,,,,,,,biofilm,coevolve,,,,,360.8475304788813,EarthChem,UJ-10B,whole_rock,"IGNEOUS, VOLCANIC, MAFIC, BASALT",UJ-10B,34.45,139.3,16.18917405841294,98.71549774900001,50.792,0.742,15.482,10.60501411,,9.542497749,0.154,9.912,9.966,1.682,0.315,,0.128,,,,102.2393093,239.320509,,109.5252438,0.427,14.95,,3.183,1.772,0.98,15.17475485,3.037,,0.652,6.128,8.85,0.274,1.591,10.02,2.27,,5.12,,2.684,,481.8099727,0.1074,0.491,0.684,,0.025,0.184,,16.8,1.813,54.9,3147022.0,147.0,Quaternary trachyte,"Major:{trachyte}, Minor{latite,phonolitic tephrite, tephritic phonolite}",,421.0,Quaternary,421.0,Quaternary,#F9F97F,0.0,2.588,Cenozoic,subsurface_biofilm,subsurface_sample,subsurface
SF1D13_230728_F2,SF1D13_230728_F2,CN523,SF1D13,Secca delle Fumose geyser,,EUR,ITA,2023.0,2023-07-28,plate margin,convergent,oceanic-continental subduction,volcanic arc,submarine,Shallow-vent,V402DC,REF,,igneous,sed_volcaniclastic,Quaternary deposits,sodium-chloride,40.82285,14.0877,10.0,73.2,6.24,22.78,22.8,6.7,0.58,0.0,1.38,225.0,0.0,0.0,0.85,,,19244.965,65.982,0.0,2056.013,0.0,0.0,10601.665,0.0,455.696,1203.378,807.091,0.41,817.39,2486.73,,,0.04,2.46,,1.39,8.23,,,,,,,,,,,,,,,,,,,,,,,,,,,,,,,,,,,,,,,,,,,,,,,,,,,,,,,,,,,,,,,,,,,,,,,,,,,,,,,,,,,,,,,,,,,,,,,,,,,0.0,,,,,,,,,,,,,,,,,,,,,,,,,,fluid,coevolve,,,,,448.1584886869191,EarthChem,BM7-3,whole_rock,"IGNEOUS, VOLCANIC, FELSIC, RHYOLITE",BM7-3,44.5225,-110.8268,7.026886584857331,96.70599999999999,73.57,0.263,12.07,,,1.59,0.041,0.17,0.72,3.07,5.18,0.0925,0.032,,,,,,,800.0,,146.0,,10.4,5.97,1.16,,9.88,,,73.4,,0.83,45.4,56.6,30.6,15.7,187.0,,11.1,,49.2,,1.72,24.7,,,5.9,,60.1,5.81,292.0,3147022.0,147.0,Quaternary trachyte,"Major:{trachyte}, Minor{latite,phonolitic tephrite, tephritic phonolite}",,421.0,Quaternary,421.0,Quaternary,#F9F97F,0.0,2.588,Cenozoic,subsurface_fluid,subsurface_sample,subsurface
SF1D13_230728_B2,SF1D13_230728_B2,CN523,SF1D13,Secca delle Fumose geyser,,EUR,ITA,2023.0,2023-07-28,plate margin,convergent,oceanic-continental subduction,volcanic arc,submarine,Shallow-vent,V402DC,REF,,igneous,sed_volcaniclastic,Quaternary deposits,sodium-chloride,40.82285,14.0877,10.0,73.2,6.24,22.78,22.8,6.7,0.58,0.0,1.38,225.0,0.0,0.0,0.85,,,19244.965,65.982,0.0,2056.013,0.0,0.0,10601.665,0.0,455.696,1203.378,807.091,0.41,802.56,2486.73,,,0.04,2.46,,1.39,8.23,,,,,,,,,,,,,,,,,,,,,,,,,,,,,,,,,,,,,,,,,,,,,,,,,,,,,,,,,,,,,,,,,,,,,,,,,,,,,,,,,,,,,,,,,,,,,,,,,,,0.0,,,,,,,,,,,,,,,,,,,,,,,,,,biofilm,coevolve,,,,,448.1584886869191,EarthChem,BM7-3,whole_rock,"IGNEOUS, VOLCANIC, FELSIC, RHYOLITE",BM7-3,44.5225,-110.8268,2.2876501758837553,96.70599999999999,73.57,0.263,12.07,,,1.59,0.041,0.17,0.72,3.07,5.18,0.0925,0.032,,,,,,,800.0,,146.0,,10.4,5.97,1.16,,9.88,,,73.4,,0.83,45.4,56.6,30.6,15.7,187.0,,11.1,,49.2,,1.72,24.7,,,5.9,,60.1,5.81,292.0,3147022.0,147.0,Quaternary trachyte,"Major:{trachyte}, Minor{latite,phonolitic tephrite, tephritic phonolite}",,421.0,Quaternary,421.0,Quaternary,#F9F97F,0.0,2.588,Cenozoic,subsurface_biofilm,subsurface_sample,subsurface
SF1D13_230609_B1,SF1D13_230609_B1,CN523,SF1D13,Secca delle Fumose geyser,,EUR,ITA,2023.0,2023-06-09,plate margin,convergent,oceanic-continental subduction,volcanic arc,submarine,Shallow-vent,V402FX,REF,,igneous,sed_volcaniclastic,Quaternary deposits,sodium-chloride,40.82285,14.0877,10.0,73.2,6.05,21.46,108.0,29.3,2.43,10760.0,1.3,435.0,0.0,0.0,1.68,,,,,,,,,,,,,,,,,,,,,,,,,,,,,,,,,,,,,,,,,,,,,,,,,,,,,,,,,,,,,,,,,,,,,,,,,,,,,,,,,,,,,,,,,,,,,,,,,,,,,,,,,,,,,,,,,,,,,,,,,,0.0,,,,,,,,,,,,,,,,,,,,,,,,,,biofilm,coevolve,,,,,1132.1403922988418,EarthChem,BM7-3,whole_rock,"IGNEOUS, VOLCANIC, FELSIC, RHYOLITE",BM7-3,44.5225,-110.8268,2.8843763598121104,96.70599999999999,73.57,0.263,12.07,,,1.59,0.041,0.17,0.72,3.07,5.18,0.0925,0.032,,,,,,,800.0,,146.0,,10.4,5.97,1.16,,9.88,,,73.4,,0.83,45.4,56.6,30.6,15.7,187.0,,11.1,,49.2,,1.72,24.7,,,5.9,,60.1,5.81,292.0,3147022.0,147.0,Quaternary trachyte,"Major:{trachyte}, Minor{latite,phonolitic tephrite, tephritic phonolite}",,421.0,Quaternary,421.0,Quaternary,#F9F97F,0.0,2.588,Cenozoic,subsurface_biofilm,subsurface_sample,subsurface
EP_170215,EP_170215_F,CR17,EP,Espabel,,CAM,CRI,2017.0,2017-02-15,plate margin,convergent,oceanic-continental subduction,outer forearc,subaerial,Spring,,,,sedimentary,sedimentary,Cretaceous sedimentary,,9.901885,-85.454327,126.0,26.4,9.99,0.2,,4.0,0.32,151.991,0.01,36.0,,,,,,22.949,0.049,,6.245,0.073,,36.88,0.15,0.72,0.26,3.37,,12.1,43.1,1.8,7.0,1.9,5.2,,,,,,334.0,,27.6,,,,,,,,0.83,0.03,,,,,,,,,,,,,,,,,,,,,,1665.1,122.2,,118.1,159.9,144.4,,,,,,70.1,,229.9,,,,,,,,0.98,0.29,,,,,,,,,,,,,,,,,,,,3.1,1.4,0.06,2.37,0.89,-62.3,-8.17,-21.57,-27.89,-26.74,-25.48,,0.0,3.6508,,0.0,0.08587,28.106,23.493,944.66,0.0,1000.0,,,,,,,,,,,,,0.0,0.0,,0.93,,,,,,24.2,,PRJNA627197,10.1038/s41396-022-01331-7,fluid,coevolve,,,,,20.314318824034483,EarthChem,V300,whole_rock,"IGNEOUS, VOLCANIC, MAFIC, BASALT",V300,32.8,77.3,134.17719745595267,96.21000000000001,43.5,3.35,14.85,,5.4,16.35,0.22,6.25,7.55,3.0,0.58,,0.56,13.0,0.5,,1.0,420.0,5.0,,0.5,75.0,46.0,,,8.0,16.0,,,,22.0,1.0,,175.0,44.0,450.0,,,9.0,,,5.0,,,,,,8200.0,,280.0,70.0,,3186035.0,154.0,Mesozoic-Cenozoic volcanic rocks,mafic volcanic rocks,,24.0,Eocene,48.0,Jurassic,#9AD9DD,33.9,201.3,Phanerozoic,subsurface_fluid,subsurface_sample,subsurface
EP_170215,EP_170215_S,CR17,EP,Espabel,,CAM,CRI,2017.0,2017-02-15,plate margin,convergent,oceanic-continental subduction,outer forearc,subaerial,Spring,,,,sedimentary,sedimentary,Cretaceous sedimentary,,9.901885,-85.454327,126.0,26.4,9.99,0.2,,4.0,0.32,151.991,0.01,36.0,,,,,,22.949,0.049,,6.245,0.073,,36.88,0.15,0.72,0.26,3.37,,12.1,43.1,1.8,7.0,1.9,5.2,,,,,,334.0,,27.6,,,,,,,,0.83,0.03,,,,,,,,,,,,,,,,,,,,,,1665.1,122.2,,118.1,159.9,144.4,,,,,,70.1,,229.9,,,,,,,,0.98,0.29,,,,,,,,,,,,,,,,,,,,3.1,1.4,0.06,2.37,0.89,-62.3,-8.17,-21.57,-27.89,-26.74,-25.48,,0.0,3.6508,,0.0,0.08587,28.106,23.493,944.66,0.0,1000.0,,,,,,,,,,,,,0.0,0.0,,0.93,,,,,,24.2,,PRJNA627197,10.1038/s41396-022-01331-7,sediment,coevolve,,,,,20.314318824034483,EarthChem,V300,whole_rock,"IGNEOUS, VOLCANIC, MAFIC, BASALT",V300,32.8,77.3,134.17719745595267,96.21000000000001,43.5,3.35,14.85,,5.4,16.35,0.22,6.25,7.55,3.0,0.58,,0.56,13.0,0.5,,1.0,420.0,5.0,,0.5,75.0,46.0,,,8.0,16.0,,,,22.0,1.0,,175.0,44.0,450.0,,,9.0,,,5.0,,,,,,8200.0,,280.0,70.0,,3186035.0,154.0,Mesozoic-Cenozoic volcanic rocks,mafic volcanic rocks,,24.0,Eocene,48.0,Jurassic,#9AD9DD,33.9,201.3,Phanerozoic,subsurface_sediment,subsurface_sample,subsurface
SI_170217,SI_170217_F,CR17,SI,El Sitio,,CAM,CRI,2017.0,2017-02-17,plate margin,convergent,oceanic-continental subduction,outer forearc,subaerial,Spring,,,,sedimentary,sedimentary,Quaternary sedimentary,,10.301239,-85.610549,36.0,35.9,9.83,3.47,,36.2,2.48,1803.745,0.18,139.0,,,,,,22.69,0.028,1.662,2.882,0.067,0.002,25.519,,1.173,0.486,5.972,,46.1,43.5,2.4,7.0,1.9,7.2,,,,,,151.1,,26.5,,,,,,,,3.37,0.14,,,,,,,,,,,,,,,,,,,,,,1065.7,64.3,,55.8,69.5,96.6,,,,,,74.1,,100.3,,,,,,,,0.73,0.25,,,,,,,,,,,,,,,,,,,,4.45,,0.35,11.21,,,,-6.43,-27.49,-26.66,-18.27,18800.0,67.0,0.0,,0.08567,0.00342,4.0029,10.765,918.14,0.0,1000.0,,-62.6,,,,,,,,,,782.0707365472161,6.223873664653971,inf,56.364982429,0.49,0.39,5.05,1.61,1740091332.94,788.0,98.58,,PRJNA627197,10.1038/s41396-022-01331-7,fluid,coevolve,,,,,90.51390681679497,EarthChem,3,whole_rock,"IGNEOUS, VOLCANIC, BASALT",3,10.1,-85.49,25.882956510771958,97.07260160000001,43.45,1.16,15.46,7.36,5.64,,0.06,8.45,12.7,2.53,0.82,,0.18,,,,,,,,,,,,,,,,,,,,,,,,,,,,,,,,,,,,,,,,948785.0,7.0,Quaternary sedimentary,sedimentary,,421.0,Quaternary,421.0,Quaternary,#F9F97F,0.0,2.588,Cenozoic,subsurface_fluid,subsurface_sample,subsurface
SI_170217,SI_170217_S,CR17,SI,El Sitio,,CAM,CRI,2017.0,2017-02-17,plate margin,convergent,oceanic-continental subduction,outer forearc,subaerial,Spring,,,,sedimentary,sedimentary,Quaternary sedimentary,,10.301239,-85.610549,36.0,35.9,9.83,3.47,,36.2,2.48,1803.745,0.18,139.0,,,,,,22.69,0.028,1.662,2.882,0.067,0.002,25.519,,1.173,0.486,5.972,,46.1,43.5,2.4,7.0,1.9,7.2,,,,,,151.1,,26.5,,,,,,,,3.37,0.14,,,,,,,,,,,,,,,,,,,,,,1065.7,64.3,,55.8,69.5,96.6,,,,,,74.1,,100.3,,,,,,,,0.73,0.25,,,,,,,,,,,,,,,,,,,,4.45,,0.35,11.21,,,,-6.43,-27.49,-26.66,-18.27,18800.0,67.0,0.0,,0.08567,0.00342,4.0029,10.765,918.14,0.0,1000.0,,-62.6,,,,,,,,,,782.0707365472161,6.223873664653971,inf,56.364982429,0.49,0.39,5.05,1.61,1740091332.94,788.0,98.58,,PRJNA627197,10.1038/s41396-022-01331-7,sediment,coevolve,,,,,90.51390681679497,EarthChem,3,whole_rock,"IGNEOUS, VOLCANIC, BASALT",3,10.1,-85.49,25.882956510771958,97.07260160000001,43.45,1.16,15.46,7.36,5.64,,0.06,8.45,12.7,2.53,0.82,,0.18,,,,,,,,,,,,,,,,,,,,,,,,,,,,,,,,,,,,,,,,948785.0,7.0,Quaternary sedimentary,sedimentary,,421.0,Quaternary,421.0,Quaternary,#F9F97F,0.0,2.588,Cenozoic,subsurface_sediment,subsurface_sample,subsurface
BQ_170218,BQ_170218_F,CR17,BQ,Borinquen,,CAM,CRI,2017.0,2017-02-18,plate margin,convergent,oceanic-continental subduction,volcanic arc,subaerial,Spring,,,,igneous,ign_felsic,Quaternary volcanic: felsic rocks,,10.810883,-85.413707,535.0,88.9,2.11,4.98,,9.9,0.35,2566.8,0.27,0.0,,,,,,12.409,,1.352,1798.243,0.266,0.017,16.783,85.923,7.429,54.2,157.186,,4707.6,6114.7,184.5,351.0,1.3,631.6,,,,,,1403.1,,66.6,,,,,,,,3.33,0.6,,,,,,,,,,,,,,,,,,,,,,,,,,,,,,,,,,,,,,,,,,,,,,,,,,,,,,,,,,,,,,,,0.1,0.09,1.29,,,,,,-18.88,-21.82,,1050000.0,937.0,1.1753,23.4,0.00294,9.9595,1.0277,0.8825,26.552,0.0,1000.0,-1.37,-29.9,,,,,,,,,,318707.4829931973,1061.7563739376772,797.2432570407556,1.322822053,5.03,5.13,33.24,10.59,100544034451.07,316000.0,,,PRJNA627197,10.1038/s41396-022-01331-7,fluid,coevolve,,,,,,EarthChem,010627-6B,whole_rock,"IGNEOUS, VOLCANIC, DACITE",010627-6B,10.77,-85.45,6.017011691835488,100.00000000099999,71.34889486,0.382152448,14.85230324,2.871307581,,,0.092956001,0.764304896,2.829993803,2.860979137,3.89382359,,0.103284445,4.0,,,,54.32,38.0,1495.03,,53.93,7.64,3.36,2.03,1.17,,4.0,,0.69,25.95,,0.38,8.67,21.72,11.01,5.96,68.0,,4.35,,328.0,0.61,0.62,5.54,,,3.62,,22.69,3.27,200.0,3188297.0,154.0,Cenozoic volcanic rocks,intermediate-felsic volcanic rocks,,13.0,Miocene,13.0,Miocene,#FFFF00,5.333,23.03,Miocene,subsurface_fluid,subsurface_sample,subsurface
BQ_170218,BQ_170218_S1,CR17,BQ,Borinquen,,CAM,CRI,2017.0,2017-02-18,plate margin,convergent,oceanic-continental subduction,volcanic arc,subaerial,Spring,,,,igneous,ign_felsic,Quaternary volcanic: felsic rocks,,10.810883,-85.413707,535.0,88.9,2.11,4.98,,9.9,0.35,2566.8,0.27,0.0,,,,,,12.409,,1.352,1798.243,0.266,0.017,16.783,85.923,7.429,54.2,157.186,,4707.6,6114.7,184.5,351.0,1.3,631.6,,,,,,1403.1,,66.6,,,,,,,,3.33,0.6,,,,,,,,,,,,,,,,,,,,,,,,,,,,,,,,,,,,,,,,,,,,,,,,,,,,,,,,,,,,,,,,0.1,0.09,1.29,,,,,,-18.88,-21.82,,1050000.0,937.0,1.1753,23.4,0.00294,9.9595,1.0277,0.8825,26.552,0.0,1000.0,-1.37,-29.9,,,,,,,,,,318707.4829931973,1061.7563739376772,797.2432570407556,1.322822053,5.03,5.13,33.24,10.59,100544034451.07,316000.0,,,PRJNA627197,10.1038/s41396-022-01331-7,sediment,coevolve,,,,,,EarthChem,010627-6B,whole_rock,"IGNEOUS, VOLCANIC, DACITE",010627-6B,10.77,-85.45,6.017011691835488,100.00000000099999,71.34889486,0.382152448,14.85230324,2.871307581,,,0.092956001,0.764304896,2.829993803,2.860979137,3.89382359,,0.103284445,4.0,,,,54.32,38.0,1495.03,,53.93,7.64,3.36,2.03,1.17,,4.0,,0.69,25.95,,0.38,8.67,21.72,11.01,5.96,68.0,,4.35,,328.0,0.61,0.62,5.54,,,3.62,,22.69,3.27,200.0,3188297.0,154.0,Cenozoic volcanic rocks,intermediate-felsic volcanic rocks,,13.0,Miocene,13.0,Miocene,#FFFF00,5.333,23.03,Miocene,subsurface_sediment,subsurface_sample,subsurface
BQ_170218,BQ_170218_S2,CR17,BQ,Borinquen,,CAM,CRI,2017.0,2017-02-18,plate margin,convergent,oceanic-continental subduction,volcanic arc,subaerial,Spring,,,,igneous,ign_felsic,Quaternary volcanic: felsic rocks,,10.810883,-85.413707,535.0,88.9,2.11,4.98,,9.9,0.35,2566.8,0.27,0.0,,,,,,12.409,,1.352,1798.243,0.266,0.017,16.783,85.923,7.429,54.2,157.186,,4707.6,6114.7,184.5,351.0,1.3,631.6,,,,,,1403.1,,66.6,,,,,,,,3.33,0.6,,,,,,,,,,,,,,,,,,,,,,,,,,,,,,,,,,,,,,,,,,,,,,,,,,,,,,,,,,,,,,,,0.1,0.09,1.29,,,,,,-18.88,-21.82,,1050000.0,937.0,1.1753,23.4,0.00294,9.9595,1.0277,0.8825,26.552,0.0,1000.0,-1.37,-29.9,,,,,,,,,,318707.4829931973,1061.7563739376772,797.2432570407556,1.322822053,5.03,5.13,33.24,10.59,100544034451.07,316000.0,,,PRJNA627197,10.1038/s41396-022-01331-7,sediment,coevolve,,,,,,EarthChem,010627-6B,whole_rock,"IGNEOUS, VOLCANIC, DACITE",010627-6B,10.77,-85.45,6.017011691835488,100.00000000099999,71.34889486,0.382152448,14.85230324,2.871307581,,,0.092956001,0.764304896,2.829993803,2.860979137,3.89382359,,0.103284445,4.0,,,,54.32,38.0,1495.03,,53.93,7.64,3.36,2.03,1.17,,4.0,,0.69,25.95,,0.38,8.67,21.72,11.01,5.96,68.0,,4.35,,328.0,0.61,0.62,5.54,,,3.62,,22.69,3.27,200.0,3188297.0,154.0,Cenozoic volcanic rocks,intermediate-felsic volcanic rocks,,13.0,Miocene,13.0,Miocene,#FFFF00,5.333,23.03,Miocene,subsurface_sediment,subsurface_sample,subsurface
MT_170219,MT_170219_F,CR17,MT,Termales Salitral Mouse Trap,,CAM,CRI,2017.0,2017-02-19,plate margin,convergent,oceanic-continental subduction,volcanic arc,subaerial,Well,,,,igneous,ign_felsic,Quaternary volcanic: felsic rocks,,10.595774,-85.238451,166.0,59.1,6.32,6.15,,12.4,0.61,3157.65,0.33,548.0,45.77,,,,,1220.292,1.598,,13.448,0.124,2.256,787.178,,41.444,3.16,27.894,,240.6,57.0,1.8,55.8,17.8,31.4,,,,,,128.2,,27.0,,,,,,,,0.69,0.11,,,,,,,,,,,,,,,,,,,,,,927.7,41.3,,18.3,53.7,106.8,,,,,,90.4,,17.5,,,,,,,,1.04,0.25,,,,,,,,,,,,,,,,,,,,0.25,1.25,0.02,2.85,0.0,-60.5,-6.02,3.55,-24.05,-4.65,-7.38,75500.0,988.0,0.7588,,0.00024,0.00011,2.3174,0.16941,8.754,0.0,1000.0,-0.84,-54.8,,,,,,,,,,4116666.6666666665,5832.0051944985535,1302.055877701634,0.288118962,3.2,3.57,5.58,1.78,765928884823.55,4300000.0,955.0,,PRJNA627197,10.1038/s41396-022-01331-7,fluid,coevolve,,,,,938.8749040343138,EarthChem,040707-4	,whole_rock,"IGNEOUS, VOLCANIC, DACITE",040707-4	,10.61,-85.23,1.8252031998443325,99.99999999999997,69.4544704547798,0.525935856450449,16.1390120655873,3.70217593070022,,,0.103124677735382,0.783747550788904,3.01124058987316,2.76374136330824,3.48561410745591,,0.0309374033206146,,,,,77.21,,1531.2,,58.55,5.16,4.23,2.78,1.49,,4.8,,0.92,26.43,,0.52,10.44,23.88,13.33,6.27,64.5,,5.29,,389.1,0.71,0.74,6.55,,,3.59,,25.04,2.99,205.7,3188297.0,154.0,Cenozoic volcanic rocks,intermediate-felsic volcanic rocks,,13.0,Miocene,13.0,Miocene,#FFFF00,5.333,23.03,Miocene,subsurface_fluid,subsurface_sample,subsurface
TC_170221,TC_170221_F,CR17,TC1,El Tucano bubbling site,,CAM,CRI,2017.0,2017-02-21,plate margin,convergent,oceanic-continental subduction,volcanic arc,subaerial,Spring,,,,igneous,ign_felsic,Quaternary volcanic: felsic rocks,,10.366486,-84.381208,553.0,60.0,6.24,3.5,,18.7,0.91,1819.4,0.18,309.0,44.83,,,,,656.944,0.799,2.982,5.764,0.124,0.368,297.95,23.914,51.218,55.659,42.483,,407.1,69.1,1.8,108.6,8.9,24.2,,,,,,26.4,,34.8,,,,,,,,0.45,0.61,,,,,,,,,,,,,,,,,,,,,,2243.4,118.1,,34.3,255.5,532.1,,,,,,112.8,,61.7,,,,,,,,1.78,0.59,,,,,,,,,,,,,,,,,,,,5.04,10.45,0.92,31.35,19.9,-52.9,-6.33,-2.36,-28.17,-27.51,-7.94,51600.0,965.0,0.94905,,0.0104,0.00027,0.23182,0.64276,33.166,0.0,1000.0,-4.54,,,,,,,,,,,92788.46153846155,1501.3379799614163,1016.8062799641748,4.409207,6.51,6.57,76.54,24.38,24030181238.29,94200.0,597.2,,PRJNA627197,10.1038/s41396-022-01331-7,fluid,coevolve,,,,,582.8747152824402,EarthChem,P-153,whole_rock,"IGNEOUS, VOLCANIC, BASALT, ALKALINE",P-153,10.3899,-84.3241,6.768943687577731,99.29,46.67,1.53,14.47,10.86,,,0.17,10.27,11.3,2.23,1.26,,0.53,,,,,254.88,,637.63,,113.57,481.61,5.45,2.53,2.74,,7.75,,0.98,53.9,,0.31,18.57,53.59,2.84,13.83,35.0,,9.68,,783.0,0.92,1.08,5.57,,,2.02,,27.68,2.13,166.0,3188297.0,154.0,Cenozoic volcanic rocks,intermediate-felsic volcanic rocks,,13.0,Miocene,13.0,Miocene,#FFFF00,5.333,23.03,Miocene,subsurface_fluid,subsurface_sample,subsurface
TC_170221,TC_170221_S,CR17,TC1,El Tucano bubbling site,,CAM,CRI,2017.0,2017-02-21,plate margin,convergent,oceanic-continental subduction,volcanic arc,subaerial,Spring,,,,igneous,ign_felsic,Quaternary volcanic: felsic rocks,,10.366486,-84.381208,553.0,60.0,6.24,3.5,,18.7,0.91,1819.4,0.18,309.0,44.83,,,,,656.944,0.799,2.982,5.764,0.124,0.368,297.95,23.914,51.218,55.659,42.483,,407.1,69.1,1.8,108.6,8.9,24.2,,,,,,26.4,,34.8,,,,,,,,0.45,0.61,,,,,,,,,,,,,,,,,,,,,,2243.4,118.1,,34.3,255.5,532.1,,,,,,112.8,,61.7,,,,,,,,1.78,0.59,,,,,,,,,,,,,,,,,,,,5.04,10.45,0.92,31.35,19.9,-52.9,-6.33,-2.36,-28.17,-27.51,-7.94,51600.0,965.0,0.94905,,0.0104,0.00027,0.23182,0.64276,33.166,0.0,1000.0,-4.54,,,,,,,,,,,92788.46153846155,1501.3379799614163,1016.8062799641748,4.409207,6.51,6.57,76.54,24.38,24030181238.29,94200.0,597.2,,PRJNA627197,10.1038/s41396-022-01331-7,sediment,coevolve,,,,,582.8747152824402,EarthChem,P-153,whole_rock,"IGNEOUS, VOLCANIC, BASALT, ALKALINE",P-153,10.3899,-84.3241,6.768943687577731,99.29,46.67,1.53,14.47,10.86,,,0.17,10.27,11.3,2.23,1.26,,0.53,,,,,254.88,,637.63,,113.57,481.61,5.45,2.53,2.74,,7.75,,0.98,53.9,,0.31,18.57,53.59,2.84,13.83,35.0,,9.68,,783.0,0.92,1.08,5.57,,,2.02,,27.68,2.13,166.0,3188297.0,154.0,Cenozoic volcanic rocks,intermediate-felsic volcanic rocks,,13.0,Miocene,13.0,Miocene,#FFFF00,5.333,23.03,Miocene,subsurface_sediment,subsurface_sample,subsurface
QH_170213_2,QH_170213_2_S,CR17,QH2,Quepos Hotsprings,,CAM,CRI,2017.0,2017-02-13,plate margin,convergent,oceanic-continental subduction,volcanic arc,subaerial,Spring,,,,sedimentary,sedimentary,Paleogene sedimentary,,9.561575,-84.123468,300.0,36.7,8.69,2.69,,47.3,3.2,1411.36,0.14,5.0,,,,,,519.032,0.799,3.137,91.257,0.038,0.048,245.993,0.899,5.474,0.486,88.212,,27.5,102.2,1.2,147.3,7.0,4.6,,,,,,117.9,,26.5,,,,,,,,1.46,0.23,,,,,,,,,,,,,,,,,,,,,,787.2,68.0,,72.9,102.5,106.1,,,,,,72.4,,199.2,,,,,,,,1.15,0.32,,,,,,,,,,,,,,,,,,,,0.96,4.19,0.85,,,-95.0,-11.52,-17.98,-29.82,-27.97,-22.37,,,,,,,,,,,,,,,,,,,,,,,,,,170.753301443,2.75,2.78,42.36,13.49,,,4.84,,PRJNA627197,10.1038/s41396-022-01331-7,sediment,coevolve,,,,,3.8010734697232746,EarthChem,TA-021206-6,whole_rock,"IGNEOUS, PLUTONIC, DOLERITE",TA-021206-6,9.5732,-83.9109,23.37138179113357,94.88,48.56,0.72,16.32,10.1,,,0.2,5.58,9.53,2.66,1.03,,0.18,83.0,,,32.0,253.92,45.0,718.08,,18.39,97.0,3.51,2.01,1.1,,3.52,,0.69,9.22,,0.32,2.01,12.73,0.81,2.9,15.0,,3.49,,537.0,0.11,0.57,0.9,,,0.53,,21.28,2.07,57.0,3188281.0,154.0,Cenozoic volcanic rocks,felsic volcanic rocks,,13.0,Miocene,13.0,Miocene,#FFFF00,5.333,23.03,Miocene,subsurface_sediment,subsurface_sample,subsurface
QH_170213_1,QH_170213_1_F,CR17,QH1,Quepos Hotsprings,,CAM,CRI,2017.0,2017-02-13,plate margin,convergent,oceanic-continental subduction,volcanic arc,subaerial,Spring,,,,sedimentary,sedimentary,Paleogene sedimentary,,9.56171,-84.123251,298.0,48.7,8.53,4.1,,2.5,0.14,2122.4,0.22,5.0,11.68,,,,,893.77,0.799,5.934,197.884,0.048,0.081,391.29,42.357,8.993,0.729,194.739,,9.9,320.0,1.8,319.3,9.5,8.5,,,,,,113.3,,26.0,,,,,,,,1.59,0.88,,,,,,,,,,,,,,,,,,,,,,,,,,,,,,,,,,,,,,,,,,,,,,,,,,,,,,,,,,,,,,,,7.13,21.34,3.23,,,-99.0,-11.85,-9.93,-22.76,-21.26,-27.58,3040000.0,0.0,1.8267,,0.22243,0.1176,11.888,16.059,969.89,0.0,1000.0,,,,,,,,,,,,0.0,0.0,0.0,33.316446205,3.04,3.1,27.02,8.61,0.0,0.0,4.4,,PRJNA627197,10.1038/s41396-022-01331-7,fluid,coevolve,,,,,3.580952182534943,EarthChem,TA-021206-6,whole_rock,"IGNEOUS, PLUTONIC, DOLERITE",TA-021206-6,9.5732,-83.9109,23.346773233718693,94.88,48.56,0.72,16.32,10.1,,,0.2,5.58,9.53,2.66,1.03,,0.18,83.0,,,32.0,253.92,45.0,718.08,,18.39,97.0,3.51,2.01,1.1,,3.52,,0.69,9.22,,0.32,2.01,12.73,0.81,2.9,15.0,,3.49,,537.0,0.11,0.57,0.9,,,0.53,,21.28,2.07,57.0,3188281.0,154.0,Cenozoic volcanic rocks,felsic volcanic rocks,,13.0,Miocene,13.0,Miocene,#FFFF00,5.333,23.03,Miocene,subsurface_fluid,subsurface_sample,subsurface
QH_170213_1,QH_170213_1_S,CR17,QH1,Quepos Hotsprings,,CAM,CRI,2017.0,2017-02-13,plate margin,convergent,oceanic-continental subduction,volcanic arc,subaerial,Spring,,,,sedimentary,sedimentary,Paleogene sedimentary,,9.56171,-84.123251,298.0,48.7,8.53,4.1,,2.5,0.14,2122.4,0.22,5.0,11.68,,,,,893.77,0.799,5.934,197.884,0.048,0.081,391.29,42.357,8.993,0.729,194.739,,9.9,320.0,1.8,319.3,9.5,8.5,,,,,,113.3,,26.0,,,,,,,,1.59,0.88,,,,,,,,,,,,,,,,,,,,,,,,,,,,,,,,,,,,,,,,,,,,,,,,,,,,,,,,,,,,,,,,7.13,21.34,3.23,,,-99.0,-11.85,-9.93,-22.76,-21.26,-27.58,3040000.0,0.0,1.8267,,0.22243,0.1176,11.888,16.059,969.89,0.0,1000.0,,,,,,,,,,,,0.0,0.0,0.0,33.316446205,3.04,3.1,27.02,8.61,0.0,0.0,4.4,,PRJNA627197,10.1038/s41396-022-01331-7,sediment,coevolve,,,,,3.580952182534943,EarthChem,TA-021206-6,whole_rock,"IGNEOUS, PLUTONIC, DOLERITE",TA-021206-6,9.5732,-83.9109,23.346773233718693,94.88,48.56,0.72,16.32,10.1,,,0.2,5.58,9.53,2.66,1.03,,0.18,83.0,,,32.0,253.92,45.0,718.08,,18.39,97.0,3.51,2.01,1.1,,3.52,,0.69,9.22,,0.32,2.01,12.73,0.81,2.9,15.0,,3.49,,537.0,0.11,0.57,0.9,,,0.53,,21.28,2.07,57.0,3188281.0,154.0,Cenozoic volcanic rocks,felsic volcanic rocks,,13.0,Miocene,13.0,Miocene,#FFFF00,5.333,23.03,Miocene,subsurface_sediment,subsurface_sample,subsurface
CY_170214,CY_170214_F,CR17,CY,Rio Cayuco,,CAM,CRI,2017.0,2017-02-14,plate margin,convergent,oceanic-continental subduction,volcanic arc,subaerial,Spring,,,,sedimentary,sedimentary,Cenozoic sedimentary rocks,,10.287497,-84.955524,184.0,72.0,6.31,5.82,,26.7,1.13,2991.505,0.32,130.0,23.35,,,,,547.394,0.799,2.245,424.585,0.171,0.97,420.717,1.679,31.669,23.576,136.786,,215.9,370.9,2.9,346.9,10.8,17.7,,,,,,42.6,,25.0,,,,,,,,1.69,0.37,,,,,,,,,,,,,,,,,,,,,,1167.5,66.2,,17.3,55.9,97.9,,,,,,45.9,,10.7,,,,,,,,1.17,0.22,,,,,,,,,,,,,,,,,,,,0.25,9.24,0.04,3.56,0.0,-81.2,-9.47,-4.99,-23.21,3.47,-7.78,,995.0,0.00175,,0.0,0.00136,1.0905,0.0821,3.8243,0.0,1000.0,-2.4,,,,,,,,,,,inf,12119.366626065772,568571.4285714285,6.617835937,0.86,0.59,1.24,0.4,124825465813.26,,230.61,,PRJNA627197,10.1038/s41396-022-01331-7,fluid,coevolve,,,,,235.94213135344586,EarthChem,TO-080614-7,whole_rock,"IGNEOUS, VOLCANIC, PICRITE",TO-080614-7,10.2011,-85.0358,12.987339247968764,113.425394828,46.0,1.09,4.78,12.49,12.35330612,,0.178,32.1,4.93,0.37,0.17,,0.215461808,74.63101712,120.90078,,1605.941124,157.4816677,101.352228,127.4873566,,27.20972635,2697.330257,2.381826501,1.042175363,0.902361841,10.63359417,3.102100991,,0.460950567,13.1667417,,0.132614878,18.24944662,14.09705168,0.874053239,3.509781425,6.111092819,26.56071789,2.986764836,,142.5440137,1.120757586,0.436762268,1.195139307,,,0.375500305,,11.652845,0.920441895,89.94688561,948789.0,7.0,Miocene volcanic: felsic and intermediate rocks,volcanic: felsic and intermediate rocks,,13.0,Miocene,13.0,Miocene,#FFFF00,5.333,23.03,Miocene,subsurface_fluid,subsurface_sample,subsurface
CY_170214,CY_170214_S,CR17,CY,Rio Cayuco,,CAM,CRI,2017.0,2017-02-14,plate margin,convergent,oceanic-continental subduction,volcanic arc,subaerial,Spring,,,,sedimentary,sedimentary,Cenozoic sedimentary rocks,,10.287497,-84.955524,184.0,72.0,6.31,5.82,,26.7,1.13,2991.505,0.32,130.0,23.35,,,,,547.394,0.799,2.245,424.585,0.171,0.97,420.717,1.679,31.669,23.576,136.786,,215.9,370.9,2.9,346.9,10.8,17.7,,,,,,42.6,,25.0,,,,,,,,1.69,0.37,,,,,,,,,,,,,,,,,,,,,,1167.5,66.2,,17.3,55.9,97.9,,,,,,45.9,,10.7,,,,,,,,1.17,0.22,,,,,,,,,,,,,,,,,,,,0.25,9.24,0.04,3.56,0.0,-81.2,-9.47,-4.99,-23.21,3.47,-7.78,,995.0,0.00175,,0.0,0.00136,1.0905,0.0821,3.8243,0.0,1000.0,-2.4,,,,,,,,,,,inf,12119.366626065772,568571.4285714285,6.617835937,0.86,0.59,1.24,0.4,124825465813.26,,230.61,,PRJNA627197,10.1038/s41396-022-01331-7,sediment,coevolve,,,,,235.94213135344586,EarthChem,TO-080614-7,whole_rock,"IGNEOUS, VOLCANIC, PICRITE",TO-080614-7,10.2011,-85.0358,12.987339247968764,113.425394828,46.0,1.09,4.78,12.49,12.35330612,,0.178,32.1,4.93,0.37,0.17,,0.215461808,74.63101712,120.90078,,1605.941124,157.4816677,101.352228,127.4873566,,27.20972635,2697.330257,2.381826501,1.042175363,0.902361841,10.63359417,3.102100991,,0.460950567,13.1667417,,0.132614878,18.24944662,14.09705168,0.874053239,3.509781425,6.111092819,26.56071789,2.986764836,,142.5440137,1.120757586,0.436762268,1.195139307,,,0.375500305,,11.652845,0.920441895,89.94688561,948789.0,7.0,Miocene volcanic: felsic and intermediate rocks,volcanic: felsic and intermediate rocks,,13.0,Miocene,13.0,Miocene,#FFFF00,5.333,23.03,Miocene,subsurface_sediment,subsurface_sample,subsurface
FA_170219_1,FA_170219_1_S,CR17,FA1,Finca Ande,,CAM,CRI,2017.0,2017-02-19,plate margin,convergent,oceanic-continental subduction,volcanic arc,subaerial,Spring,,,,sedimentary,sedimentary,Cenozoic sedimentary rocks,,10.336843,-85.069499,109.0,55.2,5.93,5.5,,10.3,0.53,2829.4,0.3,227.0,,,,,,722.178,0.799,1.6,594.611,0.275,1.755,575.67,64.333,65.294,40.589,106.648,,1191.6,324.4,1.2,352.2,12.1,23.5,,,,,,44.0,,25.5,,,,,,,,0.67,0.06,,,,,,,,,,,,,,,,,,,,,,2320.8,360.5,,9.2,30.2,900.5,,,,,,6.6,,6.2,,,,,,,,0.45,0.02,,,,,,,,,,,,,,,,,,,,1.23,2.96,0.19,4.65,4.34,-74.4,-8.39,2.71,-26.47,-19.1,-6.64,1310000.0,995.0,0.019,,0.00032,0.00144,0.25673,0.06794,4.6546,0.0,1000.0,-1.36,,,,,,,,,,,3109374.9999999995,14645.275242861348,52368.42105263158,0.181536543,4.17,4.36,14.14,4.51,939465053101.08,3210000.0,625.81,,PRJNA627197,10.1038/s41396-022-01331-7,sediment,coevolve,,,,,658.0186078539394,EarthChem,010701-2A,whole_rock,"IGNEOUS, VOLCANIC, RHYOLITE",010701-2A,10.42,-85.1,9.785721222492544,99.98999999999998,75.27,0.27,14.35,1.7,,,0.08,0.33,1.59,2.28,4.07,,0.05,,,,,24.25,82.7,2015.41,,64.24,13.92,2.16,1.39,0.92,,2.81,,0.45,33.79,,0.28,11.99,20.55,18.7,6.44,77.4,,3.31,,379.1,1.14,0.4,9.66,,,4.69,,13.24,1.64,174.8,3190896.0,154.0,Cenozoic sedimentary rocks,sedimentary rocks,,421.0,Quaternary,421.0,Quaternary,#F9F97F,0.0,2.588,Cenozoic,subsurface_sediment,subsurface_sample,subsurface
BR_170218_1,BR_170218_1_F,CR17,BR1,Blue River Spring 1,,CAM,CRI,2017.0,2017-02-18,plate margin,convergent,oceanic-continental subduction,volcanic arc,subaerial,Spring,,,,igneous,ign_felsic,Quaternary volcanic: felsic rocks,,10.89837,-85.32839,437.0,59.0,6.16,6.0,,41.0,2.02,3079.375,0.33,197.0,39.23,,,,,1029.201,1.598,,406.334,0.124,0.216,213.347,,118.467,280.966,234.657,,2268.4,567.4,1.8,546.4,5.7,22.2,,,,,,18.3,,23.9,,,,,,,,0.61,0.29,,,,,,,,,,,,,,,,,,,,,,3286.5,403.7,,1.6,11.0,15.7,,,,,,1.6,,1.3,,,,,,,,0.12,0.08,,,,,,,,,,,,,,,,,,,,1.65,0.57,0.02,2.41,0.0,-37.2,-5.25,0.23,-25.75,-14.78,-11.16,1100000.0,947.0,1.704,,0.00747,0.00046,2.5778,1.275,47.435,0.0,1000.0,-3.66,-26.7,,,,,,,,,,126773.76171352075,742.7450980392157,555.7511737089202,7.767906057,6.39,6.52,32.29,10.29,13635960891.07,127000.0,420.73,,PRJNA627197,10.1038/s41396-022-01331-7,fluid,coevolve,,,,,410.6700413913886,EarthChem,RV-201,whole_rock,"IGNEOUS, VOLCANIC, UNKNOWN",RV-201,10.833,-85.33301,7.248443004253294,99.4,49.18,0.87,20.02,,,9.99,0.18,5.02,11.05,2.51,0.38,,0.2,138.44,29.72,0.38,12.17,286.28,80.91,364.0,,19.89,28.38,2.88,1.62,1.05,,3.21,,0.58,8.11,5.34,0.23,1.8,12.88,1.64,3.05,3.05,35.48,3.31,,688.93,0.09,0.48,0.6,,0.02,0.23,0.05,16.79,1.54,45.04,3188297.0,154.0,Cenozoic volcanic rocks,intermediate-felsic volcanic rocks,,13.0,Miocene,13.0,Miocene,#FFFF00,5.333,23.03,Miocene,subsurface_fluid,subsurface_sample,subsurface
BR_170218_1,BR_170218_1_S,CR17,BR1,Blue River Spring 1,,CAM,CRI,2017.0,2017-02-18,plate margin,convergent,oceanic-continental subduction,volcanic arc,subaerial,Spring,,,,igneous,ign_felsic,Quaternary volcanic: felsic rocks,,10.89837,-85.32839,437.0,59.0,6.16,6.0,,41.0,2.02,3079.375,0.33,197.0,39.23,,,,,1029.201,1.598,,406.334,0.124,0.216,213.347,,118.467,280.966,234.657,,2268.4,567.4,1.8,546.4,5.7,22.2,,,,,,18.3,,23.9,,,,,,,,0.61,0.29,,,,,,,,,,,,,,,,,,,,,,3286.5,403.7,,1.6,11.0,15.7,,,,,,1.6,,1.3,,,,,,,,0.12,0.08,,,,,,,,,,,,,,,,,,,,1.65,0.57,0.02,2.41,0.0,-37.2,-5.25,0.23,-25.75,-14.78,-11.16,1100000.0,947.0,1.704,,0.00747,0.00046,2.5778,1.275,47.435,0.0,1000.0,-3.66,-26.7,,,,,,,,,,126773.76171352075,742.7450980392157,555.7511737089202,7.767906057,6.39,6.52,32.29,10.29,13635960891.07,127000.0,420.73,,PRJNA627197,10.1038/s41396-022-01331-7,sediment,coevolve,,,,,410.6700413913886,EarthChem,RV-201,whole_rock,"IGNEOUS, VOLCANIC, UNKNOWN",RV-201,10.833,-85.33301,7.248443004253294,99.4,49.18,0.87,20.02,,,9.99,0.18,5.02,11.05,2.51,0.38,,0.2,138.44,29.72,0.38,12.17,286.28,80.91,364.0,,19.89,28.38,2.88,1.62,1.05,,3.21,,0.58,8.11,5.34,0.23,1.8,12.88,1.64,3.05,3.05,35.48,3.31,,688.93,0.09,0.48,0.6,,0.02,0.23,0.05,16.79,1.54,45.04,3188297.0,154.0,Cenozoic volcanic rocks,intermediate-felsic volcanic rocks,,13.0,Miocene,13.0,Miocene,#FFFF00,5.333,23.03,Miocene,subsurface_sediment,subsurface_sample,subsurface
PF_170222,PF_170222_F,CR17,PF,Pompilo's finca,,CAM,CRI,2017.0,2017-02-22,plate margin,convergent,oceanic-continental subduction,backarc,subaerial,Spring,,,,igneous,ign_felsic,Quaternary volcanic: felsic rocks,,10.518466,-84.11518,53.0,28.7,5.81,3.73,,4.3,0.33,1933.53,0.2,282.0,68.18,,,,,620.428,0.799,,17.291,0.067,0.043,284.846,,43.399,153.365,32.463,,2791.9,467.3,22.4,216.6,7.0,20.3,,,,,,37.0,,29.1,,,,,,,,0.44,0.08,,,,,,,,,,,,,,,,,,,,,,674.1,218.3,,25.1,196.6,148.4,,,,,,147.2,,34.1,,,,,,,,2.08,0.24,,,,,,,,,,,,,,,,,,,,1.66,3.77,0.3,16.29,18.88,-51.5,-6.48,1.24,-25.14,-24.09,-5.15,1000000.0,998.0,0.01454,,0.0,0.00021,0.38666,0.03682,1.5618,0.0,1000.0,-3.64,,,,,,,,,,,inf,27104.83432916893,68638.2393397524,0.015007914,1.27,1.72,1.3,0.41,37393730178425.1,,1043.89,,PRJNA627197,10.1038/s41396-022-01331-7,fluid,coevolve,,,,,1074.01655379753,EarthChem,AR-020206-7,whole_rock,"IGNEOUS, VOLCANIC, ANDESITE, BASALTIC",AR-020206-7	,10.4905,-84.0399,8.80206557257182,98.91999999999999,55.29,0.97,17.81,8.87,,,0.26,3.19,7.5,3.69,1.01,,0.33,38.0,,,21.0,152.32,83.0,386.43,,20.84,85.0,4.66,3.0,1.44,,4.73,,0.91,9.7,,0.46,3.71,16.61,2.59,3.45,19.0,,4.39,,496.0,0.23,0.73,0.71,,,0.39,,29.24,3.02,79.75,3188297.0,154.0,Cenozoic volcanic rocks,intermediate-felsic volcanic rocks,,13.0,Miocene,13.0,Miocene,#FFFF00,5.333,23.03,Miocene,subsurface_fluid,subsurface_sample,subsurface
PF_170222,PF_170222_S,CR17,PF,Pompilo's finca,,CAM,CRI,2017.0,2017-02-22,plate margin,convergent,oceanic-continental subduction,backarc,subaerial,Spring,,,,igneous,ign_felsic,Quaternary volcanic: felsic rocks,,10.518466,-84.11518,53.0,28.7,5.81,3.73,,4.3,0.33,1933.53,0.2,282.0,68.18,,,,,620.428,0.799,,17.291,0.067,0.043,284.846,,43.399,153.365,32.463,,2791.9,467.3,22.4,216.6,7.0,20.3,,,,,,37.0,,29.1,,,,,,,,0.44,0.08,,,,,,,,,,,,,,,,,,,,,,674.1,218.3,,25.1,196.6,148.4,,,,,,147.2,,34.1,,,,,,,,2.08,0.24,,,,,,,,,,,,,,,,,,,,1.66,3.77,0.3,16.29,18.88,-51.5,-6.48,1.24,-25.14,-24.09,-5.15,1000000.0,998.0,0.01454,,0.0,0.00021,0.38666,0.03682,1.5618,0.0,1000.0,-3.64,,,,,,,,,,,inf,27104.83432916893,68638.2393397524,0.015007914,1.27,1.72,1.3,0.41,37393730178425.1,,1043.89,,PRJNA627197,10.1038/s41396-022-01331-7,sediment,coevolve,,,,,1074.01655379753,EarthChem,AR-020206-7,whole_rock,"IGNEOUS, VOLCANIC, ANDESITE, BASALTIC",AR-020206-7	,10.4905,-84.0399,8.80206557257182,98.91999999999999,55.29,0.97,17.81,8.87,,,0.26,3.19,7.5,3.69,1.01,,0.33,38.0,,,21.0,152.32,83.0,386.43,,20.84,85.0,4.66,3.0,1.44,,4.73,,0.91,9.7,,0.46,3.71,16.61,2.59,3.45,19.0,,4.39,,496.0,0.23,0.73,0.71,,,0.39,,29.24,3.02,79.75,3188297.0,154.0,Cenozoic volcanic rocks,intermediate-felsic volcanic rocks,,13.0,Miocene,13.0,Miocene,#FFFF00,5.333,23.03,Miocene,subsurface_sediment,subsurface_sample,subsurface
BR_170218_2,BR_170218_2_F,CR17,BR2,Blue River Spring 2,,CAM,CRI,2017.0,2017-02-18,plate margin,convergent,oceanic-continental subduction,volcanic arc,subaerial,Spring,,,,igneous,ign_felsic,Quaternary volcanic: felsic rocks,,10.89837,-85.32853,434.0,53.8,5.87,5.76,,7.0,0.37,2958.175,0.31,123.0,46.7,,,,,593.838,0.799,,357.343,0.143,0.129,126.905,0.002,68.422,164.059,218.385,,2145.9,673.9,1.2,521.8,5.1,14.4,,,,,,18.1,,24.4,,,,,,,,0.59,0.32,,,,,,,,,,,,,,,,,,,,,,833.5,403.2,,2.1,14.1,7.0,,,,,,2.4,,0.9,,,,,,,,0.15,0.2,,,,,,,,,,,,,,,,,,,,1.24,2.29,0.15,15.69,2.88,-38.0,-5.15,0.96,-28.31,-24.4,-10.75,1200000.0,,,,,,,,,,0.0,,,,,,,,,,,,,,,,,,,,13600000000.0,,409.72,,PRJNA627197,10.1038/s41396-022-01331-7,fluid,coevolve,,,,,392.476636778586,EarthChem,RV-201,whole_rock,"IGNEOUS, VOLCANIC, UNKNOWN",RV-201,10.833,-85.33301,7.2473923535753,99.4,49.18,0.87,20.02,,,9.99,0.18,5.02,11.05,2.51,0.38,,0.2,138.44,29.72,0.38,12.17,286.28,80.91,364.0,,19.89,28.38,2.88,1.62,1.05,,3.21,,0.58,8.11,5.34,0.23,1.8,12.88,1.64,3.05,3.05,35.48,3.31,,688.93,0.09,0.48,0.6,,0.02,0.23,0.05,16.79,1.54,45.04,3188297.0,154.0,Cenozoic volcanic rocks,intermediate-felsic volcanic rocks,,13.0,Miocene,13.0,Miocene,#FFFF00,5.333,23.03,Miocene,subsurface_fluid,subsurface_sample,subsurface
BR_170218_2,BR_170218_2_S,CR17,BR2,Blue River Spring 2,,CAM,CRI,2017.0,2017-02-18,plate margin,convergent,oceanic-continental subduction,volcanic arc,subaerial,Spring,,,,igneous,ign_felsic,Quaternary volcanic: felsic rocks,,10.89837,-85.32853,434.0,53.8,5.87,5.76,,7.0,0.37,2958.175,0.31,123.0,46.7,,,,,593.838,0.799,,357.343,0.143,0.129,126.905,0.002,68.422,164.059,218.385,,2145.9,673.9,1.2,521.8,5.1,14.4,,,,,,18.1,,24.4,,,,,,,,0.59,0.32,,,,,,,,,,,,,,,,,,,,,,833.5,403.2,,2.1,14.1,7.0,,,,,,2.4,,0.9,,,,,,,,0.15,0.2,,,,,,,,,,,,,,,,,,,,1.24,2.29,0.15,15.69,2.88,-38.0,-5.15,0.96,-28.31,-24.4,-10.75,1200000.0,,,,,,,,,,0.0,,,,,,,,,,,,,,,,,,,,13600000000.0,,409.72,,PRJNA627197,10.1038/s41396-022-01331-7,sediment,coevolve,,,,,392.476636778586,EarthChem,RV-201,whole_rock,"IGNEOUS, VOLCANIC, UNKNOWN",RV-201,10.833,-85.33301,7.2473923535753,99.4,49.18,0.87,20.02,,,9.99,0.18,5.02,11.05,2.51,0.38,,0.2,138.44,29.72,0.38,12.17,286.28,80.91,364.0,,19.89,28.38,2.88,1.62,1.05,,3.21,,0.58,8.11,5.34,0.23,1.8,12.88,1.64,3.05,3.05,35.48,3.31,,688.93,0.09,0.48,0.6,,0.02,0.23,0.05,16.79,1.54,45.04,3188297.0,154.0,Cenozoic volcanic rocks,intermediate-felsic volcanic rocks,,13.0,Miocene,13.0,Miocene,#FFFF00,5.333,23.03,Miocene,subsurface_sediment,subsurface_sample,subsurface
SL_170214,SL_170214_F,CR17,SL,Santa Lucia,,CAM,CRI,2017.0,2017-02-14,plate margin,convergent,oceanic-continental subduction,volcanic arc,subaerial,Spring,,,,sedimentary,sedimentary,Cenozoic sedimentary rocks,,10.290599,-84.972435,165.0,57.0,6.12,2.82,,22.0,1.11,1478.02,0.15,111.0,26.62,,,,,,0.46,2.245,424.434,0.172,0.97,420.81,1.68,31.79,23.66,136.8,,78.6,261.5,1.8,182.5,3.8,8.5,,,,,,85.5,,27.6,,,,,,,,2.38,0.54,,,,,,,,,,,,,,,,,,,,,,761.3,153.8,,36.0,72.2,165.3,,,,,,70.0,,44.6,,,,,,,,0.69,0.24,,,,,,,,,,,,,,,,,,,,3.14,4.19,0.24,18.08,0.0,-77.1,-9.31,-5.28,-28.56,-26.31,-0.65,,,,,,,,,,,,,,,,,,,,,,,,,,,,3.84,34.7,,101000000000.0,,250.41,,PRJNA627197,10.1038/s41396-022-01331-7,fluid,coevolve,,,,,243.1705844349235,EarthChem,TO-080614-7,whole_rock,"IGNEOUS, VOLCANIC, PICRITE",TO-080614-7,10.2011,-85.0358,12.090917327700192,113.425394828,46.0,1.09,4.78,12.49,12.35330612,,0.178,32.1,4.93,0.37,0.17,,0.215461808,74.63101712,120.90078,,1605.941124,157.4816677,,127.4873566,,27.20972635,2697.330257,2.381826501,1.042175363,0.902361841,10.63359417,3.102100991,,0.460950567,13.1667417,,0.132614878,18.24944662,14.09705168,0.874053239,3.509781425,6.111092819,26.56071789,2.986764836,,142.5440137,1.120757586,0.436762268,1.195139307,,,0.375500305,,11.652845,0.920441895,,948789.0,7.0,Miocene volcanic: felsic and intermediate rocks,volcanic: felsic and intermediate rocks,,13.0,Miocene,13.0,Miocene,#FFFF00,5.333,23.03,Miocene,subsurface_fluid,subsurface_sample,subsurface
SL_170214,SL_170214_S,CR17,SL,Santa Lucia,,CAM,CRI,2017.0,2017-02-14,plate margin,convergent,oceanic-continental subduction,volcanic arc,subaerial,Spring,,,,sedimentary,sedimentary,Cenozoic sedimentary rocks,,10.290599,-84.972435,165.0,57.0,6.12,2.82,,22.0,1.11,1478.02,0.15,111.0,26.62,,,,,,0.46,2.245,424.434,0.172,0.97,420.81,1.68,31.79,23.66,136.8,,78.6,261.5,1.8,182.5,3.8,8.5,,,,,,85.5,,27.6,,,,,,,,2.38,0.54,,,,,,,,,,,,,,,,,,,,,,761.3,153.8,,36.0,72.2,165.3,,,,,,70.0,,44.6,,,,,,,,0.69,0.24,,,,,,,,,,,,,,,,,,,,3.14,4.19,0.24,18.08,0.0,-77.1,-9.31,-5.28,-28.56,-26.31,-0.65,,,,,,,,,,,,,,,,,,,,,,,,,,,,3.84,34.7,,101000000000.0,,250.41,,PRJNA627197,10.1038/s41396-022-01331-7,sediment,coevolve,,,,,243.1705844349235,EarthChem,TO-080614-7,whole_rock,"IGNEOUS, VOLCANIC, PICRITE",TO-080614-7,10.2011,-85.0358,12.090917327700192,113.425394828,46.0,1.09,4.78,12.49,12.35330612,,0.178,32.1,4.93,0.37,0.17,,0.215461808,74.63101712,120.90078,,1605.941124,157.4816677,,127.4873566,,27.20972635,2697.330257,2.381826501,1.042175363,0.902361841,10.63359417,3.102100991,,0.460950567,13.1667417,,0.132614878,18.24944662,14.09705168,0.874053239,3.509781425,6.111092819,26.56071789,2.986764836,,142.5440137,1.120757586,0.436762268,1.195139307,,,0.375500305,,11.652845,0.920441895,,948789.0,7.0,Miocene volcanic: felsic and intermediate rocks,volcanic: felsic and intermediate rocks,,13.0,Miocene,13.0,Miocene,#FFFF00,5.333,23.03,Miocene,subsurface_sediment,subsurface_sample,subsurface
ET_170220_1,ET_170220_1_S,CR17,ET1,Eco Thermales,,CAM,CRI,2017.0,2017-02-19,plate margin,convergent,oceanic-continental subduction,volcanic arc,subaerial,Spring,,,,igneous,ign_felsic,Quaternary volcanic: felsic rocks,,10.484006,-84.675853,368.0,40.0,6.06,1.91,,13.4,0.86,1016.955,0.1,,47.63,,,,,289.297,,3.305,148.893,0.294,0.087,98.857,,25.414,88.47,70.096,,2087.6,89.6,1.8,139.7,3.8,13.7,,,,,,31.0,,30.2,,,,,,,,0.56,0.56,,,,,,,,,,,,,,,,,,,,,,3434.0,57.6,,36.0,227.9,100.6,,,,,,114.6,,38.4,,,,,,,,1.5,0.83,,,,,,,,,,,,,,,,,,,,1.05,1.64,0.16,,,-43.0,-5.12,,-28.68,-27.45,,51600.0,,,,,,,,,,0.0,,,,,,,,,,,,,,,,1.54,,,,,,,,PRJNA627197,10.1038/s41396-022-01331-7,sediment,coevolve,,,,,,EarthChem,AR82,whole_rock,"IGNEOUS, VOLCANIC, UNKNOWN",AR82,10.47,-84.73,6.12687936988057,99.32000000000001,54.64,0.61,19.04,,,7.19,0.15,4.76,9.04,3.08,0.64,,0.17,106.3,,,41.69,190.5,,577.7,0.63,26.63,47.97,2.82,1.55,0.99,,2.97,,,13.16,,,4.6,13.13,4.31,,10.1,22.75,2.88,,748.4,,,0.94,,,0.35,,15.52,1.49,61.75,3188297.0,154.0,Cenozoic volcanic rocks,intermediate-felsic volcanic rocks,,13.0,Miocene,13.0,Miocene,#FFFF00,5.333,23.03,Miocene,subsurface_sediment,subsurface_sample,subsurface
RV_170221,RV_170221_F,CR17,RV,Recreo Verde,,CAM,CRI,2017.0,2017-02-21,plate margin,convergent,oceanic-continental subduction,volcanic arc,subaerial,Spring,,,,igneous,ign_felsic,Quaternary volcanic: felsic rocks,,10.321576,-84.243686,557.0,42.7,6.19,45.0,,1.8,0.11,22776.9,2.91,426.0,46.7,,,,,517.614,0.799,,431.309,0.218,0.31,329.217,0.049,100.873,329.09,15.911,,280.2,404.5,5.9,310.5,7.0,17.0,,,,,,20.5,,27.0,,,,,,,,0.56,0.14,,,,,,,,,,,,,,,,,,,,,,88.7,14.6,,10.4,245.7,28.3,,,,,,129.5,,38.3,,,,,,,,2.32,0.13,,,,,,,,,,,,,,,,,,,,,,,,,-58.0,-7.45,-0.28,,,-4.71,1370000.0,994.0,0.00286,,0.00081,0.00026,1.4025,0.08927,4.5043,0.0,1000.0,-4.8,,,,,,,,,,,1227160.4938271604,11134.759717710316,347552.44755244756,0.576909531,5.63,6.68,4.38,1.4,218818048817.02,1310000.0,868.3,,PRJNA627197,10.1038/s41396-022-01331-7,fluid,coevolve,,,,,847.7912528633474,EarthChem,P-152,whole_rock,"IGNEOUS, VOLCANIC, BASALT, ALKALINE",P-152,10.3795,-84.3046,9.249622388036737,97.47999999999999,44.89,0.8,13.33,9.9,,,0.17,13.39,12.57,1.31,0.77,,0.35,,,,,,,2458.7,,133.59,,3.42,1.63,2.52,,6.78,,0.63,65.21,,0.23,7.27,63.09,5.38,16.57,105.0,,8.35,,2507.0,0.35,0.71,5.33,,,0.79,,14.97,1.5,53.0,3188297.0,154.0,Cenozoic volcanic rocks,intermediate-felsic volcanic rocks,,13.0,Miocene,13.0,Miocene,#FFFF00,5.333,23.03,Miocene,subsurface_fluid,subsurface_sample,subsurface
RS_170216,RS_170216_F,CR17,RS,Ranchero etl Salitral,,CAM,CRI,2017.0,2017-02-16,plate margin,convergent,oceanic-continental subduction,outer forearc,subaerial,Spring,,,,ign_volcanic,ign_mafic,Cretaceous volcanic: mafic rocks,,10.232331,-85.531602,82.0,29.4,9.96,0.27,,5.6,0.43,189.8155,0.01,16.0,,,,,,,1.011,2.979,5.661,0.124,0.37,297.86,23.91,51.36,55.58,42.48,,15.9,36.1,2.4,5.3,1.9,3.9,,,,,,382.3,,29.6,,,,,,,,3.55,0.18,,,,,,,,,,,,,,,,,,,,,,1865.4,102.9,,110.8,138.5,145.9,,,,,,73.7,,199.9,,,,,,,,1.29,0.34,,,,,,,,,,,,,,,,,,,,1.19,1.43,0.1,10.69,1.72,-68.7,-8.77,-16.04,-27.64,-27.03,-24.55,361000.0,0.0,0.66542,,0.0,0.22757,102.96,23.321,872.82,0.0,999.99,,,,,,,,,,,,,0.0,0.0,,0.5,2.66,30.67,,1180000000.0,,11.0,,PRJNA627197,10.1038/s41396-022-01331-7,fluid,coevolve,,,,,6.3922092913455915,EarthChem,3,whole_rock,"IGNEOUS, VOLCANIC, BASALT",3,10.1,-85.49,15.330513948733161,97.07260160000001,43.45,1.16,15.46,7.36,5.64,,0.06,8.45,12.7,2.53,0.82,,0.18,,,,,,,,,,,,,,,,,,,,,,,,,,,,,,,,,,,,,,,,948807.0,7.0,Cretaceous volcanic: mafic rocks,volcanic: mafic rocks,,33.0,Cretaceous,33.0,Cretaceous,#7FC64E,66.0,145.0,Mesozoic,subsurface_fluid,subsurface_sample,subsurface
RS_170216,RS_170216_S,CR17,RS,Ranchero etl Salitral,,CAM,CRI,2017.0,2017-02-16,plate margin,convergent,oceanic-continental subduction,outer forearc,subaerial,Spring,,,,ign_volcanic,ign_mafic,Cretaceous volcanic: mafic rocks,,10.232331,-85.531602,82.0,29.4,9.96,0.27,,5.6,0.43,189.8155,0.01,16.0,,,,,,,1.011,2.979,5.661,0.124,0.37,297.86,23.91,51.36,55.58,42.48,,15.9,36.1,2.4,5.3,1.9,3.9,,,,,,382.3,,29.6,,,,,,,,3.55,0.18,,,,,,,,,,,,,,,,,,,,,,1865.4,102.9,,110.8,138.5,145.9,,,,,,73.7,,199.9,,,,,,,,1.29,0.34,,,,,,,,,,,,,,,,,,,,1.19,1.43,0.1,10.69,1.72,-68.7,-8.77,-16.04,-27.64,-27.03,-24.55,361000.0,0.0,0.66542,,0.0,0.22757,102.96,23.321,872.82,0.0,999.99,,,,,,,,,,,,,0.0,0.0,,0.5,2.66,30.67,,1180000000.0,,11.0,,PRJNA627197,10.1038/s41396-022-01331-7,sediment,coevolve,,,,,6.3922092913455915,EarthChem,3,whole_rock,"IGNEOUS, VOLCANIC, BASALT",3,10.1,-85.49,15.330513948733161,97.07260160000001,43.45,1.16,15.46,7.36,5.64,,0.06,8.45,12.7,2.53,0.82,,0.18,,,,,,,,,,,,,,,,,,,,,,,,,,,,,,,,,,,,,,,,948807.0,7.0,Cretaceous volcanic: mafic rocks,volcanic: mafic rocks,,33.0,Cretaceous,33.0,Cretaceous,#7FC64E,66.0,145.0,Mesozoic,subsurface_sediment,subsurface_sample,subsurface
ES_170215_1,ES_170215_1_F,CR17,ES1,Estrada,,CAM,CRI,2017.0,2017-02-20,plate margin,convergent,oceanic-continental subduction,outer forearc,subaerial,Spring,,,,sedimentary,sedimentary,Cretaceous sedimentary,,9.899005,-85.453514,122.0,27.9,9.75,0.23,,48.3,3.79,166.3835,0.01,,,,,,,37.58,,5.004,15.37,0.067,0.002,52.647,10.679,5.474,0.972,12.344,,2.2,38.3,1.8,4.7,1.3,4.6,,,,,,52.9,,26.5,,,,,,,,2.54,0.1,,,,,,,,,,,,,,,,,,,,,,,,,,,,,,,,,,,,,,,,,,,,,,,,,,,,,,,,,,,,,,,,,,,,,-67.8,-8.64,,,,,27800.0,,,,,,,,,,0.0,,,,,,,,,,,,,,,,0.95,,,,,,50.17,,PRJNA627197,10.1038/s41396-022-01331-7,fluid,coevolve,,,,,,EarthChem,2PCA1000,whole_rock,"SEDIMENTARY, ARENITE, LITHIC-ARKOSIC",2PCA1000,9.8649,-85.4842,5.055407768093733,87.87,49.49,0.56,12.14,4.75,,,0.09,2.35,14.3,2.39,1.68,,0.12,,,,,,,790.0,,24.0,,2.5,1.55,0.88,,2.55,,0.54,14.2,,0.24,6.4,12.5,3.83,3.32,13.02,,2.4,,,0.47,0.35,1.78,,,0.73,,15.7,1.52,72.0,3186035.0,154.0,Mesozoic-Cenozoic volcanic rocks,mafic volcanic rocks,,24.0,Eocene,48.0,Jurassic,#9AD9DD,33.9,201.3,Phanerozoic,subsurface_fluid,subsurface_sample,subsurface
QN_170220,QN_170220_F,CR17,QN,Quebrada naranja - Don Tobias,,CAM,CRI,2017.0,2017-02-20,plate margin,convergent,oceanic-continental subduction,volcanic arc,subaerial,Spring,,,,igneous,ign_felsic,Quaternary volcanic: felsic rocks,,10.495573,-84.696714,429.0,22.9,5.6,0.2,,84.0,7.22,151.2335,0.01,23.0,23.82,,,,,10.99,,2.393,2.882,0.105,,10.575,9.373,4.692,7.048,29.257,,225.8,58.5,2.4,46.4,1.9,10.5,,,,,,52.6,,29.6,,,,,,,,1.74,0.08,,,,,,,,,,,,,,,,,,,,,,1273.4,259.8,,20.2,81.8,87.7,,,,,,79.9,,35.5,,,,,,,,0.58,0.06,,,,,,,,,,,,,,,,,,,,0.2,0.3,0.03,7.7,0.0,,,-1.95,-24.64,-21.48,-13.82,186000.0,926.0,64.968,,0.00431,0.00357,0.78154,0.09295,8.1496,0.0,1000.0,-2.76,-28.5,,,,,,,,,,214849.18793503483,9962.34534696073,14.25317079177441,5.163198032,3.15,4.89,1.82,0.58,40666504402.27,217000.0,123.67,,PRJNA627197,10.1038/s41396-022-01331-7,fluid,coevolve,,,,,138.23764715406847,EarthChem,AR82,whole_rock,"IGNEOUS, VOLCANIC, UNKNOWN",AR82,10.47,-84.73,4.61298111786548,99.32000000000001,54.64,0.61,19.04,,,7.19,0.15,4.76,9.04,3.08,0.64,,0.17,106.3,,,41.69,190.5,,577.7,0.63,26.63,47.97,2.82,1.55,0.99,,2.97,,,13.16,,,4.6,13.13,4.31,,10.1,22.75,2.88,,748.4,,,0.94,,,0.35,,15.52,1.49,61.75,3188297.0,154.0,Cenozoic volcanic rocks,intermediate-felsic volcanic rocks,,13.0,Miocene,13.0,Miocene,#FFFF00,5.333,23.03,Miocene,subsurface_fluid,subsurface_sample,subsurface
QN_170220,QN_170220_S,CR17,QN,Quebrada naranja - Don Tobias,,CAM,CRI,2017.0,2017-02-20,plate margin,convergent,oceanic-continental subduction,volcanic arc,subaerial,Spring,,,,igneous,ign_felsic,Quaternary volcanic: felsic rocks,,10.495573,-84.696714,429.0,22.9,5.6,0.2,,84.0,7.22,151.2335,0.01,23.0,23.82,,,,,10.99,,2.393,2.882,0.105,,10.575,9.373,4.692,7.048,29.257,,225.8,58.5,2.4,46.4,1.9,10.5,,,,,,52.6,,29.6,,,,,,,,1.74,0.08,,,,,,,,,,,,,,,,,,,,,,1273.4,259.8,,20.2,81.8,87.7,,,,,,79.9,,35.5,,,,,,,,0.58,0.06,,,,,,,,,,,,,,,,,,,,0.2,0.3,0.03,7.7,0.0,,,-1.95,-24.64,-21.48,-13.82,186000.0,926.0,64.968,,0.00431,0.00357,0.78154,0.09295,8.1496,0.0,1000.0,-2.76,-28.5,,,,,,,,,,214849.18793503483,9962.34534696073,14.25317079177441,5.163198032,3.15,4.89,1.82,0.58,40666504402.27,217000.0,123.67,,PRJNA627197,10.1038/s41396-022-01331-7,sediment,coevolve,,,,,138.23764715406847,EarthChem,AR82,whole_rock,"IGNEOUS, VOLCANIC, UNKNOWN",AR82,10.47,-84.73,4.61298111786548,99.32000000000001,54.64,0.61,19.04,,,7.19,0.15,4.76,9.04,3.08,0.64,,0.17,106.3,,,41.69,190.5,,577.7,0.63,26.63,47.97,2.82,1.55,0.99,,2.97,,,13.16,,,4.6,13.13,4.31,,10.1,22.75,2.88,,748.4,,,0.94,,,0.35,,15.52,1.49,61.75,3188297.0,154.0,Cenozoic volcanic rocks,intermediate-felsic volcanic rocks,,13.0,Miocene,13.0,Miocene,#FFFF00,5.333,23.03,Miocene,subsurface_sediment,subsurface_sample,subsurface
PB_170224,PB_170224,CR17,PB,Poas Volcano background soil,,CAM,CRI,2017.0,2017-02-24,plate margin,convergent,oceanic-continental subduction,volcanic arc,subaerial,Soils,,,,,,,,10.196777,-84.229892,2335.0,,,,,,,,,,,,,,,,,,,,,,,,,,,,,,,,,,,,,,,,,,,,,,,,,,,,,,,,,,,,,,,,,,,,,,,,,,,,,,,,,,,,,,,,,,,,,,,,,,,,,,,,,,,,,,,,,,,,,,,,,,,,,,,,,,,,,,0.0,,,,,,,,,,,,,,,,,,,,,,,,PRJNA627197,10.1038/s41396-022-01331-7,soil,coevolve,,,,,,EarthChem,P86,whole_rock,"IGNEOUS, VOLCANIC, BASALT",P86,10.2,-84.23,0.3566894649568977,98.2671222,49.1,1.03,15.6,4.62,5.74,,0.17,7.69,9.46,3.31,1.57,,0.44,56.0,,,112.0,,94.0,659.0,,,334.0,,,,,,,,,,,21.0,,,,24.0,,,,668.0,,,,,,,,21.0,,165.0,3188297.0,154.0,Cenozoic volcanic rocks,intermediate-felsic volcanic rocks,,13.0,Miocene,13.0,Miocene,#FFFF00,5.333,23.03,Miocene,terrestrial_soil,soil,surface
SC_180411,SC_180411_F,CR18,SC,El Salao Campollano,,CAM,PAN,2018.0,2018-04-11,plate margin,convergent,oceanic-continental subduction,forearc,subaerial,Spring,,,,igneous,ign_volcanic,Neogene volcanic: undivided volcanic rocks,,8.15755,-81.13097,136.0,29.9,6.5,40.61,,30.0,2.27,20557.425,2.59,1749.0,,,,,,14568.254,18.239,,197.385,,8.519,7588.049,13.799,371.816,153.36,476.224,,,,,,,,,,,,,,,,,,,,,,,,,,,,,,,,,,,,,,,,,,,,,,,,,,,,,,,,,,,,,,,,,,,,,,,,,,,,,,,,,,,,,,,,7.92,,,,,,,3.34,-22.62,,,104000.0,,,,,,,,,,0.0,,,,,,,,,,,,,,,0.007080659,6.22,7.59,4.8,1.53,,,2572.33,,PRJNA914269,10.1371/journal.pone.0281277,fluid,coevolve,,,,,2570.4961749215922,EarthChem,PAN-06-192,whole_rock,"IGNEOUS, VOLCANIC, BASALT",PAN-06-192,8.19058,-81.15116,4.277203780258054,98.925,50.5,0.79,20.91,9.37,,,0.17,3.24,11.13,2.34,0.35,,0.125,,22.0,,9.0,282.0,75.0,283.0,,8.62,,2.55,1.63,0.81,,2.34,,0.55,3.87,,0.25,1.67,6.56,1.47,1.34,5.04,33.0,1.96,,508.0,0.08,0.4,0.24,,,0.11,,16.0,1.57,26.0,3188281.0,154.0,Cenozoic volcanic rocks,felsic volcanic rocks,,13.0,Miocene,13.0,Miocene,#FFFF00,5.333,23.03,Miocene,subsurface_fluid,subsurface_sample,subsurface
SC_180411,SC_180411_S,CR18,SC,El Salao Campollano,,CAM,PAN,2018.0,2018-04-11,plate margin,convergent,oceanic-continental subduction,forearc,subaerial,Spring,,,,igneous,ign_volcanic,Neogene volcanic: undivided volcanic rocks,,8.15755,-81.13097,136.0,29.9,6.5,40.61,,30.0,2.27,20557.425,2.59,1749.0,,,,,,14568.254,18.239,,197.385,,8.519,7588.049,13.799,371.816,153.36,476.224,,,,,,,,,,,,,,,,,,,,,,,,,,,,,,,,,,,,,,,,,,,,,,,,,,,,,,,,,,,,,,,,,,,,,,,,,,,,,,,,,,,,,,,,7.92,,,,,,,3.34,-22.62,,,104000.0,,,,,,,,,,0.0,,,,,,,,,,,,,,,0.007080659,6.22,7.59,4.8,1.53,,,2572.33,,PRJNA914269,10.1371/journal.pone.0281277,sediment,coevolve,,,,,2570.4961749215922,EarthChem,PAN-06-192,whole_rock,"IGNEOUS, VOLCANIC, BASALT",PAN-06-192,8.19058,-81.15116,4.277203780258054,98.925,50.5,0.79,20.91,9.37,,,0.17,3.24,11.13,2.34,0.35,,0.125,,22.0,,9.0,282.0,75.0,283.0,,8.62,,2.55,1.63,0.81,,2.34,,0.55,3.87,,0.25,1.67,6.56,1.47,1.34,5.04,33.0,1.96,,508.0,0.08,0.4,0.24,,,0.11,,16.0,1.57,26.0,3188281.0,154.0,Cenozoic volcanic rocks,felsic volcanic rocks,,13.0,Miocene,13.0,Miocene,#FFFF00,5.333,23.03,Miocene,subsurface_sediment,subsurface_sample,subsurface
LW_180405,LW_180405_F,CR18,LW,Laurel,,CAM,CRI,2018.0,2018-04-05,plate margin,convergent,oceanic-continental subduction,forearc,subaerial,Well,,,,sedimentary,sedimentary,Cenozoic sedimentary rocks,,8.44119,-82.90487,32.0,31.5,7.13,0.57,,3.5,0.26,341.77,0.03,305.0,,,,,,5.3,,,0.773,,0.035,45.359,3.121,10.205,18.35,19.238,,,,,,,,,,,,,,,,,,,,,,,,,,,,,,,,,,,,,,,,,,,,,,,,,,,,,,,,,,,,,,,,,,,,,,,,,,,,,,,,,,,,,,,,0.53,,,,,,,-2.95,-34.5,,,783000.0,816.9155,157.5839,,0.01016,0.04122,3.67501,0.6414,21.13289,0.0,1000.0,-9.13,-74.7,,,,,,,,,,80405.06889763779,1273.6443716869348,5.184003568892507,,,1.2,,,,,312.9,,PRJNA914269,10.1371/journal.pone.0281277,fluid,coevolve,,,,,309.5579606573538,EarthChem,TC-8,whole_rock,"IGNEOUS, VOLCANIC, ADAKITE",TC-8,8.6248,-82.9178,20.35686622271721,98.03,55.69,1.15,14.24,6.62,,,0.08,4.91,8.17,2.96,3.65,,0.56,,,,,197.54,,1914.59,,169.0,104.82,3.28,1.38,2.39,,6.53,,0.55,74.21,,0.15,14.54,64.66,11.25,17.8,89.0,,9.77,,2134.0,0.74,0.73,16.93,,,4.63,,15.04,1.11,256.0,3186036.0,154.0,Cenozoic sedimentary rocks,sedimentary rocks,,421.0,Quaternary,421.0,Quaternary,#F9F97F,0.0,2.588,Cenozoic,subsurface_fluid,subsurface_sample,subsurface
LW_180405,LW_180405_S,CR18,LW,Laurel,,CAM,CRI,2018.0,2018-04-05,plate margin,convergent,oceanic-continental subduction,forearc,subaerial,Well,,,,sedimentary,sedimentary,Cenozoic sedimentary rocks,,8.44119,-82.90487,32.0,31.5,7.13,0.57,,3.5,0.26,341.77,0.03,305.0,,,,,,5.3,,,0.773,,0.035,45.359,3.121,10.205,18.35,19.238,,,,,,,,,,,,,,,,,,,,,,,,,,,,,,,,,,,,,,,,,,,,,,,,,,,,,,,,,,,,,,,,,,,,,,,,,,,,,,,,,,,,,,,,0.53,,,,,,,-2.95,-34.5,,,783000.0,816.9155,157.5839,,0.01016,0.04122,3.67501,0.6414,21.13289,0.0,1000.0,-9.13,-74.7,,,,,,,,,,80405.06889763779,1273.6443716869348,5.184003568892507,,,1.2,,,,,312.9,,PRJNA914269,10.1371/journal.pone.0281277,sediment,coevolve,,,,,309.5579606573538,EarthChem,TC-8,whole_rock,"IGNEOUS, VOLCANIC, ADAKITE",TC-8,8.6248,-82.9178,20.35686622271721,98.03,55.69,1.15,14.24,6.62,,,0.08,4.91,8.17,2.96,3.65,,0.56,,,,,197.54,,1914.59,,169.0,104.82,3.28,1.38,2.39,,6.53,,0.55,74.21,,0.15,14.54,64.66,11.25,17.8,89.0,,9.77,,2134.0,0.74,0.73,16.93,,,4.63,,15.04,1.11,256.0,3186036.0,154.0,Cenozoic sedimentary rocks,sedimentary rocks,,421.0,Quaternary,421.0,Quaternary,#F9F97F,0.0,2.588,Cenozoic,subsurface_sediment,subsurface_sample,subsurface
MC_180404,MC_180404_F,CR18,MC,Montecarlo - Bernardino,,CAM,CRI,2018.0,2018-04-04,plate margin,convergent,oceanic-continental subduction,forearc,subaerial,Spring,,,,sedimentary,sedimentary,Pliocene sedimentary,,9.34391,-83.59565,812.0,31.8,9.58,2.18,,22.7,1.68,1150.78,0.11,2.0,,,,,,711.246,1.25,,474.283,,0.053,350.673,0.44,3.59,0.21,153.75,,,,,,,,,,,,,,,,,,,,,,,,,,,,,,,,,,,,,,,,,,,,,,,,,,,,,,,,,,,,,,,,,,,,,,,,,,,,,,,,,,,,,,,,0.28,0.4,,,,,,-14.31,-24.78,,-26.86,155000.0,0.0,0.63037,,0.22104,0.16169,16.01988,15.52784,967.4392,0.0,1000.0,0.0,,,,,,,,,,,0.0,0.0,0.0,,,2.36,,,,,1.76,,PRJNA914269,10.1371/journal.pone.0281277,fluid,coevolve,,,,,0.0,EarthChem,SI221001,whole_rock,"IGNEOUS, PLUTONIC, GABBRO",SI221001,9.347331,-83.56199,3.7169143886184095,96.499,45.15,0.704,16.06,,,11.09,0.197,9.13,12.19,1.41,0.48,,0.088,114.955431018299,,0.416401760065598,55.0950517985827,307.546413076487,90.6966030752604,231.75688584372,,6.22989531532792,87.0,2.07853134800856,1.28582270743138,0.629919007494783,14.8251743844922,1.88445395768958,,0.408167375966761,2.89561333004541,,0.174421489410971,0.733990546332887,5.03206962990313,1.70701744263337,1.01298999375871,11.2442136718175,49.8123366591128,1.58710173250783,0.386825036761016,395.122730196283,0.0590639887160626,0.347234232204378,0.286129805546653,,0.010339890123691,0.167497549910279,,11.2304910921745,1.08885294774921,18.6709291550104,967024.0,7.0,Pliocene sedimentary,sedimentary,,10.0,Pliocene,10.0,Pliocene,#FFFF99,2.588,5.333,Pliocene,subsurface_fluid,subsurface_sample,subsurface
MC_180404,MC_180404_S,CR18,MC,Montecarlo - Bernardino,,CAM,CRI,2018.0,2018-04-04,plate margin,convergent,oceanic-continental subduction,forearc,subaerial,Spring,,,,sedimentary,sedimentary,Pliocene sedimentary,,9.34391,-83.59565,812.0,31.8,9.58,2.18,,22.7,1.68,1150.78,0.11,2.0,,,,,,711.246,1.25,,474.283,,0.053,350.673,0.44,3.59,0.21,153.75,,,,,,,,,,,,,,,,,,,,,,,,,,,,,,,,,,,,,,,,,,,,,,,,,,,,,,,,,,,,,,,,,,,,,,,,,,,,,,,,,,,,,,,,0.28,0.4,,,,,,-14.31,-24.78,,-26.86,155000.0,0.0,0.63037,,0.22104,0.16169,16.01988,15.52784,967.4392,0.0,1000.0,0.0,,,,,,,,,,,0.0,0.0,0.0,,,2.36,,,,,1.76,,PRJNA914269,10.1371/journal.pone.0281277,sediment,coevolve,,,,,0.0,EarthChem,SI221001,whole_rock,"IGNEOUS, PLUTONIC, GABBRO",SI221001,9.347331,-83.56199,3.7169143886184095,96.499,45.15,0.704,16.06,,,11.09,0.197,9.13,12.19,1.41,0.48,,0.088,114.955431018299,,0.416401760065598,55.0950517985827,307.546413076487,90.6966030752604,231.75688584372,,6.22989531532792,87.0,2.07853134800856,1.28582270743138,0.629919007494783,14.8251743844922,1.88445395768958,,0.408167375966761,2.89561333004541,,0.174421489410971,0.733990546332887,5.03206962990313,1.70701744263337,1.01298999375871,11.2442136718175,49.8123366591128,1.58710173250783,0.386825036761016,395.122730196283,0.0590639887160626,0.347234232204378,0.286129805546653,,0.010339890123691,0.167497549910279,,11.2304910921745,1.08885294774921,18.6709291550104,967024.0,7.0,Pliocene sedimentary,sedimentary,,10.0,Pliocene,10.0,Pliocene,#FFFF99,2.588,5.333,Pliocene,subsurface_sediment,subsurface_sample,subsurface
BC_180410,BC_180410,CR18,BC,Los Bajos the Corera (aka shit pool),,CAM,PAN,2018.0,2018-04-10,plate margin,convergent,oceanic-continental subduction,volcanic arc,subaerial,Spring,,,,igneous,ign_felsic,Miocene volcanic: felsic and intermediate rocks,,8.806037,-79.790968,18.0,31.8,7.5,18.48,,51.2,3.74,9381.775,1.09,2671.0,,0.03,,,,5868.323,11.413,,40.263,,4.025,3532.2,1.515,237.207,139.513,17.707,,,,,,,,,,,,,,,,,,,,,,,,,,,,,,,,,,,,,,,,,,,,,,,,,,,,,,,,,,,,,,,,,,,,,,,,,,,,,,,,,,,,,,,,,,,,,,,2.34,,,,1070000.0,996.8411,0.02655,,0.0,0.0,1.60797,0.07801,1.44636,0.0,1000.0,-4.25,,,,,,,,,,,inf,12778.375849250097,37545.80414312617,0.006489,2.01,4.0,1.51,0.48,54591379452165.7,,2501.91,,PRJNA914269,10.1371/journal.pone.0281277,fluid,coevolve,,,,,2499.399197827563,EarthChem,PAN-06-216,whole_rock,"IGNEOUS, VOLCANIC, ANDESITE",PAN-06-216,8.615257,-79.80771,21.180499311735126,98.431,55.9,0.76,16.57,8.24,,,0.15,4.3,8.14,3.0,1.17,,0.201,,24.0,,22.0,232.0,81.0,423.0,,22.72,,3.64,2.24,1.01,,3.62,,0.77,10.77,,0.33,4.83,13.85,3.02,3.2,22.77,32.0,3.4,,469.0,0.27,0.58,1.62,,,0.74,,22.0,2.19,120.0,3188281.0,154.0,Cenozoic volcanic rocks,felsic volcanic rocks,,13.0,Miocene,13.0,Miocene,#FFFF00,5.333,23.03,Miocene,subsurface_fluid,subsurface_sample,subsurface
CH_180410,CH_180410_F,CR18,CH,Chiguiri Abajo,,CAM,PAN,2018.0,2018-04-10,plate margin,convergent,oceanic-continental subduction,volcanic arc,subaerial,Spring,,,,igneous,ign_felsic,Miocene volcanic: felsic and intermediate rocks,,8.70508,-80.26919,216.0,31.1,7.0,12.28,,40.5,3.04,6250.775,0.7,1570.0,,,,,,2657.382,5.533,,1620.927,,0.283,2520.24,,131.303,67.483,16.9,,,,,,,,,,,,,,,,,,,,,,,,,,,,,,,,,,,,,,,,,,,,,,,,,,,,,,,,,,,,,,,,,,,,,,,,,,,,,,,,,,,,,,,,12.93,,,,,,,2.01,-28.81,,,293000.0,984.5248,0.04528,,0.01541,0.00018,1.87498,0.3765,13.16284,0.0,1000.0,,,,,,,,,,,,63888.69565217391,2614.9397078353254,21743.03886925795,13.08,6.37,6.38,332.4,105.9,8441066525.26,,1671.02,,PRJNA914269,10.1371/journal.pone.0281277,fluid,coevolve,,,,,1669.5287288628367,EarthChem,PAN-06-086,whole_rock,"IGNEOUS, VOLCANIC, ANDESITE",PAN-06-086,8.68187,-80.299835,4.2382783812233,98.014,60.4,0.6,16.53,6.37,,,0.13,2.59,5.46,3.9,1.8,,0.234,,16.0,,10.0,133.0,73.0,739.0,,22.99,,2.61,1.57,0.86,,3.02,,0.54,11.35,,0.25,4.52,12.44,3.46,2.99,33.57,14.0,2.82,,594.0,0.24,0.43,1.27,,,0.59,,16.0,1.57,85.0,3188281.0,154.0,Cenozoic volcanic rocks,felsic volcanic rocks,,13.0,Miocene,13.0,Miocene,#FFFF00,5.333,23.03,Miocene,subsurface_fluid,subsurface_sample,subsurface
CH_180410,CH_180410_S,CR18,CH,Chiguiri Abajo,,CAM,PAN,2018.0,2018-04-10,plate margin,convergent,oceanic-continental subduction,volcanic arc,subaerial,Spring,,,,igneous,ign_felsic,Miocene volcanic: felsic and intermediate rocks,,8.70508,-80.26919,216.0,31.1,7.0,12.28,,40.5,3.04,6250.775,0.7,1570.0,,,,,,2657.382,5.533,,1620.927,,0.283,2520.24,,131.303,67.483,16.9,,,,,,,,,,,,,,,,,,,,,,,,,,,,,,,,,,,,,,,,,,,,,,,,,,,,,,,,,,,,,,,,,,,,,,,,,,,,,,,,,,,,,,,,12.93,,,,,,,2.01,-28.81,,,293000.0,984.5248,0.04528,,0.01541,0.00018,1.87498,0.3765,13.16284,0.0,1000.0,,,,,,,,,,,,63888.69565217391,2614.9397078353254,21743.03886925795,13.08,6.37,6.38,332.4,105.9,8441066525.26,,1671.02,,PRJNA914269,10.1371/journal.pone.0281277,sediment,coevolve,,,,,1669.5287288628367,EarthChem,PAN-06-086,whole_rock,"IGNEOUS, VOLCANIC, ANDESITE",PAN-06-086,8.68187,-80.299835,4.2382783812233,98.014,60.4,0.6,16.53,6.37,,,0.13,2.59,5.46,3.9,1.8,,0.234,,16.0,,10.0,133.0,73.0,739.0,,22.99,,2.61,1.57,0.86,,3.02,,0.54,11.35,,0.25,4.52,12.44,3.46,2.99,33.57,14.0,2.82,,594.0,0.24,0.43,1.27,,,0.59,,16.0,1.57,85.0,3188281.0,154.0,Cenozoic volcanic rocks,felsic volcanic rocks,,13.0,Miocene,13.0,Miocene,#FFFF00,5.333,23.03,Miocene,subsurface_sediment,subsurface_sample,subsurface
LP_180406,LP_180406_F,CR18,LP,Los Pozos Thermales (warm),,CAM,PAN,2018.0,2018-04-06,plate margin,convergent,oceanic-continental subduction,volcanic arc,subaerial,Well,,,,igneous,ign_felsic,Miocene volcanic: felsic and intermediate rocks,,8.86966,-82.69282,1651.0,39.1,6.52,5.1,,32.0,2.08,2627.4,0.27,963.0,,,,,,1079.319,1.617,,167.063,,1.773,967.983,0.36,110.843,36.803,41.533,,,,,,,,,,,,,,,,,,,,,,,,,,,,,,,,,,,,,,,,,,,,,,,,,,,,,,,,,,,,,,,,,,,,,,,,,,,,,,,,,,,,,,,,3.49,,,,,,,-1.47,-29.77,,,144000.0,991.2468,0.00021,,0.00028,0.0002,1.88897,0.06911,6.79441,0.0,1000.0,,,,,,,,,,,,3540167.142857143,14343.029952250035,4720222.857142857,0.14,6.34,7.0,9.11,2.9,794232194344.08,,1378.8,,PRJNA914269,10.1371/journal.pone.0281277,fluid,coevolve,,,,,1354.1405847655797,EarthChem,PAN-06-016	,whole_rock,"IGNEOUS, VOLCANIC, ANDESITE, BASALTIC",PAN-06-016	,8.824062,-82.686745,5.0872475862157005,98.931,55.3,0.92,17.46,7.63,,,0.11,3.36,8.2,2.9,2.72,,0.331,,22.0,,15.0,265.0,80.0,1187.0,,71.45,,2.24,0.93,1.67,,4.44,,0.39,40.9,,0.12,4.68,39.14,9.55,10.12,40.56,19.0,6.3,,2119.0,0.23,0.45,10.21,,,2.71,,12.0,0.83,127.0,948780.0,7.0,Miocene volcanic: felsic and intermediate rocks,volcanic: felsic and intermediate rocks,,13.0,Miocene,13.0,Miocene,#FFFF00,5.333,23.03,Miocene,subsurface_fluid,subsurface_sample,subsurface
LH_180406,LH_180406_F,CR18,LH,Los Pozos Thermales (hot),,CAM,PAN,2018.0,2018-04-06,plate margin,convergent,oceanic-continental subduction,volcanic arc,subaerial,Well,,,,igneous,ign_felsic,Miocene volcanic: felsic and intermediate rocks,,8.87095,-82.6899,1676.0,55.4,6.72,7.1,,12.0,0.62,3637.4,0.39,1207.0,,0.01,,,,1346.186,2.527,,243.37,,2.31,1384.943,0.273,113.307,32.397,51.297,,,,,,,,,,,,,,,,,,,,,,,,,,,,,,,,,,,,,,,,,,,,,,,,,,,,,,,,,,,,,,,,,,,,,,,,,,,,,,,,,,,,,,,,0.42,,,,,,,-2.2,-23.25,,,271000.0,997.3325,0.0001,,0.00015,0.00091,0.57498,0.04788,2.0435,0.0,1000.0,,,,,,,,,,,,6648883.333333334,20829.83500417711,9973325.0,0.032691899,7.48,7.62,45.58,14.52,2913199250395.63,,1476.06,,PRJNA914269,10.1371/journal.pone.0281277,fluid,coevolve,,,,,1456.1843406731941,EarthChem,PAN-06-016	,whole_rock,"IGNEOUS, VOLCANIC, ANDESITE, BASALTIC",PAN-06-016	,8.824062,-82.686745,5.197439004104587,98.931,55.3,0.92,17.46,7.63,,,0.11,3.36,8.2,2.9,2.72,,0.331,,22.0,,15.0,265.0,80.0,1187.0,,71.45,,2.24,0.93,1.67,,4.44,,0.39,40.9,,0.12,4.68,39.14,9.55,10.12,40.56,19.0,6.3,,2119.0,0.23,0.45,10.21,,,2.71,,12.0,0.83,127.0,948780.0,7.0,Miocene volcanic: felsic and intermediate rocks,volcanic: felsic and intermediate rocks,,13.0,Miocene,13.0,Miocene,#FFFF00,5.333,23.03,Miocene,subsurface_fluid,subsurface_sample,subsurface
LH_180406,LH_180406_S,CR18,LH,Los Pozos Thermales (hot),,CAM,PAN,2018.0,2018-04-06,plate margin,convergent,oceanic-continental subduction,volcanic arc,subaerial,Well,,,,igneous,ign_felsic,Miocene volcanic: felsic and intermediate rocks,,8.87095,-82.6899,1676.0,55.4,6.72,7.1,,12.0,0.62,3637.4,0.39,1207.0,,0.01,,,,1346.186,2.527,,243.37,,2.31,1384.943,0.273,113.307,32.397,51.297,,,,,,,,,,,,,,,,,,,,,,,,,,,,,,,,,,,,,,,,,,,,,,,,,,,,,,,,,,,,,,,,,,,,,,,,,,,,,,,,,,,,,,,,0.42,,,,,,,-2.2,-23.25,,,271000.0,997.3325,0.0001,,0.00015,0.00091,0.57498,0.04788,2.0435,0.0,1000.0,,,,,,,,,,,,6648883.333333334,20829.83500417711,9973325.0,0.032691899,7.48,7.62,45.58,14.52,2913199250395.63,,1476.06,,PRJNA914269,10.1371/journal.pone.0281277,sediment,coevolve,,,,,1456.1843406731941,EarthChem,PAN-06-016	,whole_rock,"IGNEOUS, VOLCANIC, ANDESITE, BASALTIC",PAN-06-016	,8.824062,-82.686745,5.197439004104587,98.931,55.3,0.92,17.46,7.63,,,0.11,3.36,8.2,2.9,2.72,,0.331,,22.0,,15.0,265.0,80.0,1187.0,,71.45,,2.24,0.93,1.67,,4.44,,0.39,40.9,,0.12,4.68,39.14,9.55,10.12,40.56,19.0,6.3,,2119.0,0.23,0.45,10.21,,,2.71,,12.0,0.83,127.0,948780.0,7.0,Miocene volcanic: felsic and intermediate rocks,volcanic: felsic and intermediate rocks,,13.0,Miocene,13.0,Miocene,#FFFF00,5.333,23.03,Miocene,subsurface_sediment,subsurface_sample,subsurface
HA_180403,HA_180403_F,CR18,HA,Hattillo (Agua Caliente Quepos),,CAM,CRI,2018.0,2018-04-03,plate margin,convergent,oceanic-continental subduction,forearc,subaerial,Spring,,,,sedimentary,sedimentary,Paleogene sedimentary,,9.36022,-83.91664,118.0,33.0,8.88,4.36,,25.6,1.87,2255.215,0.23,6.0,,,,,,970.565,1.833,,948.703,,,618.727,0.12,2.017,0.087,430.86,,,,,,,,,,,,,,,,,,,,,,,,,,,,,,,,,,,,,,,,,,,,,,,,,,,,,,,,,,,,,,,,,,,,,,,,,,,,,,,,,,,,,,,,,,,,,,,-21.19,,,,637000.0,31.24441,0.30934,,0.41874,0.0748,31.21302,6.9009,930.0755,0.0,1000.24,,,,,,,,,,,,74.61529827577972,4.5275848077786955,101.0034589771772,484.13,1.67,1.67,330.52,105.3,27603429.59,,5.28,,PRJNA914269,10.1371/journal.pone.0281277,fluid,coevolve,,,,,4.5022459522532206,EarthChem,DO-021406-1,whole_rock,"IGNEOUS, PLUTONIC, GABBRO",DO-021406-1,9.2061,-83.8015,21.2275347172822,90.53,44.15,1.12,15.28,12.09,,,0.17,4.62,9.21,2.68,1.02,,0.19,490.0,,,27.0,450.28,68.0,310.55,,14.28,99.0,3.4,2.01,1.03,,3.26,,0.67,7.47,,0.31,1.55,11.15,0.79,2.38,17.0,,3.15,,417.0,0.1,0.54,0.74,,,0.37,,20.89,2.02,45.0,3188281.0,154.0,Cenozoic volcanic rocks,felsic volcanic rocks,,13.0,Miocene,13.0,Miocene,#FFFF00,5.333,23.03,Miocene,subsurface_fluid,subsurface_sample,subsurface
YR_180404,YR_180404_F,CR18,YR,Yheri,,CAM,CRI,2018.0,2018-04-04,plate margin,convergent,oceanic-continental subduction,volcanic arc,subaerial,Spring,,,,sedimentary,sedimentary,Pliocene sedimentary,,9.19492,-83.28059,469.0,26.0,8.92,4.06,,10.0,0.81,2102.2,0.21,3.0,,0.34,,,,1346.569,3.04,,8.48,,0.285,518.022,1.615,3.31,1.145,336.97,,,,,,,,,,,,,,,,,,,,,,,,,,,,,,,,,,,,,,,,,,,,,,,,,,,,,,,,,,,,,,,,,,,,,,,,,,,,,,,,,,,,,,,,,,,,,,,-21.07,,,,165000.0,,,,,,,,,,0.0,-19.34,,,,,,,,,,,,,,,,2.87,,,,,2.64,,PRJNA914269,10.1371/journal.pone.0281277,fluid,coevolve,,,,,2.1609777693001204,EarthChem,04-04,whole_rock,"IGNEOUS, PLUTONIC, GRANODIORITE",04-04,9.234519,-83.27751,4.3928174596388585,98.22,58.4,0.74,15.5,7.97,,,0.17,3.14,5.8,3.07,3.21,,0.22,112.0,,,,211.16,79.0,1757.96,,62.95,15.75,18.21,12.46,2.92,,16.02,,3.87,40.44,,1.7,12.96,47.98,9.4,10.82,82.0,,12.79,,429.0,1.12,2.56,7.05,,,2.93,,143.15,11.05,183.0,967024.0,7.0,Pliocene sedimentary,sedimentary,,10.0,Pliocene,10.0,Pliocene,#FFFF99,2.588,5.333,Pliocene,subsurface_fluid,subsurface_sample,subsurface
GE_180403,GE_180403_S,CR18,GE,Gevi,,CAM,CRI,2018.0,2018-04-03,plate margin,convergent,oceanic-continental subduction,volcanic arc,subaerial,Spring,,,,sedimentary,sedimentary,Pliocene sedimentary,,9.1948333,-83.280806,456.0,35.8,7.78,0.48,,84.5,5.83,293.795,0.02,59.0,,,,,,38.15,0.097,,111.283,,,,,,,,,,,,,,,,,,,,,,,,,,,,,,,,,,,,,,,,,,,,,,,,,,,,,,,,,,,,,,,,,,,,,,,,,,,,,,,,,,,,,,,,,,,,,,,0.48,1.19,,,,,,-18.15,-24.3,,-28.42,2360.0,918.7167,0.0,,0.0,0.0,26.48606,1.64722,53.15,0.0,1000.0,-15.33,,,,,,,,,,,inf,557.7377035247265,inf,,,,,,,,53.69,,PRJNA914269,10.1371/journal.pone.0281277,sediment,coevolve,,,,,53.37940498489321,,,,,,,,,,,,,,,,,,,,,,,,,,,,,,,,,,,,,,,,,,,,,,,,,,,,,,,,,,,,,,967024.0,7.0,Pliocene sedimentary,sedimentary,,10.0,Pliocene,10.0,Pliocene,#FFFF99,2.588,5.333,Pliocene,subsurface_sediment,subsurface_sample,subsurface
BW_180407,BW_180407_F,CR18,BW,Bajo Mendez Well,,CAM,PAN,2018.0,2018-04-07,plate margin,convergent,oceanic-continental subduction,volcanic arc,subaerial,Well,,,,igneous,ign_felsic,Miocene volcanic: felsic and intermediate rocks,,8.66581,-82.34867,326.0,43.2,9.05,2.85,,3.0,0.18,1492.16,0.15,19.0,,,,,,763.609,1.823,,124.07,,0.049,288.71,0.233,2.34,0.293,308.467,,,,,,,,,,,,,,,,,,,,,,,,,,,,,,,,,,,,,,,,,,,,,,,,,,,,,,,,,,,,,,,,,,,,,,,,,,,,,,,,,,,,,,,,,,,,,,,-14.14,,,,99600.0,0.0,0.37905,,0.77864,0.00615,28.44511,7.50296,962.8881,0.0,1000.0,,,,,,,,,,,,0.0,0.0,0.0,,,,,,,,16.03,,PRJNA914269,10.1371/journal.pone.0281277,fluid,coevolve,,,,,14.027542517511222,EarthChem,PAN-06-033,whole_rock,"IGNEOUS, VOLCANIC, BASALT",PAN-06-033,8.664001,-82.257164,10.072889619350832,98.368,49.8,1.46,18.39,11.53,,,0.17,3.4,9.75,3.1,0.45,,0.318,,30.0,,11.0,328.0,102.0,398.0,,22.88,,5.85,3.46,1.56,,5.94,,1.21,10.27,,0.46,7.05,17.8,3.59,3.65,7.08,36.0,5.15,,422.0,0.34,0.94,1.14,,,0.47,,35.0,3.11,107.0,948780.0,7.0,Miocene volcanic: felsic and intermediate rocks,volcanic: felsic and intermediate rocks,,13.0,Miocene,13.0,Miocene,#FFFF00,5.333,23.03,Miocene,subsurface_fluid,subsurface_sample,subsurface
CL_180409,CL_180409_F,CR18,CL,Calobre,,CAM,PAN,2018.0,2018-04-09,plate margin,convergent,oceanic-continental subduction,volcanic arc,subaerial,Spring,,,,igneous,ign_volcanic,Neogene volcanic: undivided volcanic rocks,,8.40448,-80.80375,289.0,50.9,7.5,2.96,,28.6,1.59,1546.7,0.15,35.0,,,,,,245.769,0.38,,959.1,,0.139,438.67,0.133,2.74,2.927,249.39,,,,,,,,,,,,,,,,,,,,,,,,,,,,,,,,,,,,,,,,,,,,,,,,,,,,,,,,,,,,,,,,,,,,,,,,,,,,,,,,,,,,,,,,0.14,,,,,,,-5.29,-24.69,,,197000.0,17.5759,2.51704,,0.49831,0.00392,4.78074,11.17906,963.445,0.0,1000.0,0.0,,,,,,,,,,,35.27101603419558,1.5722162686308152,6.982765470552713,447.77,8.78,8.86,102.27,32.58,3193287.79,,32.57,,PRJNA914269,10.1371/journal.pone.0281277,fluid,coevolve,,,,,32.5085965425419,EarthChem,11-10-88,whole_rock,"IGNEOUS, VOLCANIC, UNKNOWN",11-10-88,8.47,-80.82,7.464080393515411,99.32,74.6,0.32,13.2,1.92,,,0.03,0.45,2.04,3.52,3.18,,0.06,,,,0.0,,,1350.0,,35.0,3.0,3.0,1.8,0.76,,2.6,,0.59,20.1,,0.29,12.0,17.4,,,92.0,,3.2,,284.0,,0.4,4.4,,,1.6,,24.0,2.0,101.0,3188281.0,154.0,Cenozoic volcanic rocks,felsic volcanic rocks,,13.0,Miocene,13.0,Miocene,#FFFF00,5.333,23.03,Miocene,subsurface_fluid,subsurface_sample,subsurface
CI_180408,CI_180408_F,CR18,CI,Coiba Island,,CAM,PAN,2018.0,2018-04-08,plate margin,convergent,oceanic-continental subduction,outer forearc,subaerial,Spring,,,,sedimentary,sedimentary,Paleogene sedimentary,,7.44104,-81.73277,50.0,48.3,9.0,1.1,,17.8,1.02,606.895,0.05,6.0,,,,,,81.96,0.29,,336.82,,0.007,201.415,5.827,2.346,6.222,20.28,,,,,,,,,,,,,,,,,,,,,,,,,,,,,,,,,,,,,,,,,,,,,,,,,,,,,,,,,,,,,,,,,,,,,,,,,,,,,,,,,,,,,,,,,,,,,,,-14.23,,,,36300.0,944.5544,0.0827,,0.00203,0.00172,10.29993,0.63115,44.42805,0.0,1000.0,,-41.6,,,,,,,,,,465297.73399014777,1496.5608809316327,11421.455864570738,34.65,1.26,1.31,6.66,2.12,15452325334.55,,5.28,,PRJNA914269,10.1371/journal.pone.0281277,fluid,coevolve,,,,,2.918336855599514,EarthChem,DB06-125,whole_rock,"IGNEOUS, VOLCANIC, BASALT",DB06-125,7.50433,-81.68118,9.02328306984688,98.54,47.7,1.21,14.48,11.84,,,0.21,8.18,12.41,2.32,0.09,,0.1,,,,114.0,341.0,,18.0,,8.36,368.0,3.98,2.41,0.95,,3.31,,0.9,3.15,,0.34,3.41,7.33,0.41,1.39,0.89,51.0,2.39,,130.0,,0.56,0.23,,,0.08,,22.11,2.4,58.53,3184392.0,154.0,Cenozoic sedimentary rocks,sedimentary rocks,,20.0,Paleogene,20.0,Paleogene,#FD9A52,23.03,66.0,Cenozoic,subsurface_fluid,subsurface_sample,subsurface
CI_180408,CI_180408_S,CR18,CI,Coiba Island,,CAM,PAN,2018.0,2018-04-08,plate margin,convergent,oceanic-continental subduction,outer forearc,subaerial,Spring,,,,sedimentary,sedimentary,Paleogene sedimentary,,7.44104,-81.73277,50.0,48.3,9.0,1.1,,17.8,1.02,606.895,0.05,6.0,,,,,,81.96,0.29,,336.82,,0.007,201.415,5.827,2.346,6.222,20.28,,,,,,,,,,,,,,,,,,,,,,,,,,,,,,,,,,,,,,,,,,,,,,,,,,,,,,,,,,,,,,,,,,,,,,,,,,,,,,,,,,,,,,,,,,,,,,,-14.23,,,,36300.0,944.5544,0.0827,,0.00203,0.00172,10.29993,0.63115,44.42805,0.0,1000.0,,-41.6,,,,,,,,,,465297.73399014777,1496.5608809316327,11421.455864570738,34.65,1.26,1.31,6.66,2.12,15452325334.55,,5.28,,PRJNA914269,10.1371/journal.pone.0281277,sediment,coevolve,,,,,2.918336855599514,EarthChem,DB06-125,whole_rock,"IGNEOUS, VOLCANIC, BASALT",DB06-125,7.50433,-81.68118,9.02328306984688,98.54,47.7,1.21,14.48,11.84,,,0.21,8.18,12.41,2.32,0.09,,0.1,,,,114.0,341.0,,18.0,,8.36,368.0,3.98,2.41,0.95,,3.31,,0.9,3.15,,0.34,3.41,7.33,0.41,1.39,0.89,51.0,2.39,,130.0,,0.56,0.23,,,0.08,,22.11,2.4,58.53,3184392.0,154.0,Cenozoic sedimentary rocks,sedimentary rocks,,20.0,Paleogene,20.0,Paleogene,#FD9A52,23.03,66.0,Cenozoic,subsurface_sediment,subsurface_sample,subsurface
CW_180415,CW_180415_F,CR18,CW,Cauhita Well,,CAM,CRI,2018.0,2018-04-15,plate margin,convergent,oceanic-continental subduction,backarc,subaerial,Well,,,,sedimentary,sedimentary,Neogene sedimentary,,9.735746,-82.825737,8.0,35.0,7.19,5.79,,4.3,0.3,2975.85,0.31,,,,,,,1418.043,9.563,,14.707,,0.245,1039.263,8.172,7.429,14.51,29.779,,,,,,,,,,,,,,,,,,,,,,,,,,,,,,,,,,,,,,,,,,,,,,,,,,,,,,,,,,,,,,,,,,,,,,,,,,,,,,,,,,,,,,,,14.8,,,,,,,,-29.97,,,,54.4464,833.6346,,0.01038,0.01619,10.98285,1.70536,99.20419,0.0,1000.0,,-76.3,,,,,,,,,,5245.317919075144,31.926631327109817,0.06531206838103888,4.48,2.05,2.1,22.78,7.26,4233484717.63,,,,PRJNA914269,10.1371/journal.pone.0281277,fluid,coevolve,,,,,,EarthChem,AM-081906-1,whole_rock,"IGNEOUS, VOLCANIC, BASALT, ALKALINE",AM-081906-1,9.598,-82.8738,16.122781466040458,96.36,48.56,1.42,16.52,9.08,,,0.16,5.21,8.8,3.85,2.17,,0.59,,,,,216.68,,788.18,,90.76,83.8,4.37,2.07,2.28,,7.1,,0.74,50.08,,0.3,35.55,41.78,3.54,10.48,46.0,,7.79,,865.0,2.26,0.91,7.8,,,2.86,,23.72,1.98,203.0,968071.0,7.0,Neogene sedimentary,sedimentary,,2.0,Neogene,2.0,Neogene,#FFFF00,2.588,23.03,Neogene,subsurface_fluid,subsurface_sample,subsurface
CW_180415,CW_180415_S,CR18,CW,Cauhita Well,,CAM,CRI,2018.0,2018-04-15,plate margin,convergent,oceanic-continental subduction,backarc,subaerial,Well,,,,sedimentary,sedimentary,Neogene sedimentary,,9.735746,-82.825737,8.0,35.0,7.19,5.79,,4.3,0.3,2975.85,0.31,,,,,,,1418.043,9.563,,14.707,,0.245,1039.263,8.172,7.429,14.51,29.779,,,,,,,,,,,,,,,,,,,,,,,,,,,,,,,,,,,,,,,,,,,,,,,,,,,,,,,,,,,,,,,,,,,,,,,,,,,,,,,,,,,,,,,,14.8,,,,,,,,-29.97,,,,54.4464,833.6346,,0.01038,0.01619,10.98285,1.70536,99.20419,0.0,1000.0,,-76.3,,,,,,,,,,5245.317919075144,31.926631327109817,0.06531206838103888,4.48,2.05,2.1,22.78,7.26,4233484717.63,,,,PRJNA914269,10.1371/journal.pone.0281277,sediment,coevolve,,,,,,EarthChem,AM-081906-1,whole_rock,"IGNEOUS, VOLCANIC, BASALT, ALKALINE",AM-081906-1,9.598,-82.8738,16.122781466040458,96.36,48.56,1.42,16.52,9.08,,,0.16,5.21,8.8,3.85,2.17,,0.59,,,,,216.68,,788.18,,90.76,83.8,4.37,2.07,2.28,,7.1,,0.74,50.08,,0.3,35.55,41.78,3.54,10.48,46.0,,7.79,,865.0,2.26,0.91,7.8,,,2.86,,23.72,1.98,203.0,968071.0,7.0,Neogene sedimentary,sedimentary,,2.0,Neogene,2.0,Neogene,#FFFF00,2.588,23.03,Neogene,subsurface_sediment,subsurface_sample,subsurface
CV_180410,CV_180410_F,CR18,CV,Casa Valmor,,CAM,PAN,2018.0,2018-04-10,plate margin,convergent,oceanic-continental subduction,volcanic arc,subaerial,Well,,,,igneous,ign_volcanic,Tertiary-Quaternary volcanic: undivided volcanic rocks,,8.5992,-80.13162,639.0,34.9,7.46,3.37,,14.4,0.97,1753.245,0.18,42.0,,,,,,777.541,1.507,,18.377,,0.167,345.977,13.637,6.491,59.061,23.327,,,,,,,,,,,,,,,,,,,,,,,,,,,,,,,,,,,,,,,,,,,,,,,,,,,,,,,,,,,,,,,,,,,,,,,,,,,,,,,,,,,,,,,,,,,,,,,-1.14,,,,201000.0,924.5868,0.01898,,0.01763,0.0038,0.68683,1.65056,73.03545,0.0,1000.0,-3.65,,,,,,,,,,,52443.94781622235,560.1655195812331,48713.74077976818,,8.22,8.37,,,,,39.17,,PRJNA914269,10.1371/journal.pone.0281277,fluid,coevolve,,,,,39.44769512139528,EarthChem,ID-06-03-06-1B,whole_rock,"IGNEOUS, VOLCANIC, ADAKITE",ID-06-03-06-1B,8.6127,-80.1513,2.6309716238503187,95.49,66.81,0.2,15.8,2.26,,,0.06,0.94,3.93,3.91,1.48,,0.1,27.0,,,20.0,,37.0,554.88,,16.66,,0.9,0.4,0.52,,1.44,,0.17,8.76,,0.04,2.13,7.36,4.71,1.86,16.0,,1.45,,712.0,0.12,0.2,2.2,,,1.06,,5.24,0.61,78.7,3188281.0,154.0,Cenozoic volcanic rocks,felsic volcanic rocks,,13.0,Miocene,13.0,Miocene,#FFFF00,5.333,23.03,Miocene,subsurface_fluid,subsurface_sample,subsurface
CV_180410,CV_180410_S,CR18,CV,Casa Valmor,,CAM,PAN,2018.0,2018-04-10,plate margin,convergent,oceanic-continental subduction,volcanic arc,subaerial,Well,,,,igneous,ign_volcanic,Tertiary-Quaternary volcanic: undivided volcanic rocks,,8.5992,-80.13162,639.0,34.9,7.46,3.37,,14.4,0.97,1753.245,0.18,42.0,,,,,,777.541,1.507,,18.377,,0.167,345.977,13.637,6.491,59.061,23.327,,,,,,,,,,,,,,,,,,,,,,,,,,,,,,,,,,,,,,,,,,,,,,,,,,,,,,,,,,,,,,,,,,,,,,,,,,,,,,,,,,,,,,,,,,,,,,,-1.14,,,,201000.0,924.5868,0.01898,,0.01763,0.0038,0.68683,1.65056,73.03545,0.0,1000.0,-3.65,,,,,,,,,,,52443.94781622235,560.1655195812331,48713.74077976818,,8.22,8.37,,,,,39.17,,PRJNA914269,10.1371/journal.pone.0281277,sediment,coevolve,,,,,39.44769512139528,EarthChem,ID-06-03-06-1B,whole_rock,"IGNEOUS, VOLCANIC, ADAKITE",ID-06-03-06-1B,8.6127,-80.1513,2.6309716238503187,95.49,66.81,0.2,15.8,2.26,,,0.06,0.94,3.93,3.91,1.48,,0.1,27.0,,,20.0,,37.0,554.88,,16.66,,0.9,0.4,0.52,,1.44,,0.17,8.76,,0.04,2.13,7.36,4.71,1.86,16.0,,1.45,,712.0,0.12,0.2,2.2,,,1.06,,5.24,0.61,78.7,3188281.0,154.0,Cenozoic volcanic rocks,felsic volcanic rocks,,13.0,Miocene,13.0,Miocene,#FFFF00,5.333,23.03,Miocene,subsurface_sediment,subsurface_sample,subsurface
ER_180415,ER_180415_F,CR18,ER,Rio Blanco Er Resbala,,CAM,CRI,2018.0,2018-04-15,plate margin,convergent,oceanic-continental subduction,backarc,subaerial,Spring,,,,igneous,igneous,Cenozoic sedimentary and volcanic rocks,,9.938223,-83.161331,89.0,35.0,3.0,1.77,,53.9,3.74,945.75,0.09,,,,,,,443.939,1.127,,40.887,,0.028,182.288,2.706,2.737,9.163,58.557,,,,,,,,,,,,,,,,,,,,,,,,,,,,,,,,,,,,,,,,,,,,,,,,,,,,,,,,,,,,,,,,,,,,,,,,,,,,,,,,,,,,,,,,1.39,,,,,,,,-27.77,,,,0.0,0.25858,,0.4128,0.08104,215.4285,9.79093,774.0281,0.0,1000.0,,,,,,,,,,,,0.0,0.0,0.0,,6.5,6.5,,,,,,,PRJNA914269,10.1371/journal.pone.0281277,fluid,coevolve,,,,,,EarthChem,RB-091606-1,whole_rock,"IGNEOUS, VOLCANIC, BASALT, ALKALINE",RB-091606-1,9.9489,-83.1619,1.1826023019641152,98.42,43.57,1.83,15.3,11.98,,,0.19,8.42,12.9,2.04,1.39,,0.8,,,,,310.13,,385.2,,53.86,155.61,5.33,2.48,2.38,,7.3,,0.91,25.36,,0.33,13.21,35.23,1.5,7.48,22.0,,8.11,,933.0,0.78,0.93,1.6,,,0.72,,28.31,2.28,103.0,3190790.0,154.0,Cenozoic sedimentary and volcanic rocks,unclassified volcanic rocks,,421.0,Quaternary,24.0,Eocene,#F2F91D,0.0,56.0,Cenozoic,subsurface_fluid,subsurface_sample,subsurface
ER_180415,ER_180415_S,CR18,ER,Rio Blanco Er Resbala,,CAM,CRI,2018.0,2018-04-15,plate margin,convergent,oceanic-continental subduction,backarc,subaerial,Spring,,,,igneous,igneous,Cenozoic sedimentary and volcanic rocks,,9.938223,-83.161331,89.0,35.0,3.0,1.77,,53.9,3.74,945.75,0.09,,,,,,,443.939,1.127,,40.887,,0.028,182.288,2.706,2.737,9.163,58.557,,,,,,,,,,,,,,,,,,,,,,,,,,,,,,,,,,,,,,,,,,,,,,,,,,,,,,,,,,,,,,,,,,,,,,,,,,,,,,,,,,,,,,,,1.39,,,,,,,,-27.77,,,,0.0,0.25858,,0.4128,0.08104,215.4285,9.79093,774.0281,0.0,1000.0,,,,,,,,,,,,0.0,0.0,0.0,,6.5,6.5,,,,,,,PRJNA914269,10.1371/journal.pone.0281277,sediment,coevolve,,,,,,EarthChem,RB-091606-1,whole_rock,"IGNEOUS, VOLCANIC, BASALT, ALKALINE",RB-091606-1,9.9489,-83.1619,1.1826023019641152,98.42,43.57,1.83,15.3,11.98,,,0.19,8.42,12.9,2.04,1.39,,0.8,,,,,310.13,,385.2,,53.86,155.61,5.33,2.48,2.38,,7.3,,0.91,25.36,,0.33,13.21,35.23,1.5,7.48,22.0,,8.11,,933.0,0.78,0.93,1.6,,,0.72,,28.31,2.28,103.0,3190790.0,154.0,Cenozoic sedimentary and volcanic rocks,unclassified volcanic rocks,,421.0,Quaternary,24.0,Eocene,#F2F91D,0.0,56.0,Cenozoic,subsurface_sediment,subsurface_sample,subsurface
LE_180416,LE_180416_F,CR18,LE,Las Estrella,,CAM,CRI,2018.0,2018-04-16,plate margin,convergent,oceanic-continental subduction,volcanic arc,subaerial,Spring,,,,igneous,ign_felsic,Quaternary volcanic: felsic rocks,,10.427103,-84.368543,153.0,34.7,6.5,3.2,,59.5,4.15,1667.9,0.17,,,,,,,622.407,1.873,,36.403,,0.035,261.488,4.925,24.242,58.21,,,,,,,,,,,,,,,,,,,,,,,,,,,,,,,,,,,,,,,,,,,,,,,,,,,,,,,,,,,,,,,,,,,,,,,,,,,,,,,,,,,,,,,,,0.45,,,,,,,,-23.0,,,,,,,,,,,,,0.0,,,,,,,,,,,,,,,,,,,,,,,,PRJNA914269,10.1371/journal.pone.0281277,fluid,coevolve,,,,,,EarthChem,P-155A,whole_rock,"IGNEOUS, VOLCANIC, BASALT, ALKALINE",P-155A,10.458,-84.3428,4.429872616736767,98.50000000000001,49.23,1.27,16.64,9.9,,,0.14,6.81,10.07,2.99,1.02,,0.43,,,,,242.78,,571.42,,63.82,307.48,3.44,1.63,1.72,,4.72,,0.63,31.46,,0.2,16.39,31.05,2.25,7.92,19.0,,5.81,,910.0,0.8,0.67,3.49,,,1.32,,17.63,1.4,119.0,3188297.0,154.0,Cenozoic volcanic rocks,intermediate-felsic volcanic rocks,,13.0,Miocene,13.0,Miocene,#FFFF00,5.333,23.03,Miocene,subsurface_fluid,subsurface_sample,subsurface
LE_180416,LE_180416_S,CR18,LE,Las Estrella,,CAM,CRI,2018.0,2018-04-16,plate margin,convergent,oceanic-continental subduction,volcanic arc,subaerial,Spring,,,,igneous,ign_felsic,Quaternary volcanic: felsic rocks,,10.427103,-84.368543,153.0,34.7,6.5,3.2,,59.5,4.15,1667.9,0.17,,,,,,,622.407,1.873,,36.403,,0.035,261.488,4.925,24.242,58.21,,,,,,,,,,,,,,,,,,,,,,,,,,,,,,,,,,,,,,,,,,,,,,,,,,,,,,,,,,,,,,,,,,,,,,,,,,,,,,,,,,,,,,,,,0.45,,,,,,,,-23.0,,,,,,,,,,,,,0.0,,,,,,,,,,,,,,,,,,,,,,,,PRJNA914269,10.1371/journal.pone.0281277,sediment,coevolve,,,,,,EarthChem,P-155A,whole_rock,"IGNEOUS, VOLCANIC, BASALT, ALKALINE",P-155A,10.458,-84.3428,4.429872616736767,98.50000000000001,49.23,1.27,16.64,9.9,,,0.14,6.81,10.07,2.99,1.02,,0.43,,,,,242.78,,571.42,,63.82,307.48,3.44,1.63,1.72,,4.72,,0.63,31.46,,0.2,16.39,31.05,2.25,7.92,19.0,,5.81,,910.0,0.8,0.67,3.49,,,1.32,,17.63,1.4,119.0,3188297.0,154.0,Cenozoic volcanic rocks,intermediate-felsic volcanic rocks,,13.0,Miocene,13.0,Miocene,#FFFF00,5.333,23.03,Miocene,subsurface_sediment,subsurface_sample,subsurface
PX_180416,PX_180416_S,CR18,PX,Praxair well 24,,CAM,CRI,2018.0,2018-04-16,plate margin,convergent,oceanic-continental subduction,backarc,subaerial,Well,,,,igneous,ign_felsic,Quaternary volcanic: felsic rocks,,10.488755,-84.113598,68.0,28.7,6.0,3.45,,20.0,1.55,1794.15,0.18,,,,,,,594.703,1.637,,54.727,,0.245,,2.129,7.038,70.217,,,,,,,,,,,,,,,,,,,,,,,,,,,,,,,,,,,,,,,,,,,,,,,,,,,,,,,,,,,,,,,,,,,,,,,,,,,,,,,,,,,,,,,,,0.67,,,,,,,,-23.52,,,,943.7293,0.00266,,0.00197,0.0001,11.85476,0.35224,44.05897,0.0,1000.0,,,,,,,,,,,,479050.40609137056,2679.2224051782873,354785.45112781954,1.15,6.52,7.81,5.26,1.68,90260341366.3,,,,PRJNA914269,10.1371/journal.pone.0281277,sediment,coevolve,,,,,,EarthChem,AR-020206-7,whole_rock,"IGNEOUS, VOLCANIC, ANDESITE, BASALTIC",AR-020206-7,10.4905,-84.0399,8.070120869541697,98.91999999999999,55.29,0.97,17.81,8.87,,,0.26,3.19,7.5,3.69,1.01,,0.33,38.0,,,21.0,152.32,83.0,386.43,,20.84,85.0,4.66,3.0,1.44,,4.73,,0.91,9.7,,0.46,3.71,16.61,2.59,3.45,19.0,,4.39,,496.0,0.23,0.73,0.71,,,0.39,,29.24,3.02,79.75,3188297.0,154.0,Cenozoic volcanic rocks,intermediate-felsic volcanic rocks,,13.0,Miocene,13.0,Miocene,#FFFF00,5.333,23.03,Miocene,subsurface_sediment,subsurface_sample,subsurface
CZ_180409,CZ_180409_F,CR18,CZ,Salitral Carrizal,,CAM,PAN,2018.0,2018-04-09,plate margin,convergent,oceanic-continental subduction,outer forearc,subaerial,Spring,,,,igneous,ign_felsic,Miocene volcanic: felsic and intermediate rocks,,7.71407,-81.28832,60.0,26.3,10.0,0.25,,10.5,0.89,178.15,0.01,57.0,,,,,,1.23,0.2,,8.697,,0.245,77.269,1.353,2.151,6.465,31.102,,,,,,,,,,,,,,,,,,,,,,,,,,,,,,,,,,,,,,,,,,,,,,,,,,,,,,,,,,,,,,,,,,,,,,,,,,,,,,,,,,,,,,,,0.64,,,,,,,-13.62,-28.32,,,1870.0,937.6431,0.03135,,0.0,0.0,4.88195,2.00618,55.43739,0.0,1000.0,-17.08,,,,,,,,,,,inf,467.3773539762135,29908.870813397127,,,,,,,,37.85,,PRJNA914269,10.1371/journal.pone.0281277,fluid,coevolve,,,,,34.13114537311533,EarthChem,PAN-06-199,whole_rock,"IGNEOUS, VOLCANIC, ANDESITE, BASALTIC",PAN-06-199,7.723248,-81.3546,7.381964369543721,97.191,52.7,0.43,15.61,10.67,,,0.16,5.1,8.15,3.27,0.97,,0.131,,33.0,,34.0,372.0,80.0,314.0,,10.09,,2.12,1.42,0.62,,2.12,,0.46,5.1,,0.23,0.77,7.38,2.24,1.62,16.53,49.0,1.93,,401.0,0.04,0.34,0.61,,,0.36,,13.0,1.42,35.0,948780.0,7.0,Miocene volcanic: felsic and intermediate rocks,volcanic: felsic and intermediate rocks,,13.0,Miocene,13.0,Miocene,#FFFF00,5.333,23.03,Miocene,subsurface_fluid,subsurface_sample,subsurface
XF_180416,XF_180416_F,CR18,XF,Praxair well 19,,CAM,CRI,2018.0,2018-04-16,plate margin,convergent,oceanic-continental subduction,backarc,subaerial,Well,,,,igneous,ign_felsic,Quaternary volcanic: felsic rocks,,10.485523,-84.113229,74.0,28.9,7.0,2.3,,1.5,0.12,1213.4,0.12,,,,,,,,,,,,0.245,356.966,3.518,26.158,87.255,187.013,,,,,,,,,,,,,,,,,,,,,,,,,,,,,,,,,,,,,,,,,,,,,,,,,,,,,,,,,,,,,,,,,,,,,,,,,,,,,,,,,,,,,,,,1.86,,,,,,,,-24.16,,,,,,,,,,,,,0.0,-3.54,,,,,,,,,,,,,,3.79,7.59,7.81,202.98,64.67,,,,,PRJNA914269,10.1371/journal.pone.0281277,fluid,coevolve,,,,,,EarthChem,AR-020206-7,whole_rock,"IGNEOUS, VOLCANIC, ANDESITE, BASALTIC",AR-020206-7,10.4905,-84.0399,8.046313551891398,98.91999999999999,55.29,0.97,17.81,8.87,,,0.26,3.19,7.5,3.69,1.01,,0.33,38.0,,,21.0,152.32,83.0,386.43,,20.84,85.0,4.66,3.0,1.44,,4.73,,0.91,9.7,,0.46,3.71,16.61,2.59,3.45,19.0,,4.39,,496.0,0.23,0.73,0.71,,,0.39,,29.24,3.02,79.75,3188297.0,154.0,Cenozoic volcanic rocks,intermediate-felsic volcanic rocks,,13.0,Miocene,13.0,Miocene,#FFFF00,5.333,23.03,Miocene,subsurface_fluid,subsurface_sample,subsurface
XF_180416,XF_180416_S,CR18,XF,Praxair well 19,,CAM,CRI,2018.0,2018-04-16,plate margin,convergent,oceanic-continental subduction,backarc,subaerial,Well,,,,igneous,ign_felsic,Quaternary volcanic: felsic rocks,,10.485523,-84.113229,74.0,28.9,7.0,2.3,,1.5,0.12,1213.4,0.12,,,,,,,,,,,,0.245,356.966,3.518,26.158,87.255,187.013,,,,,,,,,,,,,,,,,,,,,,,,,,,,,,,,,,,,,,,,,,,,,,,,,,,,,,,,,,,,,,,,,,,,,,,,,,,,,,,,,,,,,,,,1.86,,,,,,,,-24.16,,,,,,,,,,,,,0.0,-3.54,,,,,,,,,,,,,,3.79,7.59,7.81,202.98,64.67,,,,,PRJNA914269,10.1371/journal.pone.0281277,sediment,coevolve,,,,,,EarthChem,AR-020206-7,whole_rock,"IGNEOUS, VOLCANIC, ANDESITE, BASALTIC",AR-020206-7,10.4905,-84.0399,8.046313551891398,98.91999999999999,55.29,0.97,17.81,8.87,,,0.26,3.19,7.5,3.69,1.01,,0.33,38.0,,,21.0,152.32,83.0,386.43,,20.84,85.0,4.66,3.0,1.44,,4.73,,0.91,9.7,,0.46,3.71,16.61,2.59,3.45,19.0,,4.39,,496.0,0.23,0.73,0.71,,,0.39,,29.24,3.02,79.75,3188297.0,154.0,Cenozoic volcanic rocks,intermediate-felsic volcanic rocks,,13.0,Miocene,13.0,Miocene,#FFFF00,5.333,23.03,Miocene,subsurface_sediment,subsurface_sample,subsurface
BS_180407,BS_180407_F,CR18,BS,Bajo Mendez Spring,,CAM,PAN,2018.0,2018-04-07,plate margin,convergent,oceanic-continental subduction,volcanic arc,subaerial,Spring,,,,igneous,ign_felsic,Miocene volcanic: felsic and intermediate rocks,,8.66645,-82.3491,360.0,40.9,9.05,2.83,,19.6,1.27,1482.565,0.15,,,,,,,,,,,,0.056,196.036,,3.011,1.774,209.979,,,,,,,,,,,,,,,,,,,,,,,,,,,,,,,,,,,,,,,,,,,,,,,,,,,,,,,,,,,,,,,,,,,,,,,,,,,,,,,,,,,,,,,,0.31,,,,,,,,,,,170000.0,,,,,,,,,,0.0,,,,,,,,,,,,,,,22.34,0.27,0.06,4.44,1.42,,,,,PRJNA914269,10.1371/journal.pone.0281277,fluid,coevolve,,,,,,EarthChem,PAN-06-033,whole_rock,"IGNEOUS, VOLCANIC, BASALT",PAN-06-033,8.664001,-82.257164,10.121843194450399,98.368,49.8,1.46,18.39,11.53,,,0.17,3.4,9.75,3.1,0.45,,0.318,,30.0,,11.0,328.0,102.0,398.0,,22.88,,5.85,3.46,1.56,,5.94,,1.21,10.27,,0.46,7.05,17.8,3.59,3.65,7.08,36.0,5.15,,422.0,0.34,0.94,1.14,,,0.47,,35.0,3.11,107.0,948780.0,7.0,Miocene volcanic: felsic and intermediate rocks,volcanic: felsic and intermediate rocks,,13.0,Miocene,13.0,Miocene,#FFFF00,5.333,23.03,Miocene,subsurface_fluid,subsurface_sample,subsurface
RC_180404,RC_180404_F,CR18,RC,Ujarassa,,CAM,CRI,2018.0,2018-04-04,plate margin,convergent,oceanic-continental subduction,volcanic arc,subaerial,Spring,,,,igneous,ign_plutonic,Neogene plutonic: undivided granitic rocks,,9.30283,-83.29782,943.0,60.0,7.72,2.6,,45.0,2.19,1364.9,0.13,52.0,,2.46,,,,,,,,,0.125,365.472,4.51,7.976,5.031,72.465,,,,,,,,,,,,,,,,,,,,,,,,,,,,,,,,,,,,,,,,,,,,,,,,,,,,,,,,,,,,,,,,,,,,,,,,,,,,,,,,,,,,,,,,7.57,0.53,,,,,,-5.37,-16.92,,-22.55,146000.0,777.6269,4.3679,,0.03808,0.00247,0.13098,2.98621,214.8475,0.0,1000.0,-13.23,,,,,,,,,,,20420.874474789915,260.4059660907974,178.03221227592206,,,,,,,,47.09,,PRJNA914269,10.1371/journal.pone.0281277,fluid,coevolve,,,,,47.047100038437215,EarthChem,19F-1,whole_rock,"	IGNEOUS, PLUTONIC, GRANODIORITE",19F-1,9.288345,-83.28777,1.9457308896888073,97.83,60.57,0.59,15.38,6.62,,,0.14,2.23,5.01,3.2,3.92,,0.17,57.0,,,,197.44,63.0,1489.74,,48.44,14.63,4.96,3.21,1.2,,5.62,,1.0,25.45,,0.51,13.46,25.47,11.14,6.39,107.0,,5.69,,385.0,1.14,0.8,7.26,,,3.44,,37.14,3.26,332.0,943534.0,7.0,Neogene plutonic: undivided granitic rocks,plutonic: undivided granitic rocks,,2.0,Neogene,2.0,Neogene,#FFFF00,2.588,23.03,Neogene,subsurface_fluid,subsurface_sample,subsurface
RC_180404,RC_180404_S,CR18,RC,Ujarassa,,CAM,CRI,2018.0,2018-04-04,plate margin,convergent,oceanic-continental subduction,volcanic arc,subaerial,Spring,,,,igneous,ign_plutonic,Neogene plutonic: undivided granitic rocks,,9.30283,-83.29782,943.0,60.0,7.72,2.6,,45.0,2.19,1364.9,0.13,52.0,,2.46,,,,,,,,,0.125,365.472,4.51,7.976,5.031,72.465,,,,,,,,,,,,,,,,,,,,,,,,,,,,,,,,,,,,,,,,,,,,,,,,,,,,,,,,,,,,,,,,,,,,,,,,,,,,,,,,,,,,,,,,7.57,0.53,,,,,,-5.37,-16.92,,-22.55,146000.0,777.6269,4.3679,,0.03808,0.00247,0.13098,2.98621,214.8475,0.0,1000.0,-13.23,,,,,,,,,,,20420.874474789915,260.4059660907974,178.03221227592206,,,,,,,,47.09,,PRJNA914269,10.1371/journal.pone.0281277,sediment,coevolve,,,,,47.047100038437215,EarthChem,19F-1,whole_rock,"	IGNEOUS, PLUTONIC, GRANODIORITE",19F-1,9.288345,-83.28777,1.9457308896888073,97.83,60.57,0.59,15.38,6.62,,,0.14,2.23,5.01,3.2,3.92,,0.17,57.0,,,,197.44,63.0,1489.74,,48.44,14.63,4.96,3.21,1.2,,5.62,,1.0,25.45,,0.51,13.46,25.47,11.14,6.39,107.0,,5.69,,385.0,1.14,0.8,7.26,,,3.44,,37.14,3.26,332.0,943534.0,7.0,Neogene plutonic: undivided granitic rocks,plutonic: undivided granitic rocks,,2.0,Neogene,2.0,Neogene,#FFFF00,2.588,23.03,Neogene,subsurface_sediment,subsurface_sample,subsurface
RR_180407,RR_180407_F,CR18,RR,Rockslide,,CAM,PAN,2018.0,2018-04-07,plate margin,convergent,oceanic-continental subduction,volcanic arc,subaerial,Spring,,,,igneous,ign_felsic,Miocene volcanic: felsic and intermediate rocks,,8.63591,-82.22369,792.0,41.3,,2.33,,73.1,4.6,1229.56,0.12,,,,,,,2311.687,,,,,0.021,205.898,2.507,4.418,2.236,233.907,,,,,,,,,,,,,,,,,,,,,,,,,,,,,,,,,,,,,,,,,,,,,,,,,,,,,,,,,,,,,,,,,,,,,,,,,,,,,,,,,,,,,,,,0.08,,,,,,,-18.14,-25.15,,,787000.0,0.0,0.02866,,0.01716,0.03208,221.4196,9.85576,768.6467,0.0,1000.0,,,,,,,,,,,,0.0,0.0,0.0,,,,,,,,14.08,,PRJNA914269,10.1371/journal.pone.0281277,fluid,coevolve,,,,,,EarthChem,PAN-06-134,whole_rock,"IGNEOUS, VOLCANIC, BASALT",PAN-06-134,8.635419,-82.21109,1.3878916223624498,94.947,47.4,1.04,16.21,9.73,,,0.17,6.34,11.46,2.06,0.15,,0.387,,31.0,,56.0,284.0,95.0,411.0,,63.16,,3.63,1.79,1.87,,5.46,,0.68,32.25,,0.23,8.51,32.7,3.74,8.14,0.65,31.0,6.21,,1357.0,0.35,0.68,3.44,,,1.24,,20.0,1.55,109.0,948780.0,7.0,Miocene volcanic: felsic and intermediate rocks,volcanic: felsic and intermediate rocks,,13.0,Miocene,13.0,Miocene,#FFFF00,5.333,23.03,Miocene,subsurface_fluid,subsurface_sample,subsurface
LB_180410,LB_180410_F,CR18,LB,Los Bajos,,CAM,PAN,2018.0,2018-04-10,plate margin,convergent,oceanic-continental subduction,volcanic arc,subaerial,Spring,,,,igneous,ign_felsic,Miocene volcanic: felsic and intermediate rocks,,8.80736,-79.79061,26.0,34.8,,19.53,,70.0,4.88,9913.54,1.16,,,0.01,,,,,,,,,2.797,3104.914,,105.023,109.397,16.954,,,,,,,,,,,,,,,,,,,,,,,,,,,,,,,,,,,,,,,,,,,,,,,,,,,,,,,,,,,,,,,,,,,,,,,,,,,,,,,,,,,,,,,,1.17,,,,,,,3.55,-17.65,,,6640000.0,,,,,,,,,,0.0,,,,,,,,,,,,,,,,,,,,,,780.72,,PRJNA914269,10.1371/journal.pone.0281277,fluid,coevolve,,,,,,EarthChem,PAN-06-216,whole_rock,"IGNEOUS, VOLCANIC, ANDESITE",PAN-06-216,8.615257,-79.80771,21.329711883874992,98.431,55.9,0.76,16.57,8.24,,,0.15,4.3,8.14,3.0,1.17,,0.201,,24.0,,22.0,232.0,81.0,423.0,,22.72,,3.64,2.24,1.01,,3.62,,0.77,10.77,,0.33,4.83,13.85,3.02,3.2,22.77,32.0,3.4,,469.0,0.27,0.58,1.62,,,0.74,,22.0,2.19,120.0,3188281.0,154.0,Cenozoic volcanic rocks,felsic volcanic rocks,,13.0,Miocene,13.0,Miocene,#FFFF00,5.333,23.03,Miocene,subsurface_fluid,subsurface_sample,subsurface
LB_180410,LB_180410_S,CR18,LB,Los Bajos,,CAM,PAN,2018.0,2018-04-10,plate margin,convergent,oceanic-continental subduction,volcanic arc,subaerial,Spring,,,,igneous,ign_felsic,Miocene volcanic: felsic and intermediate rocks,,8.80736,-79.79061,26.0,34.8,,19.53,,70.0,4.88,9913.54,1.16,,,0.01,,,,,,,,,2.797,3104.914,,105.023,109.397,16.954,,,,,,,,,,,,,,,,,,,,,,,,,,,,,,,,,,,,,,,,,,,,,,,,,,,,,,,,,,,,,,,,,,,,,,,,,,,,,,,,,,,,,,,,1.17,,,,,,,3.55,-17.65,,,6640000.0,,,,,,,,,,0.0,,,,,,,,,,,,,,,,,,,,,,780.72,,PRJNA914269,10.1371/journal.pone.0281277,sediment,coevolve,,,,,,EarthChem,PAN-06-216,whole_rock,"IGNEOUS, VOLCANIC, ANDESITE",PAN-06-216,8.615257,-79.80771,21.329711883874992,98.431,55.9,0.76,16.57,8.24,,,0.15,4.3,8.14,3.0,1.17,,0.201,,24.0,,22.0,232.0,81.0,423.0,,22.72,,3.64,2.24,1.01,,3.62,,0.77,10.77,,0.33,4.83,13.85,3.02,3.2,22.77,32.0,3.4,,469.0,0.27,0.58,1.62,,,0.74,,22.0,2.19,120.0,3188281.0,154.0,Cenozoic volcanic rocks,felsic volcanic rocks,,13.0,Miocene,13.0,Miocene,#FFFF00,5.333,23.03,Miocene,subsurface_sediment,subsurface_sample,subsurface
PS_180405,PS_180405_S,CR18,PS,Playa Sandalo,,CAM,CRI,2018.0,2018-04-05,plate margin,convergent,oceanic-continental subduction,forearc,submarine,Shallow-vent,,,,igneous,ign_mafic,Cretaceous volcanic: mafic rocks,,8.57554,-83.36416,2.0,33.0,8.23,49.16,,122.0,8.76,24877.195,3.21,158.0,,,,,,,,,,,0.245,7950.172,,276.007,845.522,285.37,,,,,,,,,,,,,,,,,,,,,,,,,,,,,,,,,,,,,,,,,,,,,,,,,,,,,,,,,,,,,,,,,,,,,,,,,,,,,,,,,,,,,,,,0.18,1.21,,,,,,-9.32,-24.15,,-25.21,,81.60756,864.1985,,0.0019,0.01508,2.77041,1.07427,50.33228,0.0,1000.0,0.0,-70.8,,,,,,,,,,42951.347368421055,75.96559524141976,0.09443149924467586,0.17,1.55,3.26,1.32,0.42,223424734036.17,,139.95,,PRJNA914269,10.1371/journal.pone.0281277,sediment,coevolve,,,,,139.21244215677964,EarthChem,DB02-138,whole_rock,"IGNEOUS, VOLCANIC, BASALT",DB02-138,8.63945,-83.22406,16.964091787811284,97.91999999999999,53.12,0.54,15.03,8.79,,,0.14,7.17,9.63,2.95,0.47,,0.08,,,,61.0,208.0,,82.0,,7.53,105.0,2.62,1.71,0.56,,1.93,,0.6,3.3,,0.3,2.52,5.14,1.0,0.99,8.8,,1.49,,151.0,,0.37,0.36,,,0.12,,15.59,1.84,37.15,943503.0,7.0,Cretaceous volcanic: mafic rocks,volcanic: mafic rocks,,33.0,Cretaceous,33.0,Cretaceous,#7FC64E,66.0,145.0,Mesozoic,subsurface_sediment,subsurface_sample,subsurface
GU_190718,GU_190718_F,CR19,GU,guarumo,18,CAM,CRI,2019.0,2019-07-18,plate margin,convergent,oceanic-continental subduction,volcanic arc,subaerial,Spring,,,,igneous,ign_volcanic,Cenozoic volcanic rocks,,10.756286,-85.316214,744.0,38.2,5.26,5.14,,,,2649.3675,0.28,200.0,,,,,,1.998,0.0,0.0,81.045,0.0,,17.906,0.0,7.202,14.563,38.055,,578.83,,,,16.33,,,,7.02,,111.32,,,,,2.88,16.58,122.77,,,2.25,12.56,0.0,0.43,51.84,,,,,,,,,,,,,12.77,,0.0,,,0.0,,,,,,,,,,,,,,,,,,,,,,,,,,,,,,,,,,,,,,,,,,,,,,,2844.84,0.02,,,2.53,,,,,973.63186,0.07754,12.93609,0.00062,0.00067,0.05216,0.33939,12.60569,,999.64,,,,,,,,,,,,1570373.9677419355,2868.7700285806886,12556.510962084085,,,,,,,,,-11.64,,,fluid,coevolve,,,,,2106.0565844323746,EarthChem,010630-2A,whole_rock,"IGNEOUS, VOLCANIC, RHYOLITE",010630-2A,10.71,-85.34,5.7430031454116115,100.00000000399999,73.76242805,0.408163265,14.86132915,2.857142857,,,0.083725798,0.586080586,1.946624804,1.841967556,3.600209314,,0.052328624,,,,,48.29,39.0,1831.79,,55.35,7.51,3.1,1.95,1.12,,3.75,,0.64,30.78,,0.38,10.58,21.94,11.98,6.28,77.0,,4.02,,273.0,0.86,0.59,7.2,,,4.63,,21.47,3.18,222.0,943543.0,7.0,Tertiary volcanic: undivided volcanic rocks,volcanic: undivided volcanic rocks,,474.0,Tertiary,474.0,Tertiary,#F4B470,2.588,66.0,Cenozoic,subsurface_fluid,subsurface_sample,subsurface
GU_190718,GU_190718_S,CR19,GU,guarumo,18,CAM,CRI,2019.0,2019-07-18,plate margin,convergent,oceanic-continental subduction,volcanic arc,subaerial,Spring,,,,igneous,ign_volcanic,Cenozoic volcanic rocks,,10.756286,-85.316214,744.0,38.2,5.26,5.14,,,,2649.3675,0.28,200.0,,,,,,1.998,0.0,0.0,81.045,0.0,,17.906,0.0,7.202,14.563,38.055,,578.83,,,,16.33,,,,7.02,,111.32,,,,,2.88,16.58,122.77,,,2.25,12.56,0.0,0.43,51.84,,,,,,,,,,,,,12.77,,0.0,,,0.0,,,,,,,,,,,,,,,,,,,,,,,,,,,,,,,,,,,,,,,,,,,,,,,2844.84,0.02,,,2.53,,,,,973.63186,0.07754,12.93609,0.00062,0.00067,0.05216,0.33939,12.60569,,999.64,,,,,,,,,,,,1570373.9677419355,2868.7700285806886,12556.510962084085,,,,,,,,,-11.64,,,sediment,coevolve,,,,,2106.0565844323746,EarthChem,010630-2A,whole_rock,"IGNEOUS, VOLCANIC, RHYOLITE",010630-2A,10.71,-85.34,5.7430031454116115,100.00000000399999,73.76242805,0.408163265,14.86132915,2.857142857,,,0.083725798,0.586080586,1.946624804,1.841967556,3.600209314,,0.052328624,,,,,48.29,39.0,1831.79,,55.35,7.51,3.1,1.95,1.12,,3.75,,0.64,30.78,,0.38,10.58,21.94,11.98,6.28,77.0,,4.02,,273.0,0.86,0.59,7.2,,,4.63,,21.47,3.18,222.0,943543.0,7.0,Tertiary volcanic: undivided volcanic rocks,volcanic: undivided volcanic rocks,,474.0,Tertiary,474.0,Tertiary,#F4B470,2.588,66.0,Cenozoic,subsurface_sediment,subsurface_sample,subsurface
BR2_190717,BR2_190717,CR19,BR2,blue_river2,13,CAM,CRI,2019.0,2019-07-17,plate margin,convergent,oceanic-continental subduction,volcanic arc,subaerial,Spring,,,,igneous,ign_felsic,Quaternary volcanic: felsic rocks,,10.899477,-85.328492,437.0,50.8,6.6,9.24,,,,4719.8877,0.52,525.0,,,,,,1013.441,2.747,0.0,709.838,0.0,0.303,316.342,0.139,110.329,263.682,324.751,,,,,,,71.29,,,15.53,,2959.3,,,,,,207.34,2700.6,,,,5.17,,,40.92,,,,,,,,,,,,,13.57,0.0,,,,,,,,,,,,,,,,,,,,,,,,,,,,,,,,,,,,,,,,,,,,,,,,,,,,,,,0.77,,,,,0.0,7.89796,0.0,0.0,0.44258,110.21723,24.59307,856.84917,0.0,1000.0,,,,7.897957,0.0,0.442577,110.217226,24.593069,856.849171,,,,0.0,0.0,,,,,,,,,-10.93,,,sediment,coevolve,,,,,686.278080668768,EarthChem,RV-201,whole_rock,"IGNEOUS, VOLCANIC, UNKNOWN",RV-201,10.833,-85.33301,7.369843944061262,99.4,49.18,0.87,20.02,,,9.99,0.18,5.02,11.05,2.51,0.38,,0.2,138.44,29.72,0.38,12.17,286.28,80.91,364.0,,19.89,28.38,2.88,1.62,1.05,,3.21,,0.58,8.11,5.34,0.23,1.8,12.88,1.64,3.05,3.05,35.48,3.31,,688.93,0.09,0.48,0.6,,0.02,0.23,0.05,16.79,1.54,45.04,3188297.0,154.0,Cenozoic volcanic rocks,intermediate-felsic volcanic rocks,,13.0,Miocene,13.0,Miocene,#FFFF00,5.333,23.03,Miocene,subsurface_sediment,subsurface_sample,subsurface
BR2_190717,BR2_190717_F,CR19,BR2,blue_river2,13,CAM,CRI,2019.0,2019-07-17,plate margin,convergent,oceanic-continental subduction,volcanic arc,subaerial,Spring,,,,igneous,ign_felsic,Quaternary volcanic: felsic rocks,,10.899477,-85.328492,437.0,50.8,6.6,9.24,,,,4719.8877,0.52,525.0,,,,,,1013.441,2.747,0.0,709.838,0.0,0.303,316.342,0.139,110.329,263.682,324.751,,,,,,,71.29,,,15.53,,2959.3,,,,,,207.34,2700.6,,,,5.17,,,40.92,,,,,,,,,,,,,13.57,0.0,,,,,,,,,,,,,,,,,,,,,,,,,,,,,,,,,,,,,,,,,,,,,,,,,,,,,,,0.77,,,,,0.0,7.89796,0.0,0.0,0.44258,110.21723,24.59307,856.84917,0.0,1000.0,,,,7.897957,0.0,0.442577,110.217226,24.593069,856.849171,,,,0.0,0.0,,,,,,,,,-10.93,,,fluid,coevolve,,,,,686.278080668768,EarthChem,RV-201,whole_rock,"IGNEOUS, VOLCANIC, UNKNOWN",RV-201,10.833,-85.33301,7.369843944061262,99.4,49.18,0.87,20.02,,,9.99,0.18,5.02,11.05,2.51,0.38,,0.2,138.44,29.72,0.38,12.17,286.28,80.91,364.0,,19.89,28.38,2.88,1.62,1.05,,3.21,,0.58,8.11,5.34,0.23,1.8,12.88,1.64,3.05,3.05,35.48,3.31,,688.93,0.09,0.48,0.6,,0.02,0.23,0.05,16.79,1.54,45.04,3188297.0,154.0,Cenozoic volcanic rocks,intermediate-felsic volcanic rocks,,13.0,Miocene,13.0,Miocene,#FFFF00,5.333,23.03,Miocene,subsurface_fluid,subsurface_sample,subsurface
BR1_190716,BR1_190716_F,CR19,BR1,blue_river1,12,CAM,CRI,2019.0,2019-07-16,plate margin,convergent,oceanic-continental subduction,volcanic arc,subaerial,Spring,,,,igneous,ign_felsic,Quaternary volcanic: felsic rocks,,10.899661,-85.328442,437.0,61.6,6.26,9.93,,,,5064.9744,0.56,345.0,,,,,,1223.578,3.233,0.0,842.694,0.0,0.345,371.588,0.135,130.628,310.679,317.235,,1263.6,4213.3,0.21,,11.41,,,,,0.02,3527.6,,,,0.02,44.53,233.19,3068.0,,,,2.42,,7.16,109.23,,,,,,,,,,,,,1.16,,,,,,,,,,,,,,,,,,,,,,,,,,,,,,,,,,,,,,,,,,,,,,,,,,,,,,,,1.75,,,,,946.37583,1.72374,0.16482,0.00816,0.00052,3.5376,1.29736,46.75392,,999.86,,,,,,,,,,,,115977.43014705881,729.4627782573841,549.0246962999059,,,,,,,,,-11.13,,,fluid,coevolve,,,,,637.9004191425056,EarthChem,RV-201,whole_rock,"IGNEOUS, VOLCANIC, UNKNOWN",RV-201,10.833,-85.33301,7.390518695853462,99.4,49.18,0.87,20.02,,,9.99,0.18,5.02,11.05,2.51,0.38,,0.2,138.44,29.72,0.38,12.17,286.28,80.91,364.0,,19.89,28.38,2.88,1.62,1.05,,3.21,,0.58,8.11,5.34,0.23,1.8,12.88,1.64,3.05,3.05,35.48,3.31,,688.93,0.09,0.48,0.6,,0.02,0.23,0.05,16.79,1.54,45.04,3188297.0,154.0,Cenozoic volcanic rocks,intermediate-felsic volcanic rocks,,13.0,Miocene,13.0,Miocene,#FFFF00,5.333,23.03,Miocene,subsurface_fluid,subsurface_sample,subsurface
BR1_190716,BR1_190716_S,CR19,BR1,blue_river1,12,CAM,CRI,2019.0,2019-07-16,plate margin,convergent,oceanic-continental subduction,volcanic arc,subaerial,Spring,,,,igneous,ign_felsic,Quaternary volcanic: felsic rocks,,10.899661,-85.328442,437.0,61.6,6.26,9.93,,,,5064.9744,0.56,345.0,,,,,,1223.578,3.233,0.0,842.694,0.0,0.345,371.588,0.135,130.628,310.679,317.235,,1263.6,4213.3,0.21,,11.41,,,,,0.02,3527.6,,,,0.02,44.53,233.19,3068.0,,,,2.42,,7.16,109.23,,,,,,,,,,,,,1.16,,,,,,,,,,,,,,,,,,,,,,,,,,,,,,,,,,,,,,,,,,,,,,,,,,,,,,,,1.75,,,,,946.37583,1.72374,0.16482,0.00816,0.00052,3.5376,1.29736,46.75392,,999.86,,,,,,,,,,,,115977.43014705881,729.4627782573841,549.0246962999059,,,,,,,,,-11.13,,,sediment,coevolve,,,,,637.9004191425056,EarthChem,RV-201,whole_rock,"IGNEOUS, VOLCANIC, UNKNOWN",RV-201,10.833,-85.33301,7.390518695853462,99.4,49.18,0.87,20.02,,,9.99,0.18,5.02,11.05,2.51,0.38,,0.2,138.44,29.72,0.38,12.17,286.28,80.91,364.0,,19.89,28.38,2.88,1.62,1.05,,3.21,,0.58,8.11,5.34,0.23,1.8,12.88,1.64,3.05,3.05,35.48,3.31,,688.93,0.09,0.48,0.6,,0.02,0.23,0.05,16.79,1.54,45.04,3188297.0,154.0,Cenozoic volcanic rocks,intermediate-felsic volcanic rocks,,13.0,Miocene,13.0,Miocene,#FFFF00,5.333,23.03,Miocene,subsurface_sediment,subsurface_sample,subsurface
RCB_190612,RCB_190612_F,CR19,RCB,rio_cuarto,4,CAM,CRI,2019.0,2019-06-12,plate margin,convergent,oceanic-continental subduction,backarc,submerged,Volcanic lake,,,,igneous,ign_felsic,Quaternary volcanic: felsic rocks,,10.355752,-84.213333,386.0,29.7,6.52,7.19,,,,3684.6276,0.4,180.0,,,,,,1.495,0.0,0.0,0.0,0.0,,5.736,8.458,2.843,5.902,16.118,0.9,608.03,8293.0,0.85,,,,,,8.49,,,,,,,,10.32,147.37,,,8.19,,,,62.26,,,,,,,,,,,,,16.35,,,,,0.01,,,,,,,,,,,,,,,,,,,,,,,,,,,,,,,,,,,,,,,,,,,,,,,3952.54,0.01,,,-0.22,,,,,,,,,,,,,,0.0,,,,,,,,,,,,,,,,,,,,,,,-9.55,,,fluid,coevolve,,,,,259.9773669649738,EarthChem,P-152,whole_rock,"IGNEOUS, VOLCANIC, BASALT, ALKALINE",P-152,10.3795,-84.3046,10.3344099470203,97.47999999999999,44.89,0.8,13.33,9.9,,,0.17,13.39,12.57,1.31,0.77,,0.35,,,,,,,2458.7,,133.59,,3.42,1.63,2.52,,6.78,,0.63,65.21,,0.23,7.27,63.09,5.38,16.57,105.0,,8.35,,2507.0,0.35,0.71,5.33,,,0.79,,14.97,1.5,53.0,3188297.0,154.0,Cenozoic volcanic rocks,intermediate-felsic volcanic rocks,,13.0,Miocene,13.0,Miocene,#FFFF00,5.333,23.03,Miocene,subsurface_fluid,subsurface_sample,subsurface
ET_190718,ET_190718_S,CR19,ET,Eco Thermales,14,CAM,CRI,2019.0,2019-07-18,plate margin,convergent,oceanic-continental subduction,volcanic arc,subaerial,Spring,,,,igneous,ign_felsic,Quaternary volcanic: felsic rocks,,10.4839016,-84.6749001,368.0,41.4,6.19,5.14,,,,2649.3675,0.28,390.0,,,,,,280.265,0.0,0.235,252.817,0.0,0.107,154.763,0.687,27.349,95.459,82.062,22.05,984.98,,0.05,,7.69,,,,,,2861.0,,0.36,,,7.05,123.0,784.06,,,,5.13,,3.0,42.85,,,,,,,,,,,,,10.47,,,,,,,,,,,,,,,,,,,,,,,,,,,,,,,,,,,,,,,,,,,,,,,,,,,,753.55,0.45,,,-5.66,,,,,0.0,0.0,0.0,0.0,0.15989,125.37072,0.0,874.46939,0.0,1000.0,,,,0.0,0.0,0.159892,125.370722,0.0,874.469386,,,,,,,,,,,,,,-9.75,,,sediment,coevolve,,,,,778.0823252909624,,,,,,,,,,,,,,,,,,,,,,,,,,,,,,,,,,,,,,,,,,,,,,,,,,,,,,,,,,,,,,3188297.0,154.0,Cenozoic volcanic rocks,intermediate-felsic volcanic rocks,,13.0,Miocene,13.0,Miocene,#FFFF00,5.333,23.03,Miocene,subsurface_sediment,subsurface_sample,subsurface
RCA_190612,RCA_190612_F,CR19,RCA,rio_cuarto,3,CAM,CRI,2019.0,2019-06-12,plate margin,convergent,oceanic-continental subduction,backarc,submerged,Volcanic lake,,,,igneous,ign_felsic,Quaternary volcanic: felsic rocks,,10.355752,-84.213333,386.0,28.5,6.57,7.19,,,,3684.6276,0.4,200.0,,,,,,4.155,0.0,0.0,0.0,0.0,,13.323,11.738,4.011,6.39,17.356,0.98,546.43,12389.5,0.82,,,,137.52,,2.39,,,,0.48,,,,9.01,135.1,,,,6.38,,,343.44,,,,,,,,,,,,,16.02,,,,,,,,,,,,,,,,,,,,,,,,,,,,,,,,,,,,,,,,,,,,,,,,,,,,16001.63,4.04,,,1.39,,,,,,,,,,,,,,0.0,,,,,,,,,,,,,,,,,,,,,,,-9.66,,,fluid,coevolve,,,,,277.81983478008607,EarthChem,P-152,whole_rock,"IGNEOUS, VOLCANIC, BASALT, ALKALINE",P-152,10.3795,-84.3046,10.3344099470203,97.47999999999999,44.89,0.8,13.33,9.9,,,0.17,13.39,12.57,1.31,0.77,,0.35,,,,,,,2458.7,,133.59,,3.42,1.63,2.52,,6.78,,0.63,65.21,,0.23,7.27,63.09,5.38,16.57,105.0,,8.35,,2507.0,0.35,0.71,5.33,,,0.79,,14.97,1.5,53.0,3188297.0,154.0,Cenozoic volcanic rocks,intermediate-felsic volcanic rocks,,13.0,Miocene,13.0,Miocene,#FFFF00,5.333,23.03,Miocene,subsurface_fluid,subsurface_sample,subsurface
AC_190614,AC_190614_F,CR19,AC,Acapulco,6,CAM,CRI,2019.0,2019-06-14,plate margin,convergent,oceanic-continental subduction,volcanic arc,subaerial,Spring,,,,sedimentary,sedimentary,Cenozoic sedimentary rocks,,10.160508,-84.853472,219.0,72.0,7.0,5.14,,,,2649.3675,0.28,200.0,,,,,,300.166,0.88,0.0,398.516,0.0,0.539,356.833,0.0,10.467,0.881,97.097,,51.08,,,,,,,,26.96,0.03,6900.2,,,,0.15,377.19,52.71,1108.3,,,,,0.02,25.93,48.54,,,,,,,,,,,,,,0.0,,,,0.01,,,,,,,,,,,,,,,,,,,,,,,,,,,,,,,,,,,,,,,,,,,,,,,,,,,-6.86,,,,,220.00356,0.25034,0.0,0.09823,0.00198,4.36758,7.2422,768.03611,,1000.0,,,,,,,,,,,,2239.6778988089177,30.378001159868546,878.8190460973076,,,,,,,,,-15.14,,,fluid,coevolve,,,,,213.81720820805364,EarthChem,TO-080714-8,whole_rock,"IGNEOUS, VOLCANIC, PICRITE",TO-080714-8,10.1635,-85.0043,16.531741893767677,112.55629930399999,47.05,0.9,5.06,11.72,11.61513651,,0.173,30.96,5.84,0.17,0.04,,0.202389594,72.47780965,108.0028492,,1351.772404,167.7043374,,11.75624273,,19.61502992,3442.161082,1.964528931,0.938947777,0.648673309,6.652303997,2.387904719,,0.35606089,9.424798479,,0.142376698,14.45104489,11.10006619,0.559629079,2.538154824,3.820780081,29.39282451,2.260445844,,33.63335357,0.904825685,0.356559787,0.793947062,,,0.240165873,,9.726727909,0.801994937,,948789.0,7.0,Miocene volcanic: felsic and intermediate rocks,volcanic: felsic and intermediate rocks,,13.0,Miocene,13.0,Miocene,#FFFF00,5.333,23.03,Miocene,subsurface_fluid,subsurface_sample,subsurface
AC_190614,AC_190614_S,CR19,AC,Acapulco,6,CAM,CRI,2019.0,2019-06-14,plate margin,convergent,oceanic-continental subduction,volcanic arc,subaerial,Spring,,,,sedimentary,sedimentary,Cenozoic sedimentary rocks,,10.160508,-84.853472,219.0,72.0,7.0,5.14,,,,2649.3675,0.28,200.0,,,,,,300.166,0.88,0.0,398.516,0.0,0.539,356.833,0.0,10.467,0.881,97.097,,51.08,,,,,,,,26.96,0.03,6900.2,,,,0.15,377.19,52.71,1108.3,,,,,0.02,25.93,48.54,,,,,,,,,,,,,,0.0,,,,0.01,,,,,,,,,,,,,,,,,,,,,,,,,,,,,,,,,,,,,,,,,,,,,,,,,,,-6.86,,,,,220.00356,0.25034,0.0,0.09823,0.00198,4.36758,7.2422,768.03611,,1000.0,,,,,,,,,,,,2239.6778988089177,30.378001159868546,878.8190460973076,,,,,,,,,-15.14,,,sediment,coevolve,,,,,213.81720820805364,EarthChem,TO-080714-8,whole_rock,"IGNEOUS, VOLCANIC, PICRITE",TO-080714-8,10.1635,-85.0043,16.531741893767677,112.55629930399999,47.05,0.9,5.06,11.72,11.61513651,,0.173,30.96,5.84,0.17,0.04,,0.202389594,72.47780965,108.0028492,,1351.772404,167.7043374,,11.75624273,,19.61502992,3442.161082,1.964528931,0.938947777,0.648673309,6.652303997,2.387904719,,0.35606089,9.424798479,,0.142376698,14.45104489,11.10006619,0.559629079,2.538154824,3.820780081,29.39282451,2.260445844,,33.63335357,0.904825685,0.356559787,0.793947062,,,0.240165873,,9.726727909,0.801994937,,948789.0,7.0,Miocene volcanic: felsic and intermediate rocks,volcanic: felsic and intermediate rocks,,13.0,Miocene,13.0,Miocene,#FFFF00,5.333,23.03,Miocene,subsurface_sediment,subsurface_sample,subsurface
RCD_190801,RCD_190801_F,CR19,RC_D,rio_cuarto,20,CAM,CRI,2019.0,2019-08-01,plate margin,convergent,oceanic-continental subduction,backarc,submerged,Volcanic lake,,,,igneous,ign_felsic,Quaternary volcanic: felsic rocks,,10.355752,-84.213333,386.0,28.5,6.49,7.19,,,,3684.6276,0.4,300.0,,,,,,1.753,0.0,0.0,0.0,0.0,,8.2,14.972,4.036,6.356,17.536,,551.22,10533.0,0.9,,,,,,,0.0,102.2,,0.31,,0.01,,10.85,153.41,,,,,0.02,,78.51,,,,,,,,,,,,,8.06,0.01,0.0,,,,,,,,,,,,,,,,,,,,,,,,,,,,,,,,,,,,,,,,,,,,,,,,,,9785.53,1.59,,,0.78,,,,,,,,,,,,,,0.0,,,,,,,,,,,,,,,,,,,,,,,-9.25,,,fluid,coevolve,,,,,447.68067068174344,EarthChem,P-152,whole_rock,"IGNEOUS, VOLCANIC, BASALT, ALKALINE",P-152,10.3795,-84.3046,10.3344099470203,97.47999999999999,44.89,0.8,13.33,9.9,,,0.17,13.39,12.57,1.31,0.77,,0.35,,,,,,,2458.7,,133.59,,3.42,1.63,2.52,,6.78,,0.63,65.21,,0.23,7.27,63.09,5.38,16.57,105.0,,8.35,,2507.0,0.35,0.71,5.33,,,0.79,,14.97,1.5,53.0,3188297.0,154.0,Cenozoic volcanic rocks,intermediate-felsic volcanic rocks,,13.0,Miocene,13.0,Miocene,#FFFF00,5.333,23.03,Miocene,subsurface_fluid,subsurface_sample,subsurface
RV_190611,RV_190611_F,CR19,RV,recreo_verde,2,CAM,CRI,2019.0,2019-06-11,plate margin,convergent,oceanic-continental subduction,volcanic arc,subaerial,Spring,,,,igneous,ign_felsic,Quaternary volcanic: felsic rocks,,10.3230764,-84.241052,576.0,42.7,6.19,7.19,,,,3684.6276,0.4,1700.0,,,,,,396.778,1.14,0.097,608.981,0.0,0.255,437.073,0.0,90.141,390.183,0.0,,14.02,,1.63,,4.58,154.32,,,,,,,,,,134.29,148.51,,,,1.16,13.42,1.52,0.98,,,,,,,,,,,,,,5.01,0.01,,,,,,,,,,,,,,,,,,,,,,,,,,,,,,,,,,,,,,,,,,,,,,,,,,,1714.98,0.58,,,2.07,,,,,,,,,,,,,,0.0,,,,,,,,,,,,,,,,,,,,,,,-13.12,,,fluid,coevolve,,,,,3383.0283690726073,,,,,,,,,,,,,,,,,,,,,,,,,,,,,,,,,,,,,,,,,,,,,,,,,,,,,,,,,,,,,,3188297.0,154.0,Cenozoic volcanic rocks,intermediate-felsic volcanic rocks,,13.0,Miocene,13.0,Miocene,#FFFF00,5.333,23.03,Miocene,subsurface_fluid,subsurface_sample,subsurface
LR_190628,LR_190628_S,CR19,LR,la_lecheria,10,CAM,CRI,2019.0,2019-06-28,plate margin,convergent,oceanic-continental subduction,volcanic arc,subaerial,Spring,,,,igneous,ign_felsic,Quaternary volcanic: felsic rocks,,10.003062,-83.83096,2309.0,35.2,4.5,7.88,,,,4029.7143,0.44,200.0,,,,,,27.496,0.0,0.0,1331.2,0.0,,43.754,0.099,10.177,82.946,380.003,9.72,2313.8,2063.2,1.27,,12.23,,,,2.57,5.26,,9015.9,0.48,,0.34,,71.26,1007.0,,,,7.07,,0.68,15.74,,,,,,,,,,,,,15.14,,0.0,,,,,,,,,,,,,,,,,,,,,,,,,,,,,,,,,,,,,,,,,,,,,,,,,,,,,,-5.6,,,,,0.0,1.15225,0.0,0.0,0.42502,14.69924,28.67938,955.04411,0.0,1000.0,,,,1.152246,0.0,0.425019,14.699238,28.679383,955.044114,,,,0.0,0.0,,,,,,,,,-14.89,,,sediment,coevolve,,,,,11564.31640297204,EarthChem,91-60-2,whole_rock,"IGNEOUS, VOLCANIC, BASALT",91-60-2,9.983,-83.85,3.046636864737196,100.01,51.49,1.03,15.92,8.72,,,0.14,8.4,9.48,2.78,1.62,,0.43,106.0,,,136.0,221.0,,701.0,,84.8,372.0,4.31,2.05,1.9,,5.66,,0.769,40.9,,0.274,19.2,38.5,4.29,10.26,42.2,27.1,6.89,,791.0,0.99,0.88,6.87,,,2.47,,21.4,1.79,157.2,3188297.0,154.0,Cenozoic volcanic rocks,intermediate-felsic volcanic rocks,,13.0,Miocene,13.0,Miocene,#FFFF00,5.333,23.03,Miocene,subsurface_sediment,subsurface_sample,subsurface
SG_190719,SG_190719_F,CR19,SG,the_springs,19,CAM,CRI,2019.0,2019-07-19,plate margin,convergent,oceanic-continental subduction,volcanic arc,subaerial,Spring,,,,igneous,ign_felsic,Quaternary volcanic: felsic rocks,,10.5190834,-84.6881699,455.0,36.1,6.13,5.83,,,,2994.4542,0.32,600.0,,,,,,332.319,1.01,0.0,0.0,0.0,0.241,297.159,0.584,24.1,46.491,34.337,,85.17,,,,,,,,20.16,,,,,,,8.87,50.17,1365.3,,,3.21,11.57,,0.67,259.5,,,,,,,,,,,,,6.53,0.0,0.0,,,,,,,,,,,,,,,,,,,,,,,,,,,,,,,,,,,,,,,,,,,,,,,,,,,,,,-0.03,,,,,0.0,876.5549,0.0,0.01675,0.01671,1.10544,2.45199,119.85421,,1000.0,,,,,,,,,,,,0.0,0.0,0.0,,,,,,,,,-9.35,,,fluid,coevolve,,,,,1317.300989688466,,,,,,,,,,,,,,,,,,,,,,,,,,,,,,,,,,,,,,,,,,,,,,,,,,,,,,,,,,,,,,3188297.0,154.0,Cenozoic volcanic rocks,intermediate-felsic volcanic rocks,,13.0,Miocene,13.0,Miocene,#FFFF00,5.333,23.03,Miocene,subsurface_fluid,subsurface_sample,subsurface
SG_190719,SG_190719_S,CR19,SG,the_springs,19,CAM,CRI,2019.0,2019-07-19,plate margin,convergent,oceanic-continental subduction,volcanic arc,subaerial,Spring,,,,igneous,ign_felsic,Quaternary volcanic: felsic rocks,,10.5190834,-84.6881699,455.0,36.1,6.13,5.83,,,,2994.4542,0.32,600.0,,,,,,332.319,1.01,0.0,0.0,0.0,0.241,297.159,0.584,24.1,46.491,34.337,,85.17,,,,,,,,20.16,,,,,,,8.87,50.17,1365.3,,,3.21,11.57,,0.67,259.5,,,,,,,,,,,,,6.53,0.0,0.0,,,,,,,,,,,,,,,,,,,,,,,,,,,,,,,,,,,,,,,,,,,,,,,,,,,,,,-0.03,,,,,0.0,876.5549,0.0,0.01675,0.01671,1.10544,2.45199,119.85421,,1000.0,,,,,,,,,,,,0.0,0.0,0.0,,,,,,,,,-9.35,,,sediment,coevolve,,,,,1317.300989688466,,,,,,,,,,,,,,,,,,,,,,,,,,,,,,,,,,,,,,,,,,,,,,,,,,,,,,,,,,,,,,3188297.0,154.0,Cenozoic volcanic rocks,intermediate-felsic volcanic rocks,,13.0,Miocene,13.0,Miocene,#FFFF00,5.333,23.03,Miocene,subsurface_sediment,subsurface_sample,subsurface
EP_190616,EP_190616_F,CR19,EP,Espabel,7,CAM,CRI,2019.0,2019-06-16,plate margin,convergent,oceanic-continental subduction,outer forearc,subaerial,Spring,,,,sedimentary,sedimentary,Cretaceous sedimentary,,9.902051,-85.454303,126.0,27.0,8.5,5.14,,,,2649.3675,0.28,200.0,,,,,,1.49,0.0,0.0,4.014,0.0,,37.141,0.0,0.982,1.03,4.553,0.72,2.8,185.86,,,,,1380.0,,,0.0,,,1.22,,0.75,,,5.32,,,6.04,3.25,0.05,,,,,,,,,,,,,,,16.09,,0.0,,,0.01,,,,,,,,,,,,,,,,,,,,,,,,,,,,,,,,,,,,,,,,,,,,,,,,,,,-21.49,,,,,0.0,26.56692,0.0,0.0,0.27537,49.81859,23.94098,899.39813,0.0,1000.0,,,,26.566922,0.0,0.275374,49.818592,23.940982,899.398131,,,,0.0,0.0,,,,,,,,,-13.18,,,fluid,coevolve,,,,,174.27277444062136,EarthChem,2PCA1000,whole_rock,"SEDIMENTARY, WACKE, TUFFACEOUS",2PCA1000,9.8649,-85.4842,5.257124998221812,87.87,49.49,0.56,12.14,4.75,,,0.09,2.35,14.3,2.39,1.68,,0.12,,,,,,,790.0,,24.0,,2.5,1.55,0.88,,2.55,,0.54,14.2,,0.24,6.4,12.5,3.83,3.32,13.02,,2.4,,,0.47,0.35,1.78,,,0.73,,15.7,1.52,72.0,3186035.0,154.0,Mesozoic-Cenozoic volcanic rocks,mafic volcanic rocks,,24.0,Eocene,48.0,Jurassic,#9AD9DD,33.9,201.3,Phanerozoic,subsurface_fluid,subsurface_sample,subsurface
EP_190616,EP_190616_S,CR19,EP,Espabel,7,CAM,CRI,2019.0,2019-06-16,plate margin,convergent,oceanic-continental subduction,outer forearc,subaerial,Spring,,,,sedimentary,sedimentary,Cretaceous sedimentary,,9.902051,-85.454303,126.0,27.0,8.5,5.14,,,,2649.3675,0.28,200.0,,,,,,1.49,0.0,0.0,4.014,0.0,,37.141,0.0,0.982,1.03,4.553,0.72,2.8,185.86,,,,,1380.0,,,0.0,,,1.22,,0.75,,,5.32,,,6.04,3.25,0.05,,,,,,,,,,,,,,,16.09,,0.0,,,0.01,,,,,,,,,,,,,,,,,,,,,,,,,,,,,,,,,,,,,,,,,,,,,,,,,,,-21.49,,,,,0.0,26.56692,0.0,0.0,0.27537,49.81859,23.94098,899.39813,0.0,1000.0,,,,26.566922,0.0,0.275374,49.818592,23.940982,899.398131,,,,0.0,0.0,,,,,,,,,-13.18,,,sediment,coevolve,,,,,174.27277444062136,EarthChem,2PCA1000,whole_rock,"SEDIMENTARY, WACKE, TUFFACEOUS",2PCA1000,9.8649,-85.4842,5.257124998221812,87.87,49.49,0.56,12.14,4.75,,,0.09,2.35,14.3,2.39,1.68,,0.12,,,,,,,790.0,,24.0,,2.5,1.55,0.88,,2.55,,0.54,14.2,,0.24,6.4,12.5,3.83,3.32,13.02,,2.4,,,0.47,0.35,1.78,,,0.73,,15.7,1.52,72.0,3186035.0,154.0,Mesozoic-Cenozoic volcanic rocks,mafic volcanic rocks,,24.0,Eocene,48.0,Jurassic,#9AD9DD,33.9,201.3,Phanerozoic,subsurface_sediment,subsurface_sample,subsurface
SI1_210715,SI1_210715_F,FENIX21,SI1,Hotel Sinuessa anfora,1,EUR,ITA,2021.0,2021-07-15,plate margin,convergent,oceanic-continental subduction,volcanic arc,subaerial,Well,,,,sedimentary,sed_carbonatic,Cretaceous limestone,Na-Cl,41.140743,13.856239,51.0,34.0,5.98,6.56,-318.0,10.4,0.73,3362.175,,1000.0,,,,,,,,,,,0.156,522.51,,69.626,87.221,,1.121,222.157,341.528,0.063,,,,0.34,,,0.427,,401.95,0.576,,,106.587,235.531,,,,,,,192.686,,,,,,,,,,,,,,0.298,,,0.02,,0.049,18.34,205.32,141975.52,4.87,,19.11,,,,,,,,,14.49,,,0.0,842.37,,12.36,,,,25.23,173.18,,31.26,,15.17,,,,,,,,,,,18.84,4.93,,,,,,,,,,,,,,,,,,,,,,,0.0,,,,,,,,,,,,,,,,,,,,,,,,,,fluid,coevolve,,,,,2766.2329501401086,EarthChem,OF152B2,whole_rock,"IGNEOUS, VOLCANIC, TRACHYTE",OF152B2,41.1319,13.95,7.933343353631403,95.94534639999999,58.59,0.4,17.85,3.44,,3.0953464,0.2,0.3,1.77,5.84,7.83,,0.07,,,,,8.0,,25.0,,219.0,,9.0,4.3,1.8,,11.0,,,122.0,,0.8,110.0,77.0,,,457.0,1.0,15.0,,30.0,,,,,,,,55.0,4.9,606.0,3153617.0,147.0,Cretaceous limestone,"Major:{limestone}, Minor{sandstone,marl}",,33.0,Cretaceous,33.0,Cretaceous,#7FC64E,66.0,145.0,Mesozoic,subsurface_fluid,subsurface_sample,subsurface
SI1_210715,SI1_210715_S,FENIX21,SI1,Hotel Sinuessa anfora,1,EUR,ITA,2021.0,2021-07-15,plate margin,convergent,oceanic-continental subduction,volcanic arc,subaerial,Well,,,,sedimentary,sed_carbonatic,Cretaceous limestone,Na-Cl,41.140743,13.856239,51.0,34.0,5.98,6.56,-318.0,10.4,0.73,3362.175,,1000.0,,,,,,,,,,,0.156,522.51,,69.626,87.221,,1.121,222.157,341.528,0.063,,,,0.34,,,0.427,,401.95,0.576,,,106.587,235.531,,,,,,,192.686,,,,,,,,,,,,,,0.298,,,0.02,,0.049,18.34,205.32,141975.52,4.87,,19.11,,,,,,,,,14.49,,,0.0,842.37,,12.36,,,,25.23,173.18,,31.26,,15.17,,,,,,,,,,,18.84,4.93,,,,,,,,,,,,,,,,,,,,,,,0.0,,,,,,,,,,,,,,,,,,,,,,,,,,sediment,coevolve,,,,,2766.2329501401086,EarthChem,OF152B2,whole_rock,"IGNEOUS, VOLCANIC, TRACHYTE",OF152B2,41.1319,13.95,7.933343353631403,95.94534639999999,58.59,0.4,17.85,3.44,,3.0953464,0.2,0.3,1.77,5.84,7.83,,0.07,,,,,8.0,,25.0,,219.0,,9.0,4.3,1.8,,11.0,,,122.0,,0.8,110.0,77.0,,,457.0,1.0,15.0,,30.0,,,,,,,,55.0,4.9,606.0,3153617.0,147.0,Cretaceous limestone,"Major:{limestone}, Minor{sandstone,marl}",,33.0,Cretaceous,33.0,Cretaceous,#7FC64E,66.0,145.0,Mesozoic,subsurface_sediment,subsurface_sample,subsurface
PI_210924,PI_210924_F,FENIX21,PI,Piccolo Inferno,4,EUR,ITA,2021.0,2021-09-24,plate margin,convergent,oceanic-continental subduction,volcanic arc,subaerial,Fumarole,,,,igneous,ign_volcanic,Cenozoic volcanic rocks,Ca-SO4,41.314487,13.894006,61.0,29.5,2.13,3.27,27.0,,,1703.25,0.17,0.0,,,,,,24.885,,,3858.0,0.89,0.079,68.098,0.088,170.95,33.448,117.37,581.977,,,62.91,62.769,4.868,460.655,16.38,,1.019,26.763,259.041,,,76.254,56.511,19.701,,,,32.253,0.214,,0.72,189.993,72.215,,,,,,,,,,,,,0.045,0.006,7.399,60.157,,31.824,26.6,151.48,11219.82,4.04,,9.04,,,,0.58,,,,,27.45,,,96.99,57.59,,635.59,,,,12.27,123.02,,0.0,,0.0,,,,,,,,,,,15.89,0.0,,,,,,,,,,,,,,,,,,,,,,,0.0,,,,,,,,,,,,,,,,,,,,,,,,,,fluid,coevolve,,,,,,EarthChem,RMN 05,whole_rock,"IGNEOUS, VOLCANIC, SHOSHONITE",RMN 05,41.3117,13.9169,1.9418741447158485,98.95048890000002,53.42,0.57,19.82,2.69,2.16,,0.12,1.48,5.18,2.72,10.8,,0.26,,,,20.0,,,1274.0,,205.0,,,,,,,,,120.0,,,19.0,88.0,68.0,,766.0,,,,1839.0,,,45.0,,,10.0,,41.0,,302.0,3161423.0,147.0,Miocene sandstone,"Major:{sandstone}, Minor{claystone,limestone,evaporites}",,13.0,Miocene,13.0,Miocene,#FFFF00,5.333,23.03,Miocene,subsurface_fluid,subsurface_sample,subsurface
PI_210924,PI_210924_S,FENIX21,PI,Piccolo Inferno,4,EUR,ITA,2021.0,2021-09-24,plate margin,convergent,oceanic-continental subduction,volcanic arc,subaerial,Fumarole,,,,igneous,ign_volcanic,Cenozoic volcanic rocks,Ca-SO4,41.314487,13.894006,61.0,29.5,2.13,3.27,27.0,,,1703.25,0.17,0.0,,,,,,24.885,,,3858.0,0.89,0.079,68.098,0.088,170.95,33.448,117.37,581.977,,,62.91,62.769,4.868,460.655,16.38,,1.019,26.763,259.041,,,76.254,56.511,19.701,,,,32.253,0.214,,0.72,189.993,72.215,,,,,,,,,,,,,0.045,0.006,7.399,60.157,,31.824,26.6,151.48,11219.82,4.04,,9.04,,,,0.58,,,,,27.45,,,96.99,57.59,,635.59,,,,12.27,123.02,,0.0,,0.0,,,,,,,,,,,15.89,0.0,,,,,,,,,,,,,,,,,,,,,,,0.0,,,,,,,,,,,,,,,,,,,,,,,,,,sediment,coevolve,,,,,,EarthChem,RMN 05,whole_rock,"IGNEOUS, VOLCANIC, SHOSHONITE",RMN 05,41.3117,13.9169,1.9418741447158485,98.95048890000002,53.42,0.57,19.82,2.69,2.16,,0.12,1.48,5.18,2.72,10.8,,0.26,,,,20.0,,,1274.0,,205.0,,,,,,,,,120.0,,,19.0,88.0,68.0,,766.0,,,,1839.0,,,45.0,,,10.0,,41.0,,302.0,3161423.0,147.0,Miocene sandstone,"Major:{sandstone}, Minor{claystone,limestone,evaporites}",,13.0,Miocene,13.0,Miocene,#FFFF00,5.333,23.03,Miocene,subsurface_sediment,subsurface_sample,subsurface
ML_210924,ML_210924_F,FENIX21,ML,Madonna dei Lattani,6,EUR,ITA,2021.0,2021-09-24,plate margin,convergent,oceanic-continental subduction,volcanic arc,subaerial,Well,,,,igneous,ign_volcanic,Cenozoic volcanic rocks,Ca-HCO3,41.302894,13.984734,850.0,15.0,8.6,0.22,-247.0,,,163.0,0.01,200.0,,,,,,8.666,0.085,0.006,1.334,,0.001,10.171,0.001,3.017,4.07,14.523,2.308,,,0.006,,,,,,0.109,0.019,206.103,,0.285,,,1.592,14.048,168.904,,,0.013,,,1.726,1.974,,,,,,,,,,,,,0.026,,0.008,,,0.192,,,,,,,,,,,,,,,,,,,,,,,,,,,,,,,,,,,,,,,,,,,,,,,,,,,,,,,,,,,,,,,,,0.0,,,,,,,,,,,,,,,,,,,,,,,,,,fluid,coevolve,,,,,174.40105567099707,EarthChem,RMN 21,whole_rock,"IGNEOUS, VOLCANIC, SHOSHONITE",RMN 21,41.2997,13.9853,0.35787808883889577,97.21927572390001,57.16521198,0.63,18.45608355,4.66,0.4,,0.1290635213,2.98,5.321388263,3.04,4.705854546,,0.1985592636,10.0,17.0,,9.0,137.0,67.0,577.0,,105.0,15.0,,,,,,,,62.0,,,16.0,43.0,29.0,,208.0,,,,802.0,,,19.0,,,6.0,,35.0,,187.0,3187236.0,154.0,Cenozoic volcanic rocks,intermediate volcanic rocks,,10.0,Pliocene,10.0,Pliocene,#FFFF99,2.588,5.333,Pliocene,subsurface_fluid,subsurface_sample,subsurface
SP_210924,SP_210924_F,FENIX21,SP,Sorgente Petrinum,3B,EUR,ITA,2021.0,2021-09-24,plate margin,convergent,oceanic-continental subduction,volcanic arc,subaerial,Well,,,,sedimentary,sed_carbonatic,Cretaceous limestone,Ca-HCO3,41.125096,13.890296,45.0,32.5,6.2,0.7,-565.0,,,405.4,0.06,2000.0,,,,,,,,,,,0.07,718.424,,78.292,279.244,,0.4825,,,,,,45.041,,,,0.095,,36.813,,,,35.93,65.521,,,0.1465,,,,11.004,,,,,,,,,,,,,,,0.009,,,,0.018,0.0,182.88,37.76,,,,,,,,,,,,0.0,,,,419.87,,,,,,,125.86,,,,,,,,,,,,,,,,,,,,,,,,,,,,,,,,,,,,,,,0.0,,,,,,,,,,,,,,,,,,,,,,,,,,fluid,coevolve,,,,,4059.8085355492235,EarthChem,OF152B2,whole_rock,"IGNEOUS, VOLCANIC, TRACHYTE",OF152B2,41.1319,13.95,5.070063195933969,95.94534639999999,58.59,0.4,17.85,3.44,,3.0953464,0.2,0.3,1.77,5.84,7.83,,0.07,,,,,8.0,,25.0,,219.0,,9.0,4.3,1.8,,11.0,,,122.0,,0.8,110.0,77.0,,,457.0,1.0,15.0,,30.0,,,,,,,,55.0,4.9,606.0,3153617.0,147.0,Cretaceous limestone,"Major:{limestone}, Minor{sandstone,marl}",,33.0,Cretaceous,33.0,Cretaceous,#7FC64E,66.0,145.0,Mesozoic,subsurface_fluid,subsurface_sample,subsurface
SP_210924,SP_210924_S,FENIX21,SP,Sorgente Petrinum,3B,EUR,ITA,2021.0,2021-09-24,plate margin,convergent,oceanic-continental subduction,volcanic arc,subaerial,Well,,,,sedimentary,sed_carbonatic,Cretaceous limestone,Ca-HCO3,41.125096,13.890296,45.0,32.5,6.2,0.7,-565.0,,,405.4,0.06,2000.0,,,,,,,,,,,0.07,718.424,,78.292,279.244,,0.4825,,,,,,45.041,,,,0.095,,36.813,,,,35.93,65.521,,,0.1465,,,,11.004,,,,,,,,,,,,,,,0.009,,,,0.018,0.0,182.88,37.76,,,,,,,,,,,,0.0,,,,419.87,,,,,,,125.86,,,,,,,,,,,,,,,,,,,,,,,,,,,,,,,,,,,,,,,0.0,,,,,,,,,,,,,,,,,,,,,,,,,,sediment,coevolve,,,,,4059.8085355492235,EarthChem,OF152B2,whole_rock,"IGNEOUS, VOLCANIC, TRACHYTE",OF152B2,41.1319,13.95,5.070063195933969,95.94534639999999,58.59,0.4,17.85,3.44,,3.0953464,0.2,0.3,1.77,5.84,7.83,,0.07,,,,,8.0,,25.0,,219.0,,9.0,4.3,1.8,,11.0,,,122.0,,0.8,110.0,77.0,,,457.0,1.0,15.0,,30.0,,,,,,,,55.0,4.9,606.0,3153617.0,147.0,Cretaceous limestone,"Major:{limestone}, Minor{sandstone,marl}",,33.0,Cretaceous,33.0,Cretaceous,#7FC64E,66.0,145.0,Mesozoic,subsurface_sediment,subsurface_sample,subsurface
FE_211015,FE_211015_F,FENIX21,FE,Sorgente Ferrata,7,EUR,ITA,2021.0,2021-10-15,plate margin,convergent,oceanic-continental subduction,volcanic arc,subaerial,Spring,,,,sedimentary,sed_carbonatic,Late Cretaceous limestone,Ca-HCO3,40.651557,15.229379,143.0,15.22,6.49,1.95,,,,1034.63,0.1,800.0,,,,,,33.371,0.527,0.062,19.499,,0.167,32.444,0.018,6.538,35.043,142.43,2.271,1.051,,,,,7.493,,,0.0773,,,5.331,,0.991,,2.415,16.333,444.528,,,0.02,,,9.862,17.133,,,,,,,,,,,,,0.021,,0.0147,,,0.789,12.89,501.15,6892.43,5.28,,,,,,,,,,,3.59,,,,207.06,,,,,,,,,6.73,,,,,,,,,,,,,,,,,,,,,,,,,,,,,,,,,,,,,0.0,,,,,,,,,,,,,,,,,,,,,,,,,,fluid,coevolve,,,,,1299.023704707726,EarthChem,ALT-1,whole_rock,"IGNEOUS, VOLCANIC, UNKNOWN",ALT-1,40.53,15.13,15.905405650968166,99.1775592,60.15,0.47,18.57,2.32,1.44,,0.16,0.92,3.23,4.44,7.53,,0.18,,,,,,,,,,,,,,,,,,,,,64.0,,,,315.0,,11.6,,355.0,,,34.8,,,10.56,,,,420.0,3185031.0,154.0,Cenozoic sedimentary rocks,sedimentary rocks,,2.0,Neogene,2.0,Neogene,#FFFF00,2.588,23.03,Neogene,subsurface_fluid,subsurface_sample,subsurface
FE_211015,FE_211015_S,FENIX21,FE,Sorgente Ferrata,7,EUR,ITA,2021.0,2021-10-15,plate margin,convergent,oceanic-continental subduction,volcanic arc,subaerial,Spring,,,,sedimentary,sed_carbonatic,Late Cretaceous limestone,Ca-HCO3,40.651557,15.229379,143.0,15.22,6.49,1.95,,,,1034.63,0.1,800.0,,,,,,33.371,0.527,0.062,19.499,,0.167,32.444,0.018,6.538,35.043,142.43,2.271,1.051,,,,,7.493,,,0.0773,,,5.331,,0.991,,2.415,16.333,444.528,,,0.02,,,9.862,17.133,,,,,,,,,,,,,0.021,,0.0147,,,0.789,12.89,501.15,6892.43,5.28,,,,,,,,,,,3.59,,,,207.06,,,,,,,,,6.73,,,,,,,,,,,,,,,,,,,,,,,,,,,,,,,,,,,,,0.0,,,,,,,,,,,,,,,,,,,,,,,,,,sediment,coevolve,,,,,1299.023704707726,EarthChem,ALT-1,whole_rock,"IGNEOUS, VOLCANIC, UNKNOWN",ALT-1,40.53,15.13,15.905405650968166,99.1775592,60.15,0.47,18.57,2.32,1.44,,0.16,0.92,3.23,4.44,7.53,,0.18,,,,,,,,,,,,,,,,,,,,,64.0,,,,315.0,,11.6,,355.0,,,34.8,,,10.56,,,,420.0,3185031.0,154.0,Cenozoic sedimentary rocks,sedimentary rocks,,2.0,Neogene,2.0,Neogene,#FFFF00,2.588,23.03,Neogene,subsurface_sediment,subsurface_sample,subsurface
SI2_210715,SI2_210715_F,FENIX21,SI2,Hotel Sinuessa pozzo,2,EUR,ITA,2021.0,2021-07-15,plate margin,convergent,oceanic-continental subduction,volcanic arc,subaerial,Well,,,,sedimentary,sed_carbonatic,Cretaceous limestone,Na-Cl,41.140756,13.85666,53.0,44.0,6.27,7.8,-312.0,25.0,1.51,3990.9,,1400.0,,,,,,840.73,3.18,,404.905,,0.144,639.874,2.775,67.349,92.136,172.05,0.3715,,,0.025,,,,,,0.789,,,,,,,103.002,232.447,,,,,,,185.437,19.01,,,,,,,,,,,,,,,0.021,,,0.007,13.96,201.7,116867.08,2.19,,12.5,,,,,,,,,4.44,,,15.49,727.13,,20.47,,,,18.98,168.75,,22.19,,7.38,,,,,,,,,,,,3.74,,,,,,,,,,,,,,,,,,,,,,,0.0,,,,,,,,,,,,,,,,,,,,,,,,,,fluid,coevolve,,,,,2519.693655737644,EarthChem,OF152B2,whole_rock,"IGNEOUS, VOLCANIC, TRACHYTE",OF152B2,41.1319,13.95,7.898447497419806,95.94534639999999,58.59,0.4,17.85,3.44,,3.0953464,0.2,0.3,1.77,5.84,7.83,,0.07,,,,,8.0,,25.0,,219.0,,9.0,4.3,1.8,,11.0,,,122.0,,0.8,110.0,77.0,,,457.0,1.0,15.0,,30.0,,,,,,,,55.0,4.9,606.0,3153617.0,147.0,Cretaceous limestone,"Major:{limestone}, Minor{sandstone,marl}",,33.0,Cretaceous,33.0,Cretaceous,#7FC64E,66.0,145.0,Mesozoic,subsurface_fluid,subsurface_sample,subsurface
SI2_210715,SI2_210715_S,FENIX21,SI2,Hotel Sinuessa pozzo,2,EUR,ITA,2021.0,2021-07-15,plate margin,convergent,oceanic-continental subduction,volcanic arc,subaerial,Well,,,,sedimentary,sed_carbonatic,Cretaceous limestone,Na-Cl,41.140756,13.85666,53.0,44.0,6.27,7.8,-312.0,25.0,1.51,3990.9,,1400.0,,,,,,840.73,3.18,,404.905,,0.144,639.874,2.775,67.349,92.136,172.05,0.3715,,,0.025,,,,,,0.789,,,,,,,103.002,232.447,,,,,,,185.437,19.01,,,,,,,,,,,,,,,0.021,,,0.007,13.96,201.7,116867.08,2.19,,12.5,,,,,,,,,4.44,,,15.49,727.13,,20.47,,,,18.98,168.75,,22.19,,7.38,,,,,,,,,,,,3.74,,,,,,,,,,,,,,,,,,,,,,,0.0,,,,,,,,,,,,,,,,,,,,,,,,,,sediment,coevolve,,,,,2519.693655737644,EarthChem,OF152B2,whole_rock,"IGNEOUS, VOLCANIC, TRACHYTE",OF152B2,41.1319,13.95,7.898447497419806,95.94534639999999,58.59,0.4,17.85,3.44,,3.0953464,0.2,0.3,1.77,5.84,7.83,,0.07,,,,,8.0,,25.0,,219.0,,9.0,4.3,1.8,,11.0,,,122.0,,0.8,110.0,77.0,,,457.0,1.0,15.0,,30.0,,,,,,,,55.0,4.9,606.0,3153617.0,147.0,Cretaceous limestone,"Major:{limestone}, Minor{sandstone,marl}",,33.0,Cretaceous,33.0,Cretaceous,#7FC64E,66.0,145.0,Mesozoic,subsurface_sediment,subsurface_sample,subsurface
CF_210924,CF_210924_F,FENIX21,CF,Terme Caracciolo Forte,5,EUR,ITA,2021.0,2021-09-24,plate margin,convergent,oceanic-continental subduction,volcanic arc,subaerial,Well,,,,igneous,ign_volcanic,Cenozoic volcanic rocks,Ca-HCO3,41.314806,13.891273,62.0,53.0,5.36,3.07,-248.0,,,1600.735,0.16,1400.0,,,,,,121.689,0.75,,454.649,,0.886,201.501,4.362,61.837,134.88,248.02,0.3635,13.254,17.073,,,,,,,1.367,5.716,,9.456,0.7405,,,21.19,293.205,,,0.481,0.0485,,,239.705,68.549,,,,,,,,,,,,,0.051,,,,,0.039,,,,,,,,,,,,,,,,,,,,,,,,,,,,,,,,,,,,,,,,,,,,,,,,,,,,,,,,,,,,,,,,,0.0,,,,,,,,,,,,,,,,,,,,,,,,,,fluid,coevolve,,,,,11681.404675977234,EarthChem,RMN 05,whole_rock,"IGNEOUS, VOLCANIC, SHOSHONITE",RMN 05,41.3117,13.9169,2.173440613003173,98.95048890000002,53.42,0.57,19.82,2.69,2.16,,0.12,1.48,5.18,2.72,10.8,,0.26,,,,20.0,,,1274.0,,205.0,,,,,,,,,120.0,,,19.0,88.0,68.0,,766.0,,,,1839.0,,,45.0,,,10.0,,41.0,,302.0,3161423.0,147.0,Miocene sandstone,"Major:{sandstone}, Minor{claystone,limestone,evaporites}",,13.0,Miocene,13.0,Miocene,#FFFF00,5.333,23.03,Miocene,subsurface_fluid,subsurface_sample,subsurface
CA_211015,CA_211015_F,FENIX21,CA,Acqua Cantani,8,EUR,ITA,2021.0,2021-10-15,plate margin,convergent,oceanic-continental subduction,volcanic arc,subaerial,Spring,,,,sedimentary,sed_carbonatic,Late Cretaceous limestone,Ca-HCO3,40.651412,15.229173,159.0,17.48,6.34,2.76,,,,1444.185,0.14,1200.0,,,,,,89.761,1.059,,29.12,,0.415,79.426,0.623,10.974,49.476,334.67,2.544,13.558,61.235,0.018,,,,2.688,,0.123,0.026,,,0.1205,,,3.207,29.904,783.758,,0.084,0.014,0.4475,0.001,19.652,27.566,,,,,,,,,,,,,0.018,0.004,0.002,0.148,,0.802,,,,,,,,,,,,,,,,,,,,,,,,,,,,,,,,,,,,,,,,,,,,,,,,,,,,,,,,,,,,,,,,,0.0,,,,,,,,,,,,,,,,,,,,,,,,,,fluid,coevolve,,,,,2266.735737333015,EarthChem,ALT-1,whole_rock,"IGNEOUS, VOLCANIC, UNKNOWN",ALT-1,40.53,15.13,15.882522863549973,99.1775592,60.15,0.47,18.57,2.32,1.44,,0.16,0.92,3.23,4.44,7.53,,0.18,,,,,,,,,,,,,,,,,,,,,64.0,,,,315.0,,11.6,,355.0,,,34.8,,,10.56,,,,420.0,3185031.0,154.0,Cenozoic sedimentary rocks,sedimentary rocks,,2.0,Neogene,2.0,Neogene,#FFFF00,2.588,23.03,Neogene,subsurface_fluid,subsurface_sample,subsurface
VR_211015,VR_211015_S,FENIX21,VR,Varchera,10,EUR,ITA,2021.0,2021-10-15,intraplate,intraplate,faults,faults,subaerial,Spring,M142EC,NNN,,sedimentary,sed_carbonatic,Late Cretaceous limestone,Ca-SO4,40.705666,15.222618,281.0,14.0,5.98,8.85,,,,4521.15,0.5,1000.0,,,,,,41.6,,,1678.511,,,90.8,0.039,8.217,153.94,693.45,1.604,,,0.1885,,,5.844,,,,,,,0.184,,0.203,5.786,,,,,0.057,,,,45.032,,,,,,,,,,,,,,0.0045,,,,1.473,54.19,437.01,305161.72,12.57,,17.15,,,,,,,,,54.04,,,0.0,306.13,,0.0,,,,,95.92,,21.67,,11.65,,,,,,,,,,,0.0,3.45,,,,,,,,,,,,,,,,,,,,,,,0.0,,,,,,,,,,,,,,,,,,,,,,,,,,sediment,coevolve,,,,,3345.9588120597,EarthChem,ALT-1,whole_rock,"IGNEOUS, VOLCANIC, UNKNOWN",ALT-1,40.53,15.13,21.02259571033254,99.1775592,60.15,0.47,18.57,2.32,1.44,,0.16,0.92,3.23,4.44,7.53,,0.18,,,,,,,,,,,,,,,,,,,,,64.0,,,,315.0,,11.6,,355.0,,,34.8,,,10.56,,,,420.0,3185031.0,154.0,Cenozoic sedimentary rocks,sedimentary rocks,,2.0,Neogene,2.0,Neogene,#FFFF00,2.588,23.03,Neogene,subsurface_sediment,subsurface_sample,subsurface
LS_211029,LS_211029_F,FENIX21,LS,Lido lo scoglio,13,EUR,ITA,2021.0,2021-10-29,plate margin,convergent,oceanic-continental subduction,volcanic arc,submarine,Spring,,,,igneous,ign_volcanic,Cenozoic volcanic rocks,Na-Cl,40.82538,14.077299,0.0,47.8,6.12,33.11,,,,16770.43,2.2,600.0,,,,,,11687.571,34.487,3.456,655.519,,8.11,7005.02,2.629,357.21,170.73,358.07,20.482,,,0.9323,,81.176,,,10.193,9.36,5.98,,,0.316,,,,,,,0.474,0.1527,,0.522,29.944,,,,,,,,,,,,,,0.04,0.006,4.158,,,2.642,18.15,484.47,81772.46,3.63,,14.96,,,,,,,,,,,,46.85,41.93,,39.71,,,,,64.05,,42.49,,16.51,,,,,,,,,,,24.4,8.69,,,,,,,,,,,,,,,,,,,,,,,0.0,,,,,,,,,,,,,,,,,,,,,,,,,,fluid,coevolve,,,,,1303.3120317865894,EarthChem,NIS3,whole_rock,"IGNEOUS, VOLCANIC, UNKNOWN",NIS3,40.82,14.07,0.8579573862008161,96.91,56.7,0.54,17.88,4.9,,,0.12,1.46,4.48,4.86,5.65,,0.32,20.0,7.0,3.0,0.0,116.0,60.0,1780.0,9.0,125.0,0.0,4.4,2.3,2.0,17.0,5.9,,0.8,68.6,,0.35,41.0,44.9,54.0,13.1,150.0,4.0,7.9,0.0,982.0,2.0,0.8,23.1,,0.5,7.7,3.0,26.0,2.2,270.0,3187236.0,154.0,Cenozoic volcanic rocks,intermediate volcanic rocks,,10.0,Pliocene,10.0,Pliocene,#FFFF99,2.588,5.333,Pliocene,subsurface_fluid,subsurface_sample,subsurface
LS_211029,LS_211029_S,FENIX21,LS,Lido lo scoglio,13,EUR,ITA,2021.0,2021-10-29,plate margin,convergent,oceanic-continental subduction,volcanic arc,submarine,Spring,,,,igneous,ign_volcanic,Cenozoic volcanic rocks,Na-Cl,40.82538,14.077299,0.0,47.8,6.12,33.11,,,,16770.43,2.2,600.0,,,,,,11687.571,34.487,3.456,655.519,,8.11,7005.02,2.629,357.21,170.73,358.07,20.482,,,0.9323,,81.176,,,10.193,9.36,5.98,,,0.316,,,,,,,0.474,0.1527,,0.522,29.944,,,,,,,,,,,,,,0.04,0.006,4.158,,,2.642,18.15,484.47,81772.46,3.63,,14.96,,,,,,,,,,,,46.85,41.93,,39.71,,,,,64.05,,42.49,,16.51,,,,,,,,,,,24.4,8.69,,,,,,,,,,,,,,,,,,,,,,,0.0,,,,,,,,,,,,,,,,,,,,,,,,,,sediment,coevolve,,,,,1303.3120317865894,EarthChem,NIS3,whole_rock,"IGNEOUS, VOLCANIC, UNKNOWN",NIS3,40.82,14.07,0.8579573862008161,96.91,56.7,0.54,17.88,4.9,,,0.12,1.46,4.48,4.86,5.65,,0.32,20.0,7.0,3.0,0.0,116.0,60.0,1780.0,9.0,125.0,0.0,4.4,2.3,2.0,17.0,5.9,,0.8,68.6,,0.35,41.0,44.9,54.0,13.1,150.0,4.0,7.9,0.0,982.0,2.0,0.8,23.1,,0.5,7.7,3.0,26.0,2.2,270.0,3187236.0,154.0,Cenozoic volcanic rocks,intermediate volcanic rocks,,10.0,Pliocene,10.0,Pliocene,#FFFF99,2.588,5.333,Pliocene,subsurface_sediment,subsurface_sample,subsurface
SN_211029,SN_211029_F,FENIX21,SN,Stufe di Nerone,12,EUR,ITA,2021.0,2021-10-29,plate margin,convergent,oceanic-continental subduction,volcanic arc,subaerial,Well,,,,igneous,ign_volcanic,Cenozoic volcanic rocks,Na-Cl,40.826908,14.076022,8.0,63.0,6.1,33.1,,,,16767.4,1.95,400.0,,,,,,11255.129,34.326,1.573,567.924,,7.624,6720.79,5.253,279.87,174.16,326.7,21.804,,103.818,0.271,,6.707,53.1,0.444,13.934,11.254,0.83,,,0.262,,0.012,,,,,,0.122,,0.154,30.077,43.24,,,,,,,,,,,,,0.0365,,8.848,4.801,,16.078,,,,,,,,,,,,,,,,,,,,,,,,,,,,,,,,,,,,,,,,,,,,,,,,,,,,,,,,,,,,,,,,,0.0,,,,,,,,,,,,,,,,,,,,,,,,,,fluid,coevolve,,,,,917.0390688156898,EarthChem,NIS3,whole_rock,"IGNEOUS, VOLCANIC, UNKNOWN",NIS3,40.82,14.07,0.9200949386115919,96.91,56.7,0.54,17.88,4.9,,,0.12,1.46,4.48,4.86,5.65,,0.32,20.0,7.0,3.0,0.0,116.0,60.0,1780.0,9.0,125.0,0.0,4.4,2.3,2.0,17.0,5.9,,0.8,68.6,,0.35,41.0,44.9,54.0,13.1,150.0,4.0,7.9,0.0,982.0,2.0,0.8,23.1,,0.5,7.7,3.0,26.0,2.2,270.0,3187236.0,154.0,Cenozoic volcanic rocks,intermediate volcanic rocks,,10.0,Pliocene,10.0,Pliocene,#FFFF99,2.588,5.333,Pliocene,subsurface_fluid,subsurface_sample,subsurface
GA_211029,GA_211029_F,FENIX21,GA,Grotta dell'acqua,11,EUR,ITA,2021.0,2021-10-29,plate margin,convergent,oceanic-continental subduction,volcanic arc,submarine,Spring,,,,igneous,ign_volcanic,Cenozoic volcanic rocks,Na-Cl,40.825108,14.059695,0.2,32.6,6.41,16.74,,,,8504.59,1.0,800.0,,,,,,4862.656,14.892,2.082,149.413,,6.154,3181.46,1.705,228.69,17.694,164.88,31.864,883.542,,0.135,,,,,6.1,8.605,0.568,,,0.191,,,,,,,0.141,0.1295,,0.058,224.183,71.693,,,,,,,,,,,,,0.031,,6.87,1.109,,18.479,28.17,553.82,102591.04,2.87,,33.78,,,,,,,,,,,,123.15,223.84,,46.89,,,,23.89,224.72,,38.45,,16.47,,,,,,,,,,,27.71,7.96,,,,,,,,,,,,,,,,,,,,,,,0.0,,,,,,,,,,,,,,,,,,,,,,,,,,fluid,coevolve,,,,,1270.4538031973755,EarthChem,NIS3,whole_rock,"IGNEOUS, VOLCANIC, UNKNOWN",NIS3,40.82,14.07,1.0380316494078214,96.91,56.7,0.54,17.88,4.9,,,0.12,1.46,4.48,4.86,5.65,,0.32,20.0,7.0,3.0,0.0,116.0,60.0,1780.0,9.0,125.0,0.0,4.4,2.3,2.0,17.0,5.9,,0.8,68.6,,0.35,41.0,44.9,54.0,13.1,150.0,4.0,7.9,0.0,982.0,2.0,0.8,23.1,,0.5,7.7,3.0,26.0,2.2,270.0,3187236.0,154.0,Cenozoic volcanic rocks,intermediate volcanic rocks,,10.0,Pliocene,10.0,Pliocene,#FFFF99,2.588,5.333,Pliocene,subsurface_fluid,subsurface_sample,subsurface
GA_211029,GA_211029_S,FENIX21,GA,Grotta dell'acqua,11,EUR,ITA,2021.0,2021-10-29,plate margin,convergent,oceanic-continental subduction,volcanic arc,submarine,Spring,,,,igneous,ign_volcanic,Cenozoic volcanic rocks,Na-Cl,40.825108,14.059695,0.2,32.6,6.41,16.74,,,,8504.59,1.0,800.0,,,,,,4862.656,14.892,2.082,149.413,,6.154,3181.46,1.705,228.69,17.694,164.88,31.864,883.542,,0.135,,,,,6.1,8.605,0.568,,,0.191,,,,,,,0.141,0.1295,,0.058,224.183,71.693,,,,,,,,,,,,,0.031,,6.87,1.109,,18.479,28.17,553.82,102591.04,2.87,,33.78,,,,,,,,,,,,123.15,223.84,,46.89,,,,23.89,224.72,,38.45,,16.47,,,,,,,,,,,27.71,7.96,,,,,,,,,,,,,,,,,,,,,,,0.0,,,,,,,,,,,,,,,,,,,,,,,,,,sediment,coevolve,,,,,1270.4538031973755,EarthChem,NIS3,whole_rock,"IGNEOUS, VOLCANIC, UNKNOWN",NIS3,40.82,14.07,1.0380316494078214,96.91,56.7,0.54,17.88,4.9,,,0.12,1.46,4.48,4.86,5.65,,0.32,20.0,7.0,3.0,0.0,116.0,60.0,1780.0,9.0,125.0,0.0,4.4,2.3,2.0,17.0,5.9,,0.8,68.6,,0.35,41.0,44.9,54.0,13.1,150.0,4.0,7.9,0.0,982.0,2.0,0.8,23.1,,0.5,7.7,3.0,26.0,2.2,270.0,3187236.0,154.0,Cenozoic volcanic rocks,intermediate volcanic rocks,,10.0,Pliocene,10.0,Pliocene,#FFFF99,2.588,5.333,Pliocene,subsurface_sediment,subsurface_sample,subsurface
BA_211229,BA_211229_F,FENIX21,BA,Bagnone,14,EUR,ITA,2021.0,2021-12-29,plate margin,convergent,oceanic-continental subduction,volcanic arc,subaerial,Spring,,,,sedimentary,sedimentary,Mesozoic sedimentary rocks,,43.181228,10.832435,346.0,64.0,7.0,0.35,-18.5,132.0,11.32,176.0,0.02,375.0,,,,,,,,,,,,16.777,0.163,43.274,11.167,72.958,,,,,,,,,,,,,,,,,,,,,,,,,,,,,,,,,,,,,,,,,,,,,,,,,,,,,,,,,,,,,,,,,,,,,,,,,,,,,,,,,,,,,,,,,,,,,,,,,,,,,,,,,,,,,0.0,,,,,,,,,,,,,,,,,,,,,,,,,,fluid,coevolve,,,,,396.524278060751,EarthChem,MVC100,whole_rock,"IGNEOUS, VOLCANIC, LAMPROITE",MVC100,43.3917,10.7689,23.944912240715475,97.35438249999999,56.86,1.37,12.61,3.25,2.84,,0.1,7.15,3.47,1.2,7.91,,0.92,,32.0,,150.0,118.0,,1200.0,,198.0,451.0,,,3.67,,,,,78.0,,,36.0,133.0,,,792.0,20.2,23.9,,421.0,1.8,1.3,112.0,,,,,33.0,2.25,537.0,3162239.0,147.0,Pliocene clay,"Major:{clay}, Minor{sand,conglomerate,limestone}",,10.0,Pliocene,10.0,Pliocene,#FFFF99,2.588,5.333,Pliocene,subsurface_fluid,subsurface_sample,subsurface
BA_211229,BA_211229_S,FENIX21,BA,Bagnone,14,EUR,ITA,2021.0,2021-12-29,plate margin,convergent,oceanic-continental subduction,volcanic arc,subaerial,Spring,,,,sedimentary,sedimentary,Mesozoic sedimentary rocks,,43.181228,10.832435,346.0,64.0,7.0,0.35,-18.5,132.0,11.32,176.0,0.02,375.0,,,,,,,,,,,,16.777,0.163,43.274,11.167,72.958,,,,,,,,,,,,,,,,,,,,,,,,,,,,,,,,,,,,,,,,,,,,,,,,,,,,,,,,,,,,,,,,,,,,,,,,,,,,,,,,,,,,,,,,,,,,,,,,,,,,,,,,,,,,,0.0,,,,,,,,,,,,,,,,,,,,,,,,,,sediment,coevolve,,,,,396.524278060751,EarthChem,MVC100,whole_rock,"IGNEOUS, VOLCANIC, LAMPROITE",MVC100,43.3917,10.7689,23.944912240715475,97.35438249999999,56.86,1.37,12.61,3.25,2.84,,0.1,7.15,3.47,1.2,7.91,,0.92,,32.0,,150.0,118.0,,1200.0,,198.0,451.0,,,3.67,,,,,78.0,,,36.0,133.0,,,792.0,20.2,23.9,,421.0,1.8,1.3,112.0,,,,,33.0,2.25,537.0,3162239.0,147.0,Pliocene clay,"Major:{clay}, Minor{sand,conglomerate,limestone}",,10.0,Pliocene,10.0,Pliocene,#FFFF99,2.588,5.333,Pliocene,subsurface_sediment,subsurface_sample,subsurface
MV_230623,MV_230623_F,FENIX23,MV,Malvizza Bolle,4,EUR,ITA,2023.0,2023-60-23,plate margin,convergent,oceanic-continental subduction,forearc,subaerial,Spring,M1,BTP23BB,,sedimentary,sed_silicic,Eocene sandstone,,41.2585709,15.0700965,524.0,25.3,8.28,14.55,-42.8,0.0,0.0,7274.0,0.84,1625.0,,,,,,6047.953,22.871,13.58,,,0.655,3283.555,,7.672,,,,6.986,45.748,0.158,,0.729,5.29,0.917,3.83,0.887,,,15.305,1.118,0.089,0.0,17.772,6.298,,0.057,13.298,0.086,0.058,,0.2945,,0.073,0.156,0.023,0.0805,0.022,0.1325,0.017,0.015,0.006,0.02,0.005,,,0.0,,0.3013,0.012,,,,,,,,,,,,,,,,,,,,,,,,,,,,,,,,,,,,,,,,,,,,,,,,,,,,,,,,,,,,,,,,,,0.0,,,,,,,,,,,,,,,,,,,,,,,,,,fluid,coevolve,,,,,1432.8265582784225,EarthChem,VTL1,whole_rock,"VEIN, HAUYNOPHYRE",VTL1,40.9989,15.2039,30.949571060771884,94.8484281,42.2,0.78,19.9,3.01,3.74,,0.21,2.91,8.96,6.47,6.29,,0.68,82.0,18.0,,15.0,221.0,136.0,2610.0,,505.0,9.0,,,,,,,,309.0,,,169.0,165.0,149.0,,152.0,,,,3267.0,,,82.0,,,,,51.0,,398.0,3185031.0,154.0,Cenozoic sedimentary rocks,sedimentary rocks,,2.0,Neogene,2.0,Neogene,#FFFF00,2.588,23.03,Neogene,subsurface_fluid,subsurface_sample,subsurface
MV_230623,MV_230623_S,FENIX23,MV,Malvizza Bolle,4,EUR,ITA,2023.0,2023-60-23,plate margin,convergent,oceanic-continental subduction,forearc,subaerial,Spring,M1,BTP23BB,,sedimentary,sed_silicic,Eocene sandstone,,41.2585709,15.0700965,524.0,25.3,8.28,14.55,-42.8,0.0,0.0,7274.0,0.84,1625.0,,,,,,6047.953,22.871,13.58,,,0.655,3283.555,,7.672,,,,6.986,45.748,0.158,,0.729,5.29,0.917,3.83,0.887,,,15.305,1.118,0.089,0.0,17.772,6.298,,0.057,13.298,0.086,0.058,,0.2945,,0.073,0.156,0.023,0.0805,0.022,0.1325,0.017,0.015,0.006,0.02,0.005,,,0.0,,0.3013,0.012,,,,,,,,,,,,,,,,,,,,,,,,,,,,,,,,,,,,,,,,,,,,,,,,,,,,,,,,,,,,,,,,,,0.0,,,,,,,,,,,,,,,,,,,,,,,,,,sediment,coevolve,,,,,1432.8265582784225,EarthChem,VTL1,whole_rock,"VEIN, HAUYNOPHYRE",VTL1,40.9989,15.2039,30.949571060771884,94.8484281,42.2,0.78,19.9,3.01,3.74,,0.21,2.91,8.96,6.47,6.29,,0.68,82.0,18.0,,15.0,221.0,136.0,2610.0,,505.0,9.0,,,,,,,,309.0,,,169.0,165.0,149.0,,152.0,,,,3267.0,,,82.0,,,,,51.0,,398.0,3185031.0,154.0,Cenozoic sedimentary rocks,sedimentary rocks,,2.0,Neogene,2.0,Neogene,#FFFF00,2.588,23.03,Neogene,subsurface_sediment,subsurface_sample,subsurface
SM_230628,SM_230628_F,FENIX23,SM,Santa Maria Acquasanta Terme,5,EUR,ITA,2023.0,2023-06-28,plate margin,convergent,oceanic-continental subduction,forearc,subaerial,Spring,S210AA,WFS,,sedimentary,sedimentary,Cenozoic sedimentary rocks,,42.7795794,13.4135956,330.0,26.63,6.39,2.61,-84.0,0.0,0.0,1307.0,0.13,1400.0,,,,,,519.956,,,563.58,,0.224,196.711,0.138,13.947,74.11,301.119,0.1465,23.127,1.817,0.039,,0.169,10.999,,0.472,,0.04,,7.224,,,0.0,2.068,28.096,,,0.149,,0.0585,,6.088,45.326,0.1055,0.114,0.013,0.0575,,,,,,0.025,,,,0.0055,,,,0.4045,,,,,,,,,,,,,,,,,,,,,,,,,,,,,,,,,,,,,,,,,,,,,,,,,,,,,,,,,,,,,,,,,0.0,,,7.143115,0.001969,0.000229,,0.001442,0.016046,0.672619,,,,,,0.00291,0.08,0.08,2096.67,561.91,,,,,,,fluid,coevolve,,,,,2334.284143234557,EarthChem,MMU30693,whole_rock,"IGNEOUS, VOLCANIC, MELILITITE, OLIVINE-LEUCITE",MMU30693,42.95,13.63,25.906786345230714,97.88746419999998,42.33,0.76,10.67,2.82,4.01,,0.08,13.24,15.41,0.95,7.6,,0.3,14.0,47.0,,125.0,140.0,80.0,718.0,,213.0,880.0,,,3.11,,,,,78.2,,0.428,19.0,115.0,20.0,,445.0,37.0,16.5,,1729.0,,0.684,33.0,,,7.0,,31.0,2.96,337.0,3157891.0,147.0,Miocene sandstone,"Major:{sandstone}, Minor{claystone,limestone,evaporites}",,13.0,Miocene,13.0,Miocene,#FFFF00,5.333,23.03,Miocene,subsurface_fluid,subsurface_sample,subsurface
SM_230628,SM_230628_S,FENIX23,SM,Santa Maria Acquasanta Terme,5,EUR,ITA,2023.0,2023-06-28,plate margin,convergent,oceanic-continental subduction,forearc,subaerial,Spring,S210AA,WFS,,sedimentary,sedimentary,Cenozoic sedimentary rocks,,42.7795794,13.4135956,330.0,26.63,6.39,2.61,-84.0,0.0,0.0,1307.0,0.13,1400.0,,,,,,519.956,,,563.58,,0.224,196.711,0.138,13.947,74.11,301.119,0.1465,23.127,1.817,0.039,,0.169,10.999,,0.472,,0.04,,7.224,,,0.0,2.068,28.096,,,0.149,,0.0585,,6.088,45.326,0.1055,0.114,0.013,0.0575,,,,,,0.025,,,,0.0055,,,,0.4045,,,,,,,,,,,,,,,,,,,,,,,,,,,,,,,,,,,,,,,,,,,,,,,,,,,,,,,,,,,,,,,,,0.0,,,7.143115,0.001969,0.000229,,0.001442,0.016046,0.672619,,,,,,0.00291,0.08,0.08,2096.67,561.91,,,,,,,sediment,coevolve,,,,,2334.284143234557,EarthChem,MMU30693,whole_rock,"IGNEOUS, VOLCANIC, MELILITITE, OLIVINE-LEUCITE",MMU30693,42.95,13.63,25.906786345230714,97.88746419999998,42.33,0.76,10.67,2.82,4.01,,0.08,13.24,15.41,0.95,7.6,,0.3,14.0,47.0,,125.0,140.0,80.0,718.0,,213.0,880.0,,,3.11,,,,,78.2,,0.428,19.0,115.0,20.0,,445.0,37.0,16.5,,1729.0,,0.684,33.0,,,7.0,,31.0,2.96,337.0,3157891.0,147.0,Miocene sandstone,"Major:{sandstone}, Minor{claystone,limestone,evaporites}",,13.0,Miocene,13.0,Miocene,#FFFF00,5.333,23.03,Miocene,subsurface_sediment,subsurface_sample,subsurface
GI_231006,GI_231006_F,FENIX23,GI,Grande Inferno,6,EUR,ITA,2023.0,2023-10-06,plate margin,convergent,oceanic-continental subduction,volcanic arc,subaerial,Spring,S142EC,YTS,,igneous,ign_volcanic,Cenozoic volcanic rocks,,41.314016,13.896346,31.0,18.01,4.94,0.27,-68.5,43.6,4.57,134.0,0.01,114.0,,0.24,0.246,,,14.608,,4.2,20.456,,0.016,16.882,,19.915,4.909,30.91,18.17,25.236,221.14,0.084,,0.252,5.653,0.613,1.685,1.626,0.231,688.968,365.329,1.154,0.161,,23.199,38.982,109.984,0.0465,0.19,,0.02,0.0,1.006,5.602,0.268,0.485,0.055,0.197,0.029,,0.028,0.018,,0.016,0.003,0.011,,,0.026,0.027,0.047,0.539,,,,,,,,,,,,,,,,,,,,,,,,,,,,,,,,,,,,,,,,,,,,,,,,,,,,,,,,967.53629,2.5776,,0.009,,1.13755,0.1908,28.54877,,1000.0,,,30.161613,0.003225,2e-06,,0.001017,0.006812,0.349925,,,107504.03222222223,5070.944916142558,375.3632409993793,1.45e-05,0.56,0.45,5.29,1.42,,,,,,,fluid,coevolve,,,,,2980.4924832075644,EarthChem,RMN 05,whole_rock,"IGNEOUS, VOLCANIC, SHOSHONITE",RMN 05,41.3117,13.9169,1.7402255073330422,98.95048890000002,53.42,0.57,19.82,2.69,2.16,,0.12,1.48,5.18,2.72,10.8,,0.26,,,,20.0,,,1274.0,,205.0,,,,,,,,,120.0,,,19.0,88.0,68.0,,766.0,,,,1839.0,,,45.0,,,10.0,,41.0,,302.0,3161423.0,147.0,Miocene sandstone,"Major:{sandstone}, Minor{claystone,limestone,evaporites}",,13.0,Miocene,13.0,Miocene,#FFFF00,5.333,23.03,Miocene,subsurface_fluid,subsurface_sample,subsurface
GI_231006,GI_231006_S,FENIX23,GI,Grande Inferno,6,EUR,ITA,2023.0,2023-10-06,plate margin,convergent,oceanic-continental subduction,volcanic arc,subaerial,Spring,S142EC,YTS,,igneous,ign_volcanic,Cenozoic volcanic rocks,,41.314016,13.896346,31.0,18.01,4.94,0.27,-68.5,43.6,4.57,134.0,0.01,114.0,,0.24,0.246,,,14.608,,4.2,20.456,,0.016,16.882,,19.915,4.909,30.91,18.17,25.236,221.14,0.084,,0.252,5.653,0.613,1.685,1.626,0.231,688.968,365.329,1.154,0.161,,23.199,38.982,109.984,0.0465,0.19,,0.02,0.0,1.006,5.602,0.268,0.485,0.055,0.197,0.029,,0.028,0.018,,0.016,0.003,0.011,,,0.026,0.027,0.047,0.539,,,,,,,,,,,,,,,,,,,,,,,,,,,,,,,,,,,,,,,,,,,,,,,,,,,,,,,,967.53629,2.5776,,0.009,,1.13755,0.1908,28.54877,,1000.0,,,30.161613,0.003225,2e-06,,0.001017,0.006812,0.349925,,,107504.03222222223,5070.944916142558,375.3632409993793,1.45e-05,0.56,0.45,5.29,1.42,,,,,,,sediment,coevolve,,,,,2980.4924832075644,EarthChem,RMN 05,whole_rock,"IGNEOUS, VOLCANIC, SHOSHONITE",RMN 05,41.3117,13.9169,1.7402255073330422,98.95048890000002,53.42,0.57,19.82,2.69,2.16,,0.12,1.48,5.18,2.72,10.8,,0.26,,,,20.0,,,1274.0,,205.0,,,,,,,,,120.0,,,19.0,88.0,68.0,,766.0,,,,1839.0,,,45.0,,,10.0,,41.0,,302.0,3161423.0,147.0,Miocene sandstone,"Major:{sandstone}, Minor{claystone,limestone,evaporites}",,13.0,Miocene,13.0,Miocene,#FFFF00,5.333,23.03,Miocene,subsurface_sediment,subsurface_sample,subsurface
HV_230418,HV_230418_F,FENIX23,HV,Hotel San Valentino,3,EUR,ITA,2023.0,2023-04-18,plate margin,convergent,oceanic-continental subduction,volcanic arc,subaerial,Well,,,,igneous,ign_volcanic,Quaternary trachyte,,40.733626,13.94876,29.0,38.6,6.5,18.04,-93.5,136.7,11.3,9018.0,3.3,1180.0,,0.03,3.42,,,23552.26,53.615,48.187,2293.778,,0.693,6827.768,17.323,509.964,1121.922,610.779,3.891,,,3.717,2.075,1.825,68.886,1.593,27.32,1.72,5.552,,3.89,,0.071,,66.132,,,1.145,12.372,0.548,0.336,0.33,62.164,53.381,0.221,0.191,0.026,,,0.009,,0.1015,0.04,0.149,0.024,0.198,,0.009,6.45,1.656,0.004,26.372,,,,,,,,,,,,,,,,,,,,,,,,,,,,,,,,,,,,,,,,,,,,,,,,,,,,,,,,,,,,,,,,,0.0,,,,,,,,,,,,,,,0.000186,3.59,3.67,32.81,8.79,,,,,,,fluid,coevolve,,,,,1690.247987226801,EarthChem,ISC 10-13,whole_rock,"IGNEOUS, VOLCANIC, TRACHYTE",ISC 10-13,40.71694,13.94889,1.8529895152766365,100.00000196879999,64.09711684,0.6970156803,17.36975215,3.257460799,,,0.2336874052,0.6777946383,0.799190693,5.766312595,7.040971168,,0.0607,,0.0,,0.0,38.0,,15.0,,363.0,0.0,11.8,6.59,1.13,,17.29,,2.31,194.0,,1.14,104.0,121.0,64.0,36.6,506.0,2.1,19.7,,29.0,5.22,2.29,61.5,,,17.5,,75.0,6.92,803.0,3150720.0,147.0,Quaternary trachyte,"Major:{trachyte}, Minor{latite,phonolitic tephrite, tephritic phonolite}",,421.0,Quaternary,421.0,Quaternary,#F9F97F,0.0,2.588,Cenozoic,subsurface_fluid,subsurface_sample,subsurface
SF_201023_EF,SF_201023_EF_S,FMP20,SF EF2,Secca delle Fumose,,EUR,ITA,2020.0,2020-10-23,plate margin,convergent,oceanic-continental subduction,volcanic arc,submarine,Shallow-vent,,,,igneous,ign_volcanic,Quaternary trachyte,,40.8230556,14.0875,-10.0,34.0,5.25,57.06,-173.0,75.0,5.3,28500.0,3.8,270.0,,,,,,19033.28,64.18,,2057.21,,0.1335,11198.62,40.3,408.11,965.32,498.51,,7.141,,0.064,,,,,11.968,,0.031,,,0.285,,,11.282,149.872,,,,,,,3.997,8.78,,,0.017,0.0685,,,,,0.003,0.003,,,,,0.015,,0.02,3.926,,,,,,,,,,,,,,,,,,,,,,,,,,,,,,,,,,,,,,,,,,,,,,,,,,,,,,,,,,,,,,,,,0.0,,,,,,,,,,,,,,,,,,,,,,,,,,sediment,coevolve,,,,,2976.4991525182168,,,,,,,,,,,,,,,,,,,,,,,,,,,,,,,,,,,,,,,,,,,,,,,,,,,,,,,,,,,,,,3147022.0,147.0,Quaternary trachyte,"Major:{trachyte}, Minor{latite,phonolitic tephrite, tephritic phonolite}",,421.0,Quaternary,421.0,Quaternary,#F9F97F,0.0,2.588,Cenozoic,subsurface_sediment,subsurface_sample,subsurface
SF_200622_EF,SF_200622_EF_B,FMP20,SF EF,Secca delle Fumose,,EUR,ITA,2020.0,2020-06-22,plate margin,convergent,oceanic-continental subduction,volcanic arc,submarine,Shallow-vent,,,,igneous,igneous,Quaternary trachyte,,40.8230556,14.0875,-10.0,34.0,5.25,57.06,-173.0,75.0,5.3,28500.0,3.8,270.0,,,,,,,,,,,,,,,,,,,,,,,,,,,,,,,,,,,,,,,,,,,,,,,,,,,,,,,,,,,,,,,,,,,,,,,,,,,,,,,,,,,,,,,,,,,,,,,,,,,,,,,,,,,,,,,,,,,,,,,,,,,,,0.0,,,,,,,,,,,,,,,,,,,,,,,,,,biofilm,coevolve,,,,,2976.4991525182168,,,,,,,,,,,,,,,,,,,,,,,,,,,,,,,,,,,,,,,,,,,,,,,,,,,,,,,,,,,,,,3147022.0,147.0,Quaternary trachyte,"Major:{trachyte}, Minor{latite,phonolitic tephrite, tephritic phonolite}",,421.0,Quaternary,421.0,Quaternary,#F9F97F,0.0,2.588,Cenozoic,subsurface_biofilm,subsurface_sample,subsurface
CM_200723,CM_200723_S,FMP20,CM1,Capo Miseno,,EUR,ITA,2020.0,2020-07-23,plate margin,convergent,oceanic-continental subduction,volcanic arc,submarine,Shallow-vent,,,,igneous,ign_volcanic,submarine continental crust,,40.77955,14.08835,-7.0,26.3,5.87,56.58,-115.4,55.0,4.44,28350.0,3.76,660.0,,,,,,21094.04,72.48,,2909.92,,0.132,12303.49,,397.03,1395.49,465.66,3.355,61.193,,,,,,,11.003,,,,,,,,,149.074,,0.3225,,,,,2.033,,,,,,,,,,0.003,,,0.019,,,0.059,,0.025,3.56,,,,,,,,,,,,,,,,,,,,,,,,,,,,,,,,,,,,,,,,,,,,,,,,,,,,,,,,,,,,,,,,,0.0,,,,,,,,,,,,,,,,,,,,,,,,,,sediment,coevolve,,,,,2309.8406944233348,EarthChem,9601A1,whole_rock,"IGNEOUS, VOLCANIC, TRACHYTE",9601A1,40.78,14.05,3.2376855737378056,97.24000000000001,60.46,0.49,18.38,2.9,,,0.16,0.43,1.23,6.37,6.74,,0.08,,2.0,,,33.0,73.0,22.0,8.0,157.0,,7.1,3.3,1.3,20.0,9.2,,1.4,82.0,,0.5,49.0,63.0,,17.0,289.0,3.0,11.4,,23.0,,1.3,21.0,,,,,38.0,3.4,314.0,3159158.0,147.0,submarine continental crust,,,,,,,,,,,subsurface_sediment,subsurface_sample,subsurface
CM_201023,CM_201023_F,FMP20,CM2,Capo  Miseno,,EUR,ITA,2020.0,2020-10-23,plate margin,convergent,oceanic-continental subduction,volcanic arc,submarine,Shallow-vent,,,,igneous,ign_volcanic,submarine continental crust,,40.77955,14.08835,-8.3,27.0,6.3,57.54,54.2,92.0,7.33,28760.0,3.83,465.0,,,,,,20846.61,72.06,,2868.06,,0.1752,12130.2,,389.49,1366.48,437.72,1.902,3.7,,0.033,,,,,11.556,,,,,,,,,144.469,,,,,,,,8.796,,,,,,,,,0.001,,,,,0.02,0.1285,,,3.919,,,,,,,,,,,,,,,,,,,,,,,,,,,,,,,,,,,,,,,,,,,,,,,,,,,,,,,,,,,,,,,,,0.0,,,,,,,,,,,,,,,,,,,,,,,,,,fluid,coevolve,,,,,857.8181249898917,EarthChem,9601A1,whole_rock,"IGNEOUS, VOLCANIC, TRACHYTE",9601A1,40.78,14.05,3.2376855737378056,97.24000000000001,60.46,0.49,18.38,2.9,,,0.16,0.43,1.23,6.37,6.74,,0.08,,2.0,,,33.0,73.0,22.0,8.0,157.0,,7.1,3.3,1.3,20.0,9.2,,1.4,82.0,,0.5,49.0,63.0,,17.0,289.0,3.0,11.4,,23.0,,1.3,21.0,,,,,38.0,3.4,314.0,3159158.0,147.0,submarine continental crust,,,,,,,,,,,subsurface_fluid,subsurface_sample,subsurface
CM_201023,CM_201023_B,FMP20,CM2,Capo  Miseno,,EUR,ITA,2020.0,2020-10-23,plate margin,convergent,oceanic-continental subduction,volcanic arc,submarine,Shallow-vent,,,,igneous,ign_volcanic,submarine continental crust,,40.77955,14.08835,-8.3,27.0,6.3,57.54,54.2,92.0,7.33,28760.0,3.83,465.0,,,,,,20846.61,72.06,,2868.06,,0.1752,12130.2,,389.49,1366.48,437.72,1.902,3.7,,0.033,,,,,11.556,,,,,,,,,144.469,,,,,,,,8.796,,,,,,,,,0.001,,,,,0.02,0.1285,,,3.919,,,,,,,,,,,,,,,,,,,,,,,,,,,,,,,,,,,,,,,,,,,,,,,,,,,,,,,,,,,,,,,,,0.0,,,,,,,,,,,,,,,,,,,,,,,,,,biofilm,coevolve,,,,,857.8181249898917,EarthChem,9601A1,whole_rock,"IGNEOUS, VOLCANIC, TRACHYTE",9601A1,40.78,14.05,3.2376855737378056,97.24000000000001,60.46,0.49,18.38,2.9,,,0.16,0.43,1.23,6.37,6.74,,0.08,,2.0,,,33.0,73.0,22.0,8.0,157.0,,7.1,3.3,1.3,20.0,9.2,,1.4,82.0,,0.5,49.0,63.0,,17.0,289.0,3.0,11.4,,23.0,,1.3,21.0,,,,,38.0,3.4,314.0,3159158.0,147.0,submarine continental crust,,,,,,,,,,,subsurface_biofilm,subsurface_sample,subsurface
CM_201023,CM_201023_S,FMP20,CM2,Capo  Miseno,,EUR,ITA,2020.0,2020-10-23,plate margin,convergent,oceanic-continental subduction,volcanic arc,submarine,Shallow-vent,,,,igneous,ign_volcanic,submarine continental crust,,40.77955,14.08835,-8.3,27.0,6.3,57.54,54.2,92.0,7.33,28760.0,3.83,465.0,,,,,,20846.61,72.06,,2868.06,,0.1752,12130.2,,389.49,1366.48,437.72,1.902,3.7,,0.033,,,,,11.556,,,,,,,,,144.469,,,,,,,,8.796,,,,,,,,,0.001,,,,,0.02,0.1285,,,3.919,,,,,,,,,,,,,,,,,,,,,,,,,,,,,,,,,,,,,,,,,,,,,,,,,,,,,,,,,,,,,,,,,0.0,,,,,,,,,,,,,,,,,,,,,,,,,,sediment,coevolve,,,,,857.8181249898917,EarthChem,9601A1,whole_rock,"IGNEOUS, VOLCANIC, TRACHYTE",9601A1,40.78,14.05,3.2376855737378056,97.24000000000001,60.46,0.49,18.38,2.9,,,0.16,0.43,1.23,6.37,6.74,,0.08,,2.0,,,33.0,73.0,22.0,8.0,157.0,,7.1,3.3,1.3,20.0,9.2,,1.4,82.0,,0.5,49.0,63.0,,17.0,289.0,3.0,11.4,,23.0,,1.3,21.0,,,,,38.0,3.4,314.0,3159158.0,147.0,submarine continental crust,,,,,,,,,,,subsurface_sediment,subsurface_sample,subsurface
SF_200622_G1,SF_200622_G1_F,FMP20,SF G1,Secca delle Fumose,,EUR,ITA,2020.0,2020-06-22,plate margin,convergent,oceanic-continental subduction,volcanic arc,submarine,Shallow-vent,,,,igneous,ign_volcanic,Quaternary trachyte,,40.8230556,14.0875,-13.3,71.0,5.45,51.8,-159.0,50.8,2.18,25900.0,3.41,570.0,,,,,,18952.08,64.86,,2316.92,,4.016,11110.85,40.08,380.81,1096.41,446.81,,,,,,,,,1.976,12.198,,,,1.668,,,,,,0.355,0.412,,,,,215.643,,,0.041,0.18,0.038,,,0.0415,0.007,0.024,,,,,0.686,,0.08,0.194,,,,,,,,,,,,,,,,,,,,,,,,,,,,,,,,,,,,,,,,,,,,,,,,,,,,,,,,,,,,,,,,,0.0,,,,,,,,,,,,,,,,,,,,,,,,,,fluid,coevolve,,,,,4330.370955093024,,,,,,,,,,,,,,,,,,,,,,,,,,,,,,,,,,,,,,,,,,,,,,,,,,,,,,,,,,,,,,3147022.0,147.0,Quaternary trachyte,"Major:{trachyte}, Minor{latite,phonolitic tephrite, tephritic phonolite}",,421.0,Quaternary,421.0,Quaternary,#F9F97F,0.0,2.588,Cenozoic,subsurface_fluid,subsurface_sample,subsurface
GB_200622,GB_200622_S,FMP20,GB,Gabbiano,,EUR,ITA,2020.0,2020-10-23,plate margin,convergent,oceanic-continental subduction,volcanic arc,submarine,Shallow-vent,,,,igneous,ign_volcanic,Quaternary trachyte,,40.82375,14.0789,-5.4,28.0,5.33,53.64,-145.2,43.0,3.36,26800.0,3.54,780.0,,,,,,19842.83,68.07,,2206.67,,3.948,11722.55,33.28,597.37,1026.25,482.27,,,,0.718,,,,4.279,0.985,,,,,,,,560.465,,,,,,,,168.909,52.781,,,,,,,,,0.006,0.024,,,,,,,0.018,,,,,,,,,,,,,,,,,,,,,,,,,,,,,,,,,,,,,,,,,,,,,,,,,,,,,,,,,,,,,,,,,,0.0,,,,,,,,,,,,,,,,,,,,,,,,,,sediment,coevolve,,,,,7638.061332504217,EarthChem,NIS3,whole_rock,"IGNEOUS, VOLCANIC, UNKNOWN",NIS3,40.82,14.07,0.8585717353078293,96.91,56.7,0.54,17.88,4.9,,,0.12,1.46,4.48,4.86,5.65,,0.32,20.0,7.0,3.0,0.0,116.0,60.0,1780.0,9.0,125.0,0.0,4.4,2.3,2.0,17.0,5.9,,0.8,68.6,,0.35,41.0,44.9,54.0,13.1,150.0,4.0,7.9,0.0,982.0,2.0,0.8,23.1,,0.5,7.7,3.0,26.0,2.2,270.0,3147022.0,147.0,Quaternary trachyte,"Major:{trachyte}, Minor{latite,phonolitic tephrite, tephritic phonolite}",,421.0,Quaternary,421.0,Quaternary,#F9F97F,0.0,2.588,Cenozoic,subsurface_sediment,subsurface_sample,subsurface
BC_200904,BC_200904_F,FMP20,BC,Bagno Conte,,EUR,ITA,2020.0,2020-04-09,plate margin,convergent,oceanic-continental subduction,volcanic arc,submarine,Shallow-vent,,,,sedimentary,sedimentary,Early Cretaceous limestone,,40.688578,14.454745,-0.2,26.4,6.3,28.66,-226.2,53.7,4.32,14310.0,1.77,585.0,,,,,,10030.06,34.27,,1377.55,,0.1149,5817.65,,195.81,606.87,460.67,,,,,,,,,40.0,,,,,,,,11.163,125.152,,0.142,,,,,6.822,48.821,0.318,,,,,,,,0.004,0.011,,0.011,,,,,0.065,0.318,,,,,,,,,,,,,,,,,,,,,,,,,,,,,,,,,,,,,,,,,,,,,,,,,,,,,,,,,,,,,,,,,0.0,,,,,,,,,,,,,,,,,,,,,,,,,,fluid,coevolve,,,,,1083.160253826016,EarthChem,VE-2A,whole_rock,"IGNEOUS, VOLCANIC, BASALT",VE-2A,40.65,14.42,5.194562636904904,88.249069,53.54,0.82,17.55,4.9,0.8,,0.09,2.06,3.78,1.96,2.84,,0.4,26.0,14.7,2.0,16.0,166.0,101.0,605.0,,233.0,24.7,8.11,4.29,2.5,19.0,9.97,,1.47,117.0,,0.563,58.5,74.3,37.0,20.5,182.0,8.44,13.9,4.0,599.0,2.84,1.59,34.1,,0.73,13.2,4.1,40.0,3.8,360.0,3161729.0,147.0,Early Cretaceous limestone,limestone,,41.0,Early Cretaceous,41.0,Early Cretaceous,#8CCD57,100.5,145.0,Mesozoic,subsurface_fluid,subsurface_sample,subsurface
BC_200904,BC_200904_B,FMP20,BC,Bagno Conte,,EUR,ITA,2020.0,2020-04-09,plate margin,convergent,oceanic-continental subduction,volcanic arc,submarine,Shallow-vent,,,,sedimentary,sedimentary,Early Cretaceous limestone,,40.688578,14.454745,-0.2,26.4,6.3,28.66,-226.2,53.7,4.32,14310.0,1.77,585.0,,,,,,10030.06,34.27,,1377.55,,0.1149,5817.65,,195.81,606.87,460.67,,,,,,,,,40.0,,,,,,,,11.163,125.152,,0.142,,,,,6.822,48.821,0.318,,,,,,,,0.004,0.011,,0.011,,,,,0.065,0.318,,,,,,,,,,,,,,,,,,,,,,,,,,,,,,,,,,,,,,,,,,,,,,,,,,,,,,,,,,,,,,,,,0.0,,,,,,,,,,,,,,,,,,,,,,,,,,biofilm,coevolve,,,,,1083.160253826016,EarthChem,VE-2A,whole_rock,"IGNEOUS, VOLCANIC, BASALT",VE-2A,40.65,14.42,5.194562636904904,88.249069,53.54,0.82,17.55,4.9,0.8,,0.09,2.06,3.78,1.96,2.84,,0.4,26.0,14.7,2.0,16.0,166.0,101.0,605.0,,233.0,24.7,8.11,4.29,2.5,19.0,9.97,,1.47,117.0,,0.563,58.5,74.3,37.0,20.5,182.0,8.44,13.9,4.0,599.0,2.84,1.59,34.1,,0.73,13.2,4.1,40.0,3.8,360.0,3161729.0,147.0,Early Cretaceous limestone,limestone,,41.0,Early Cretaceous,41.0,Early Cretaceous,#8CCD57,100.5,145.0,Mesozoic,subsurface_biofilm,subsurface_sample,subsurface
SF_201023_G,SF_201023_G_F,FMP20,SF G2,Secca delle Fumose,,EUR,ITA,2020.0,2020-10-23,plate margin,convergent,oceanic-continental subduction,volcanic arc,submarine,Shallow-vent,,,,igneous,ign_volcanic,Quaternary trachyte,,40.8230556,14.0875,-13.3,68.9,5.61,52.0,-142.0,51.8,2.27,26100.0,3.42,450.0,,,,,,19033.28,64.18,,2057.21,,4.19,11198.62,40.3,408.11,965.32,498.51,,,,0.035,,,,,,11.869,,,,,,,,,,0.2435,,,,,,203.082,0.074,,,0.045,,,,,,,,,,,,,,0.153,,,,,,,,,,,,,,,,,,,,,,,,,,,,,,,,,,,,,,,,,,,,,,,,,,,,,,,,,,,,,,,,,0.0,,,,,,,,,,,,,,,,,,,,,,,,,,fluid,coevolve,,,,,2448.3149504517696,,,,,,,,,,,,,,,,,,,,,,,,,,,,,,,,,,,,,,,,,,,,,,,,,,,,,,,,,,,,,,3147022.0,147.0,Quaternary trachyte,"Major:{trachyte}, Minor{latite,phonolitic tephrite, tephritic phonolite}",,421.0,Quaternary,421.0,Quaternary,#F9F97F,0.0,2.588,Cenozoic,subsurface_fluid,subsurface_sample,subsurface
SF_201023_G,SF_201023_G_B,FMP20,SF G2,Secca delle Fumose,,EUR,ITA,2020.0,2020-10-23,plate margin,convergent,oceanic-continental subduction,volcanic arc,submarine,Shallow-vent,,,,igneous,ign_volcanic,Quaternary trachyte,,40.8230556,14.0875,-13.3,68.9,5.61,52.0,-142.0,51.8,2.27,26100.0,3.42,450.0,,,,,,19033.28,64.18,,2057.21,,4.19,11198.62,40.3,408.11,965.32,498.51,,,,0.035,,,,,,11.869,,,,,,,,,,0.2435,,,,,,203.082,0.074,,,0.045,,,,,,,,,,,,,,0.153,,,,,,,,,,,,,,,,,,,,,,,,,,,,,,,,,,,,,,,,,,,,,,,,,,,,,,,,,,,,,,,,,0.0,,,,,,,,,,,,,,,,,,,,,,,,,,biofilm,coevolve,,,,,2448.3149504517696,,,,,,,,,,,,,,,,,,,,,,,,,,,,,,,,,,,,,,,,,,,,,,,,,,,,,,,,,,,,,,3147022.0,147.0,Quaternary trachyte,"Major:{trachyte}, Minor{latite,phonolitic tephrite, tephritic phonolite}",,421.0,Quaternary,421.0,Quaternary,#F9F97F,0.0,2.588,Cenozoic,subsurface_biofilm,subsurface_sample,subsurface
OR_220726,OR_220726_F,GRL22,OR,Orpinguit spring,1,NAM,GRL,2022.0,2022/07/26,intraplate,intraplate,intraplate,intraplate,subaerial,Spring,,,,metamorphic,met_high_grade,Palaeocene tholeiitic,,69.257247,-53.518495,99.8,2.1,8.31,0.53,-42.3,105.0,12.98,265.0,0.03,53.3,,4.0,0.0,,20.0,3.9525,,0.1935,1.9175,,0.001,10.189,,0.03,0.528,5.976,23.727,,2.49,0.016,,1.27,,1.509,0.18,0.038,,3.019,6.381,,0.341,,0.151,0.025,0.559,0.019,0.063,0.016,,0.0,,,0.002,0.005,,0.019,,0.003,,,0.002,,,,0.013,,0.004,0.01,,0.013,106275.26,651732.22,69876178.52,39667.86,86252.2,176902.75,69046.01,1367.39,0.0,6.56,417.4,2861.55,47756755.79,2110000.0,48184.05,14365.65,338.08,6293.3,279145.83,19674.93,44049.19,65.89,21.32,50.42,213.26,56615.39,4130.25,11396.6,1864.62,10074.2,3180.47,1160.38,3774.75,4128.92,779.05,2224.53,311.95,1973.97,8.1,20.19,935.03,450.5,157.0,,,,,,,,,,,,,,,,,,,,,,0.0,,,0.002605,,1e-05,,0.683498,0.032529,1.630517,,,,,,,1.08,0.55,0.85,0.23,,,,,,,fluid,coevolve,,,,,47.425743439082325,EarthChem,157205,whole_rock,"METAMORPHIC, GNEISS",157205,69.26549,-53.546543,1.4405294551455599,98.4607929,71.73,0.37,13.62,1.09,2.28,,0.04,0.99,3.22,3.9,1.25,,0.08,6.328743961,43.72584541,,7.963743468,28.62609174,39.68277349,438.3778437,,66.76178365,6.734057971,2.895709008,1.246566259,0.9072463768,15.0620915,4.388267742,,0.5121811854,33.07960492,,0.1291863432,3.003802554,28.95755093,5.315700483,7.562486873,45.82358625,8.649516908,4.78774797,,251.5525021,0.1806343205,0.5787342019,7.57826087,2263.900729,,0.4106280193,,13.47941492,0.9178743961,151.2985507,3136424.0,147.0,Palaeocene tholeiitic,tholeiitic basalt,,29.0,Paleocene,29.0,Paleocene,#FDA75F,56.0,66.0,Paleocene,subsurface_fluid,subsurface_sample,subsurface
OR_220726,OR_220726_S,GRL22,OR,Orpinguit spring,1,NAM,GRL,2022.0,2022/07/26,intraplate,intraplate,intraplate,intraplate,subaerial,Spring,,,,metamorphic,met_high_grade,Palaeocene tholeiitic,,69.257247,-53.518495,99.8,2.1,8.31,0.53,-42.3,105.0,12.98,265.0,0.03,53.3,,4.0,0.0,,20.0,3.9525,,0.1935,1.9175,,0.001,10.189,,0.03,0.528,5.976,23.727,,2.49,0.016,,1.27,,1.509,0.18,0.038,,3.019,6.381,,0.341,,0.151,0.025,0.559,0.019,0.063,0.016,,0.0,,,0.002,0.005,,0.019,,0.003,,,0.002,,,,0.013,,0.004,0.01,,0.013,106275.26,651732.22,69876178.52,39667.86,86252.2,176902.75,69046.01,1367.39,0.0,6.56,417.4,2861.55,47756755.79,2110000.0,48184.05,14365.65,338.08,6293.3,279145.83,19674.93,44049.19,65.89,21.32,50.42,213.26,56615.39,4130.25,11396.6,1864.62,10074.2,3180.47,1160.38,3774.75,4128.92,779.05,2224.53,311.95,1973.97,8.1,20.19,935.03,450.5,157.0,,,,,,,,,,,,,,,,,,,,,,0.0,,,0.002605,,1e-05,,0.683498,0.032529,1.630517,,,,,,,1.08,0.55,0.85,0.23,,,,,,,sediment,coevolve,,,,,47.425743439082325,EarthChem,157205,whole_rock,"METAMORPHIC, GNEISS",157205,69.26549,-53.546543,1.4405294551455599,98.4607929,71.73,0.37,13.62,1.09,2.28,,0.04,0.99,3.22,3.9,1.25,,0.08,6.328743961,43.72584541,,7.963743468,28.62609174,39.68277349,438.3778437,,66.76178365,6.734057971,2.895709008,1.246566259,0.9072463768,15.0620915,4.388267742,,0.5121811854,33.07960492,,0.1291863432,3.003802554,28.95755093,5.315700483,7.562486873,45.82358625,8.649516908,4.78774797,,251.5525021,0.1806343205,0.5787342019,7.57826087,2263.900729,,0.4106280193,,13.47941492,0.9178743961,151.2985507,3136424.0,147.0,Palaeocene tholeiitic,tholeiitic basalt,,29.0,Paleocene,29.0,Paleocene,#FDA75F,56.0,66.0,Paleocene,subsurface_sediment,subsurface_sample,subsurface
QG_220801,QG_220801_F,GRL22,QG,Qeqertarsuaq gneiss spring,9,NAM,GRL,2022.0,2022/08/01,intraplate,intraplate,intraplate,intraplate,subaerial,Spring,,,,metamorphic,met_high_grade,Palaeocene tholeiitic,,69.254506,-53.52347,65.0,7.9,7.27,0.09,-1.6,91.6,10.22,44.0,0.0,36.0,,0.0,0.96,,,5.278,,,1.9725,,0.001,5.865,,0.464,1.051,3.844,2.056,0.213,22.823,0.04,0.221,4.466,0.667,2.027,0.243,0.019,0.011,4.488,64.466,,0.289,0.083,0.138,1.186,8.607,0.346,0.255,,0.006,0.0,0.031,1.027,1.088,1.269,0.282,1.162,0.139,0.026,,0.067,,0.029,0.004,0.03,0.006,0.001,0.004,0.024,0.044,0.225,162765.04,603044.72,32391788.08,17859.08,42148.37,81130.08,68278.73,1092.95,332.66,45.39,226.42,23129.68,28559347.7,2582026.83,22660.84,8840.79,978.32,11509.76,79277.24,16745.66,18264.91,624.25,61.92,120.87,512.6,36413.82,11288.75,20401.76,3363.41,14738.62,3252.85,909.62,3464.63,2945.8,563.82,1551.08,207.86,1243.09,2.03,68.83,4648.37,1982.52,546.88,,,,,,,,,,,,,,,,,,,,,,0.0,,,0.069952,,3e-06,,0.540832,0.027732,1.290884,,,,,,,0.87,1.98,0.89,0.24,,,,,,,fluid,coevolve,,,,,36.832183662534035,EarthChem,157205,whole_rock,"METAMORPHIC, GNEISS",157205,69.26549,-53.546543,1.5275895340543424,98.4607929,71.73,0.37,13.62,1.09,2.28,,0.04,0.99,3.22,3.9,1.25,,0.08,6.328743961,43.72584541,,7.963743468,28.62609174,39.68277349,438.3778437,,66.76178365,6.734057971,2.895709008,1.246566259,0.9072463768,15.0620915,4.388267742,,0.5121811854,33.07960492,,0.1291863432,3.003802554,28.95755093,5.315700483,7.562486873,45.82358625,8.649516908,4.78774797,,251.5525021,0.1806343205,0.5787342019,7.57826087,2263.900729,,0.4106280193,,13.47941492,0.9178743961,151.2985507,3136424.0,147.0,Palaeocene tholeiitic,tholeiitic basalt,,29.0,Paleocene,29.0,Paleocene,#FDA75F,56.0,66.0,Paleocene,subsurface_fluid,subsurface_sample,subsurface
QG_220801,QG_220801_S,GRL22,QG,Qeqertarsuaq gneiss spring,9,NAM,GRL,2022.0,2022/08/01,intraplate,intraplate,intraplate,intraplate,subaerial,Spring,,,,metamorphic,met_high_grade,Palaeocene tholeiitic,,69.254506,-53.52347,65.0,7.9,7.27,0.09,-1.6,91.6,10.22,44.0,0.0,36.0,,0.0,0.96,,,5.278,,,1.9725,,0.001,5.865,,0.464,1.051,3.844,2.056,0.213,22.823,0.04,0.221,4.466,0.667,2.027,0.243,0.019,0.011,4.488,64.466,,0.289,0.083,0.138,1.186,8.607,0.346,0.255,,0.006,0.0,0.031,1.027,1.088,1.269,0.282,1.162,0.139,0.026,,0.067,,0.029,0.004,0.03,0.006,0.001,0.004,0.024,0.044,0.225,162765.04,603044.72,32391788.08,17859.08,42148.37,81130.08,68278.73,1092.95,332.66,45.39,226.42,23129.68,28559347.7,2582026.83,22660.84,8840.79,978.32,11509.76,79277.24,16745.66,18264.91,624.25,61.92,120.87,512.6,36413.82,11288.75,20401.76,3363.41,14738.62,3252.85,909.62,3464.63,2945.8,563.82,1551.08,207.86,1243.09,2.03,68.83,4648.37,1982.52,546.88,,,,,,,,,,,,,,,,,,,,,,0.0,,,0.069952,,3e-06,,0.540832,0.027732,1.290884,,,,,,,0.87,1.98,0.89,0.24,,,,,,,sediment,coevolve,,,,,36.832183662534035,EarthChem,157205,whole_rock,"METAMORPHIC, GNEISS",157205,69.26549,-53.546543,1.5275895340543424,98.4607929,71.73,0.37,13.62,1.09,2.28,,0.04,0.99,3.22,3.9,1.25,,0.08,6.328743961,43.72584541,,7.963743468,28.62609174,39.68277349,438.3778437,,66.76178365,6.734057971,2.895709008,1.246566259,0.9072463768,15.0620915,4.388267742,,0.5121811854,33.07960492,,0.1291863432,3.003802554,28.95755093,5.315700483,7.562486873,45.82358625,8.649516908,4.78774797,,251.5525021,0.1806343205,0.5787342019,7.57826087,2263.900729,,0.4106280193,,13.47941492,0.9178743961,151.2985507,3136424.0,147.0,Palaeocene tholeiitic,tholeiitic basalt,,29.0,Paleocene,29.0,Paleocene,#FDA75F,56.0,66.0,Paleocene,subsurface_sediment,subsurface_sample,subsurface
KU_220731,KU_220731_F,GRL22,KU,Kuannit,7,NAM,GRL,2022.0,2022/07/31,intraplate,intraplate,intraplate,intraplate,subaerial,Spring,,,,igneous,ign_mafic,unclassified; Metamorphic: undivided,,69.264886,-53.443278,20.3,5.67,10.01,0.21,-16.0,87.5,10.38,105.0,0.01,56.0,,0.0,0.0,,,4.1435,,0.305,1.611,,0.001,18.334,,0.081,0.067,2.748,39.15,0.062,2.459,0.014,,1.048,32.688,2.495,0.22,0.059,,4.6,17.049,,0.344,0.216,0.217,0.08,0.705,0.034,0.052,,,0.0,0.009,,0.012,0.008,,,,,,,,,0.001,,,,,0.017,,0.012,131088.5,482729.82,43183076.74,19135.09,31560.01,116300.62,60263.66,1014.49,112.62,26.16,362.87,541.04,25401196.75,1713242.66,27307.72,10049.7,596.48,6765.9,211155.13,10361.89,38934.84,126.53,433.48,77.51,511.77,29950.01,6468.59,15293.72,2123.91,9822.21,2745.87,531.32,2666.99,2300.33,426.86,1187.12,138.2,889.32,0.0,25.77,1000.78,776.31,261.43,,,,,,,,,,,,,,,,,,,,,,0.0,,,0.003695,,1.9e-05,,0.485203,0.031638,1.488626,,,,,,,0.97,0.78,1.15,0.31,,,,,,,fluid,coevolve,,,,,39.444519772505245,EarthChem,327023,whole_rock,"IGNEOUS, VOLCANIC, UNKNOWN",327023,69.279,-53.440277,1.5789141252327983,98.21886190000001,48.68,2.81,13.33,5.99,8.15,,0.21,5.9,10.23,2.77,0.404,,0.345,269.1441727,39.55889872,,50.24852507,437.9150968,115.0971976,76.81887459,,25.93195674,62.11354188,7.064282203,3.714744087,2.106891183,23.603294,7.249342314,,1.388039689,9.237758112,,0.4702663418,9.089559836,23.56312471,1.088938053,4.088823337,7.37388288,35.15309056,6.384791872,,241.4422744,0.5993849244,1.192361435,0.4285644051,14737.55677,,0.2576204523,,39.68868934,3.286679638,175.8071716,3136424.0,147.0,Palaeocene tholeiitic,tholeiitic basalt,,29.0,Paleocene,29.0,Paleocene,#FDA75F,56.0,66.0,Paleocene,subsurface_fluid,subsurface_sample,subsurface
KU_220731,KU_220731_S,GRL22,KU,Kuannit,7,NAM,GRL,2022.0,2022/07/31,intraplate,intraplate,intraplate,intraplate,subaerial,Spring,,,,igneous,ign_mafic,unclassified; Metamorphic: undivided,,69.264886,-53.443278,20.3,5.67,10.01,0.21,-16.0,87.5,10.38,105.0,0.01,56.0,,0.0,0.0,,,4.1435,,0.305,1.611,,0.001,18.334,,0.081,0.067,2.748,39.15,0.062,2.459,0.014,,1.048,32.688,2.495,0.22,0.059,,4.6,17.049,,0.344,0.216,0.217,0.08,0.705,0.034,0.052,,,0.0,0.009,,0.012,0.008,,,,,,,,,0.001,,,,,0.017,,0.012,131088.5,482729.82,43183076.74,19135.09,31560.01,116300.62,60263.66,1014.49,112.62,26.16,362.87,541.04,25401196.75,1713242.66,27307.72,10049.7,596.48,6765.9,211155.13,10361.89,38934.84,126.53,433.48,77.51,511.77,29950.01,6468.59,15293.72,2123.91,9822.21,2745.87,531.32,2666.99,2300.33,426.86,1187.12,138.2,889.32,0.0,25.77,1000.78,776.31,261.43,,,,,,,,,,,,,,,,,,,,,,0.0,,,0.003695,,1.9e-05,,0.485203,0.031638,1.488626,,,,,,,0.97,0.78,1.15,0.31,,,,,,,sediment,coevolve,,,,,39.444519772505245,EarthChem,327023,whole_rock,"IGNEOUS, VOLCANIC, UNKNOWN",327023,69.279,-53.440277,1.5789141252327983,98.21886190000001,48.68,2.81,13.33,5.99,8.15,,0.21,5.9,10.23,2.77,0.404,,0.345,269.1441727,39.55889872,,50.24852507,437.9150968,115.0971976,76.81887459,,25.93195674,62.11354188,7.064282203,3.714744087,2.106891183,23.603294,7.249342314,,1.388039689,9.237758112,,0.4702663418,9.089559836,23.56312471,1.088938053,4.088823337,7.37388288,35.15309056,6.384791872,,241.4422744,0.5993849244,1.192361435,0.4285644051,14737.55677,,0.2576204523,,39.68868934,3.286679638,175.8071716,3136424.0,147.0,Palaeocene tholeiitic,tholeiitic basalt,,29.0,Paleocene,29.0,Paleocene,#FDA75F,56.0,66.0,Paleocene,subsurface_sediment,subsurface_sample,subsurface
QW_220726,QW_220726_F,GRL22,QW,Qeqertarsuaq water source,2,NAM,GRL,2022.0,2022/07/26,intraplate,intraplate,intraplate,intraplate,subaerial,Spring,,,,metamorphic,met_high_grade,Palaeocene tholeiitic,,69.262363,-53.533825,136.0,2.2,8.99,0.28,-50.3,109.0,13.5,140.0,0.01,48.0,,0.0,0.45,,35.0,3.51,,0.2385,1.8595,,0.001,8.973,,0.04,0.253,6.321,20.901,0.093,1.944,0.009,,0.556,,1.501,0.164,0.06,,1.532,7.925,,0.287,0.097,0.212,0.031,2.597,,0.03,,0.008,,0.002,,,0.013,,,0.0,,,,,,,,,,,0.011,,0.022,60315.68,79540.75,29035554.37,7908.99,7288.95,12199.64,14605.43,950.24,84.6,11.61,213.26,967.26,19273471.87,206874.35,13015.52,6466.36,621.05,8038.75,75699.44,2643.97,31199.24,56.17,60.47,23.03,227.57,19199.44,21511.31,42084.1,5411.89,20270.62,3004.1,573.19,1506.01,802.16,119.94,301.26,40.65,230.88,0.0,42.65,3916.9,8234.28,574.09,,,,,,,,,,,,,,,,,,,,,,0.0,,,0.023666,,9e-05,,3.854591,0.171874,13.750446,,,,,,,0.97,1.18,0.85,0.23,,,,,,,fluid,coevolve,,,,,41.29425677122392,EarthChem,157205,whole_rock,"METAMORPHIC, GNEISS",157205,69.26549,-53.546543,0.6119068977272893,98.4607929,71.73,0.37,13.62,1.09,2.28,,0.04,0.99,3.22,3.9,1.25,,0.08,6.328743961,43.72584541,,7.963743468,28.62609174,39.68277349,438.3778437,,66.76178365,6.734057971,2.895709008,1.246566259,0.9072463768,15.0620915,4.388267742,,0.5121811854,33.07960492,,0.1291863432,3.003802554,28.95755093,5.315700483,7.562486873,45.82358625,8.649516908,4.78774797,,251.5525021,0.1806343205,0.5787342019,7.57826087,2263.900729,,0.4106280193,,13.47941492,0.9178743961,151.2985507,3136424.0,147.0,Palaeocene tholeiitic,tholeiitic basalt,,29.0,Paleocene,29.0,Paleocene,#FDA75F,56.0,66.0,Paleocene,subsurface_fluid,subsurface_sample,subsurface
QW_220726,QW_220726_S,GRL22,QW,Qeqertarsuaq water source,2,NAM,GRL,2022.0,2022/07/26,intraplate,intraplate,intraplate,intraplate,subaerial,Spring,,,,metamorphic,met_high_grade,Palaeocene tholeiitic,,69.262363,-53.533825,136.0,2.2,8.99,0.28,-50.3,109.0,13.5,140.0,0.01,48.0,,0.0,0.45,,35.0,3.51,,0.2385,1.8595,,0.001,8.973,,0.04,0.253,6.321,20.901,0.093,1.944,0.009,,0.556,,1.501,0.164,0.06,,1.532,7.925,,0.287,0.097,0.212,0.031,2.597,,0.03,,0.008,,0.002,,,0.013,,,0.0,,,,,,,,,,,0.011,,0.022,60315.68,79540.75,29035554.37,7908.99,7288.95,12199.64,14605.43,950.24,84.6,11.61,213.26,967.26,19273471.87,206874.35,13015.52,6466.36,621.05,8038.75,75699.44,2643.97,31199.24,56.17,60.47,23.03,227.57,19199.44,21511.31,42084.1,5411.89,20270.62,3004.1,573.19,1506.01,802.16,119.94,301.26,40.65,230.88,0.0,42.65,3916.9,8234.28,574.09,,,,,,,,,,,,,,,,,,,,,,0.0,,,0.023666,,9e-05,,3.854591,0.171874,13.750446,,,,,,,0.97,1.18,0.85,0.23,,,,,,,sediment,coevolve,,,,,41.29425677122392,EarthChem,157205,whole_rock,"METAMORPHIC, GNEISS",157205,69.26549,-53.546543,0.6119068977272893,98.4607929,71.73,0.37,13.62,1.09,2.28,,0.04,0.99,3.22,3.9,1.25,,0.08,6.328743961,43.72584541,,7.963743468,28.62609174,39.68277349,438.3778437,,66.76178365,6.734057971,2.895709008,1.246566259,0.9072463768,15.0620915,4.388267742,,0.5121811854,33.07960492,,0.1291863432,3.003802554,28.95755093,5.315700483,7.562486873,45.82358625,8.649516908,4.78774797,,251.5525021,0.1806343205,0.5787342019,7.57826087,2263.900729,,0.4106280193,,13.47941492,0.9178743961,151.2985507,3136424.0,147.0,Palaeocene tholeiitic,tholeiitic basalt,,29.0,Paleocene,29.0,Paleocene,#FDA75F,56.0,66.0,Paleocene,subsurface_sediment,subsurface_sample,subsurface
UN_220728,UN_220728_F,GRL22,UN,Unatorq,6,NAM,GRL,2022.0,2022/07/28,intraplate,intraplate,intraplate,intraplate,subaerial,Spring,,,,igneous,ign_mafic,Cenozoic volcanic rocks,,69.432154,-53.890429,30.0,12.0,10.4,0.51,-25.0,86.0,8.8,255.0,0.03,52.0,,0.0,0.55,,7.0,6.2195,,0.461,1.6875,,0.001,21.497,,0.066,0.039,1.306,31.123,0.204,2.269,,0.109,0.271,,1.614,0.276,0.174,,9.074,35.039,,0.399,0.267,0.374,0.045,0.221,0.0,,,0.063,0.0,,,,,,,0.0,0.0,0.0,,,,,,0.009,,,0.009,,,142795.1,8213144.76,44632648.42,17667.11,31943.01,113929.3,67124.03,2238.62,3327.51,23242.99,689.96,7637.34,20236607.58,3219508.43,40272.75,24103.31,572.23,37041.45,761117.23,16158.57,51975.52,111.34,0.0,56.79,28128.5,435280.27,16394.66,35949.0,4572.43,20678.28,4451.24,842.95,4507.01,3645.06,632.57,1718.2,219.93,1370.68,0.0,28.85,2378.4,5132.36,1763.71,,,,,,,,,,,,,,,,,,,,,,0.0,,,0.004738,,0.001296,,0.037173,0.034929,1.173087,,,,,,,0.28,0.17,7.25,1.94,,,,,,,fluid,coevolve,,,,,28.594664738197736,EarthChem,328420,whole_rock,"IGNEOUS, VOLCANIC, UNKNOWN",328420,69.398254,-53.97266,4.972003109117106,98.59390370000001,49.39,1.937,14.87,5.77,6.4,,0.189,7.23,10.73,2.11,0.379,,0.167,118.8118812,46.68302834,,95.88388313,322.8481025,92.68803016,54.24882187,,0.0,293.0165187,4.899170407,2.589970955,1.503251173,20.93025448,4.885740393,,0.9940048777,6.666794899,,0.3279139177,5.154871048,13.99230286,1.021677663,2.816373273,6.502392518,33.07163054,4.170841808,,210.0839106,0.3220232485,0.8158874323,0.6636820609,11253.5344,,0.184574301,,28.84071631,2.273676846,113.9361682,3186027.0,154.0,Cenozoic volcanic rocks,mafic volcanic rocks; basalt,West Greenland Tertiary And Mesozoic Province; Nuussuaq Basin,29.0,Paleocene,29.0,Paleocene,#FDA75F,56.0,66.0,Paleocene,subsurface_fluid,subsurface_sample,subsurface
UN_220728,UN_220728_S,GRL22,UN,Unatorq,6,NAM,GRL,2022.0,2022/07/28,intraplate,intraplate,intraplate,intraplate,subaerial,Spring,,,,igneous,ign_mafic,Cenozoic volcanic rocks,,69.432154,-53.890429,30.0,12.0,10.4,0.51,-25.0,86.0,8.8,255.0,0.03,52.0,,0.0,0.55,,7.0,6.2195,,0.461,1.6875,,0.001,21.497,,0.066,0.039,1.306,31.123,0.204,2.269,,0.109,0.271,,1.614,0.276,0.174,,9.074,35.039,,0.399,0.267,0.374,0.045,0.221,0.0,,,0.063,0.0,,,,,,,0.0,0.0,0.0,,,,,,0.009,,,0.009,,,142795.1,8213144.76,44632648.42,17667.11,31943.01,113929.3,67124.03,2238.62,3327.51,23242.99,689.96,7637.34,20236607.58,3219508.43,40272.75,24103.31,572.23,37041.45,761117.23,16158.57,51975.52,111.34,0.0,56.79,28128.5,435280.27,16394.66,35949.0,4572.43,20678.28,4451.24,842.95,4507.01,3645.06,632.57,1718.2,219.93,1370.68,0.0,28.85,2378.4,5132.36,1763.71,,,,,,,,,,,,,,,,,,,,,,0.0,,,0.004738,,0.001296,,0.037173,0.034929,1.173087,,,,,,,0.28,0.17,7.25,1.94,,,,,,,sediment,coevolve,,,,,28.594664738197736,EarthChem,328420,whole_rock,"IGNEOUS, VOLCANIC, UNKNOWN",328420,69.398254,-53.97266,4.972003109117106,98.59390370000001,49.39,1.937,14.87,5.77,6.4,,0.189,7.23,10.73,2.11,0.379,,0.167,118.8118812,46.68302834,,95.88388313,322.8481025,92.68803016,54.24882187,,0.0,293.0165187,4.899170407,2.589970955,1.503251173,20.93025448,4.885740393,,0.9940048777,6.666794899,,0.3279139177,5.154871048,13.99230286,1.021677663,2.816373273,6.502392518,33.07163054,4.170841808,,210.0839106,0.3220232485,0.8158874323,0.6636820609,11253.5344,,0.184574301,,28.84071631,2.273676846,113.9361682,3186027.0,154.0,Cenozoic volcanic rocks,mafic volcanic rocks; basalt,West Greenland Tertiary And Mesozoic Province; Nuussuaq Basin,29.0,Paleocene,29.0,Paleocene,#FDA75F,56.0,66.0,Paleocene,subsurface_sediment,subsurface_sample,subsurface
UK_220727,UK_220727_F,GRL22,UK,Unartorssuaq beach middle spring,4,NAM,GRL,2022.0,2022/07/27,intraplate,intraplate,intraplate,intraplate,subaerial,Spring,,,,metamorphic,met_high_grade,Palaeocene tholeiitic,,69.259692,-53.566644,4.0,15.0,7.5,1.32,-21.0,43.0,4.39,658.0,0.07,68.0,,0.0,0.0,,3.1,164.3334,0.5643,,86.3753,,0.087,92.043,,1.515,0.576,46.375,5.513,0.547,1.237,,0.046,0.6303,0.609,1.76,10.361,4.339,,60.29,,,0.241,,0.186,7.858,805.327,,,0.193,0.012,0.059,0.15,7.57,,,,,0.0,,0.0,,0.0,0.001,0.0,0.007,0.0505,0.004,0.005,0.013,0.001,7.069,86396.79,257084.6,28002031.51,11276.02,17899.32,75011.74,40106.39,2237.42,288.18,2569.16,125.32,1227.26,6693354.06,1412448.29,21690.14,7040.71,821.91,14038.81,144520.94,10317.89,17151.97,417.83,823.71,60.81,1403.76,46298.22,23080.9,49045.37,6140.76,24941.84,4358.4,724.3,3350.78,2163.92,364.95,1079.95,144.88,747.78,0.0,40.82,1244.82,2631.56,7148.69,,,,,,,,,,,,,,,,,,,,,,0.0,,,0.001503,,8e-06,,0.755377,0.036544,1.983885,,,,,,,,,,,,,,,,,fluid,coevolve,,,,,64.68129529473718,EarthChem,157205,whole_rock,"METAMORPHIC, GNEISS",157205,69.26549,-53.546543,1.024589924168716,98.4607929,71.73,0.37,13.62,1.09,2.28,,0.04,0.99,3.22,3.9,1.25,,0.08,6.328743961,43.72584541,,7.963743468,28.62609174,39.68277349,438.3778437,,66.76178365,6.734057971,2.895709008,1.246566259,0.9072463768,15.0620915,4.388267742,,0.5121811854,33.07960492,,0.1291863432,3.003802554,28.95755093,5.315700483,7.562486873,45.82358625,8.649516908,4.78774797,,251.5525021,0.1806343205,0.5787342019,7.57826087,2263.900729,,0.4106280193,,13.47941492,0.9178743961,151.2985507,3136424.0,147.0,Palaeocene tholeiitic,tholeiitic basalt,,29.0,Paleocene,29.0,Paleocene,#FDA75F,56.0,66.0,Paleocene,subsurface_fluid,subsurface_sample,subsurface
UK_220727,UK_220727_S,GRL22,UK,Unartorssuaq beach middle spring,4,NAM,GRL,2022.0,2022/07/27,intraplate,intraplate,intraplate,intraplate,subaerial,Spring,,,,metamorphic,met_high_grade,Palaeocene tholeiitic,,69.259692,-53.566644,4.0,15.0,7.5,1.32,-21.0,43.0,4.39,658.0,0.07,68.0,,0.0,0.0,,3.1,164.3334,0.5643,,86.3753,,0.087,92.043,,1.515,0.576,46.375,5.513,0.547,1.237,,0.046,0.6303,0.609,1.76,10.361,4.339,,60.29,,,0.241,,0.186,7.858,805.327,,,0.193,0.012,0.059,0.15,7.57,,,,,0.0,,0.0,,0.0,0.001,0.0,0.007,0.0505,0.004,0.005,0.013,0.001,7.069,86396.79,257084.6,28002031.51,11276.02,17899.32,75011.74,40106.39,2237.42,288.18,2569.16,125.32,1227.26,6693354.06,1412448.29,21690.14,7040.71,821.91,14038.81,144520.94,10317.89,17151.97,417.83,823.71,60.81,1403.76,46298.22,23080.9,49045.37,6140.76,24941.84,4358.4,724.3,3350.78,2163.92,364.95,1079.95,144.88,747.78,0.0,40.82,1244.82,2631.56,7148.69,,,,,,,,,,,,,,,,,,,,,,0.0,,,0.001503,,8e-06,,0.755377,0.036544,1.983885,,,,,,,,,,,,,,,,,sediment,coevolve,,,,,64.68129529473718,EarthChem,157205,whole_rock,"METAMORPHIC, GNEISS",157205,69.26549,-53.546543,1.024589924168716,98.4607929,71.73,0.37,13.62,1.09,2.28,,0.04,0.99,3.22,3.9,1.25,,0.08,6.328743961,43.72584541,,7.963743468,28.62609174,39.68277349,438.3778437,,66.76178365,6.734057971,2.895709008,1.246566259,0.9072463768,15.0620915,4.388267742,,0.5121811854,33.07960492,,0.1291863432,3.003802554,28.95755093,5.315700483,7.562486873,45.82358625,8.649516908,4.78774797,,251.5525021,0.1806343205,0.5787342019,7.57826087,2263.900729,,0.4106280193,,13.47941492,0.9178743961,151.2985507,3136424.0,147.0,Palaeocene tholeiitic,tholeiitic basalt,,29.0,Paleocene,29.0,Paleocene,#FDA75F,56.0,66.0,Paleocene,subsurface_sediment,subsurface_sample,subsurface
NJ_220731,NJ_220731_F,GRL22,NJ,Naujánguit,8,NAM,GRL,2022.0,2022/07/31,intraplate,intraplate,intraplate,intraplate,subaerial,Spring,,,,igneous,ign_mafic,unclassified; Metamorphic: undivided,,69.261233,-53.462571,99.0,14.0,8.1,0.11,-10.3,95.0,9.8,57.0,0.01,36.0,,0.0,0.25,,,4.244,,,0.883,,0.001,10.615,,0.192,0.886,3.516,11.283,0.15,11.043,0.024,0.172,1.64,1.168,1.399,0.138,0.041,,3.812,32.049,,0.279,0.0,0.091,0.198,1.709,0.171,0.189,,0.011,,,0.041,0.067,0.054,0.02,0.089,0.031,0.01,0.068,0.031,0.006,0.024,0.003,0.011,,,0.001,0.027,0.005,0.003,179396.69,404823.58,30672583.58,14256.56,24166.49,298373.64,33924.11,8579.21,524.11,64.5,485.3,6884.9,21842779.6,2228066.09,21093.51,22256.29,3347.28,6218.01,52483.31,17996.56,25764.37,1114.57,1532.72,117.09,263.84,20413.64,10314.83,23256.95,3047.95,13462.12,3419.07,948.34,3612.98,3209.54,610.6,1919.87,250.33,1555.1,3.31,19.34,6300.66,2028.87,1336.03,,,,,,,,,,,,,,,,,,,,,,0.0,,,0.002817,,3e-06,,0.50547,0.031011,1.240009,,,,,,,1.25,,0.95,0.26,,,,,,,fluid,coevolve,,,,,32.15989578185752,EarthChem,327023,whole_rock,"IGNEOUS, VOLCANIC, UNKNOWN",327023,69.279,-53.440277,2.1689555600304624,98.21886190000001,48.68,2.81,13.33,5.99,8.15,,0.21,5.9,10.23,2.77,0.404,,0.345,269.1441727,39.55889872,,50.24852507,437.9150968,115.0971976,76.81887459,,25.93195674,62.11354188,7.064282203,3.714744087,2.106891183,23.603294,7.249342314,,1.388039689,9.237758112,,0.4702663418,9.089559836,23.56312471,1.088938053,4.088823337,7.37388288,35.15309056,6.384791872,,241.4422744,0.5993849244,1.192361435,0.4285644051,14737.55677,,0.2576204523,,39.68868934,3.286679638,175.8071716,3136424.0,147.0,Palaeocene tholeiitic,tholeiitic basalt,,29.0,Paleocene,29.0,Paleocene,#FDA75F,56.0,66.0,Paleocene,subsurface_fluid,subsurface_sample,subsurface
NJ_220731,NJ_220731_S,GRL22,NJ,Naujánguit,8,NAM,GRL,2022.0,2022/07/31,intraplate,intraplate,intraplate,intraplate,subaerial,Spring,,,,igneous,ign_mafic,unclassified; Metamorphic: undivided,,69.261233,-53.462571,99.0,14.0,8.1,0.11,-10.3,95.0,9.8,57.0,0.01,36.0,,0.0,0.25,,,4.244,,,0.883,,0.001,10.615,,0.192,0.886,3.516,11.283,0.15,11.043,0.024,0.172,1.64,1.168,1.399,0.138,0.041,,3.812,32.049,,0.279,0.0,0.091,0.198,1.709,0.171,0.189,,0.011,,,0.041,0.067,0.054,0.02,0.089,0.031,0.01,0.068,0.031,0.006,0.024,0.003,0.011,,,0.001,0.027,0.005,0.003,179396.69,404823.58,30672583.58,14256.56,24166.49,298373.64,33924.11,8579.21,524.11,64.5,485.3,6884.9,21842779.6,2228066.09,21093.51,22256.29,3347.28,6218.01,52483.31,17996.56,25764.37,1114.57,1532.72,117.09,263.84,20413.64,10314.83,23256.95,3047.95,13462.12,3419.07,948.34,3612.98,3209.54,610.6,1919.87,250.33,1555.1,3.31,19.34,6300.66,2028.87,1336.03,,,,,,,,,,,,,,,,,,,,,,0.0,,,0.002817,,3e-06,,0.50547,0.031011,1.240009,,,,,,,1.25,,0.95,0.26,,,,,,,sediment,coevolve,,,,,32.15989578185752,EarthChem,327023,whole_rock,"IGNEOUS, VOLCANIC, UNKNOWN",327023,69.279,-53.440277,2.1689555600304624,98.21886190000001,48.68,2.81,13.33,5.99,8.15,,0.21,5.9,10.23,2.77,0.404,,0.345,269.1441727,39.55889872,,50.24852507,437.9150968,115.0971976,76.81887459,,25.93195674,62.11354188,7.064282203,3.714744087,2.106891183,23.603294,7.249342314,,1.388039689,9.237758112,,0.4702663418,9.089559836,23.56312471,1.088938053,4.088823337,7.37388288,35.15309056,6.384791872,,241.4422744,0.5993849244,1.192361435,0.4285644051,14737.55677,,0.2576204523,,39.68868934,3.286679638,175.8071716,3136424.0,147.0,Palaeocene tholeiitic,tholeiitic basalt,,29.0,Paleocene,29.0,Paleocene,#FDA75F,56.0,66.0,Paleocene,subsurface_sediment,subsurface_sample,subsurface
TQ_220728,TQ_220728_F,GRL22,TQ,Tarjuniqsoq,5,NAM,GRL,2022.0,2022/07/28,intraplate,intraplate,intraplate,intraplate,subaerial,Spring,,,,metamorphic,met_high_grade,Palaeocene tholeiitic,,69.55685,-53.606526,60.0,12.8,8.16,3.04,-16.0,0.0,0.0,1520.0,0.16,44.0,,0.0,0.35,,5.0,484.3856,1.8339,,217.1014,,0.604,278.714,,3.533,0.269,76.203,0.034,,1.255,,0.104,,,1.605,7.969,24.505,,264.077,,,0.171,0.215,0.037,31.053,,0.0,,0.022,,,7.296,16.322,,0.007,,,0.0,,0.0,,0.0,0.0,,,0.021,,0.004,0.022,,0.015,,,,,,,,,,,,,,,,,,,,,,,,,,,,,,,,,,,,,,,,,,,,,,,,,,,,,,,,,,,,,,,,,0.0,,,0.006499,,0.000543,,0.402634,0.033973,1.767405,,,,,,,0.08,0.08,14452.04,3873.15,,,,,,,fluid,coevolve,,,,,39.202694035315425,EarthChem,354719,whole_rock,"IGNEOUS, VOLCANIC, UNKNOWN",354719,69.58898,-53.4065,8.579029517961152,98.3490025,48.43,2.935,13.69,5.25,8.62,,0.238,5.99,10.68,2.52,0.243,,0.279,278.6170851,50.50464427,,73.33125,528.8495,119.44,33.92337855,,27.23972332,130.6119083,7.644721673,3.938007073,2.237730567,23.72213439,7.668787797,,1.499461013,10.86620553,,0.4758119952,8.35254592,21.89206479,3.110869565,4.302536232,4.299670619,44.02827904,6.582125604,,244.6335417,0.4867126398,1.281464531,1.160177866,19162.90232,,0.2460474308,,41.34,3.393322681,177.9,3136424.0,147.0,Palaeocene tholeiitic,tholeiitic basalt,,29.0,Paleocene,29.0,Paleocene,#FDA75F,56.0,66.0,Paleocene,subsurface_fluid,subsurface_sample,subsurface
TQ_220728,TQ_220728_S,GRL22,TQ,Tarjuniqsoq,5,NAM,GRL,2022.0,2022/07/28,intraplate,intraplate,intraplate,intraplate,subaerial,Spring,,,,metamorphic,met_high_grade,Palaeocene tholeiitic,,69.55685,-53.606526,60.0,12.8,8.16,3.04,-16.0,0.0,0.0,1520.0,0.16,44.0,,0.0,0.35,,5.0,484.3856,1.8339,,217.1014,,0.604,278.714,,3.533,0.269,76.203,0.034,,1.255,,0.104,,,1.605,7.969,24.505,,264.077,,,0.171,0.215,0.037,31.053,,0.0,,0.022,,,7.296,16.322,,0.007,,,0.0,,0.0,,0.0,0.0,,,0.021,,0.004,0.022,,0.015,,,,,,,,,,,,,,,,,,,,,,,,,,,,,,,,,,,,,,,,,,,,,,,,,,,,,,,,,,,,,,,,,0.0,,,0.006499,,0.000543,,0.402634,0.033973,1.767405,,,,,,,0.08,0.08,14452.04,3873.15,,,,,,,sediment,coevolve,,,,,39.202694035315425,EarthChem,354719,whole_rock,"IGNEOUS, VOLCANIC, UNKNOWN",354719,69.58898,-53.4065,8.579029517961152,98.3490025,48.43,2.935,13.69,5.25,8.62,,0.238,5.99,10.68,2.52,0.243,,0.279,278.6170851,50.50464427,,73.33125,528.8495,119.44,33.92337855,,27.23972332,130.6119083,7.644721673,3.938007073,2.237730567,23.72213439,7.668787797,,1.499461013,10.86620553,,0.4758119952,8.35254592,21.89206479,3.110869565,4.302536232,4.299670619,44.02827904,6.582125604,,244.6335417,0.4867126398,1.281464531,1.160177866,19162.90232,,0.2460474308,,41.34,3.393322681,177.9,3136424.0,147.0,Palaeocene tholeiitic,tholeiitic basalt,,29.0,Paleocene,29.0,Paleocene,#FDA75F,56.0,66.0,Paleocene,subsurface_sediment,subsurface_sample,subsurface
UH_220727,UH_220727_F,GRL22,UH,Unartorssuaq High,3,NAM,GRL,2022.0,2022/07/27,intraplate,intraplate,intraplate,intraplate,subaerial,Spring,,,,igneous,ign_mafic,Palaeocene tholeiitic,,69.265183,-53.5672,212.0,3.8,9.5,0.43,-44.9,93.0,11.2,213.0,0.02,34.0,,0.0,0.0,,,3.093,,0.2405,1.173,,0.001,10.898,,0.032,0.104,2.916,68.561,,3.285,,0.109,0.367,,2.06,0.178,0.076,,2.294,24.45,,0.459,1.044,0.597,0.031,0.779,,0.067,,0.003,,,,0.002,0.014,,0.027,,,,,0.002,0.011,,0.008,0.009,,0.003,,0.001,,386892.28,731354.71,54455179.26,25537.57,44908.15,224730.16,58002.65,3779.47,160.85,101.38,393.44,991.85,49226333.44,1920218.84,31533.23,94975.03,6733.02,4880.53,217048.47,14693.97,46640.11,126.24,768.99,86.03,322.54,45295.77,5918.41,15247.09,2125.61,10652.7,2936.08,720.74,3112.38,3001.16,556.08,1557.99,224.13,1311.75,2.12,34.6,1487.3,841.69,376.93,,,,,,,,,,,,,,,,,,,,,,0.0,,,0.001972,,7e-06,,0.766344,0.037276,1.964293,,,,,,,1.09,1.09,18.72,5.02,,,,,,,fluid,coevolve,,,,,27.537661845298114,EarthChem,157205,whole_rock,"METAMORPHIC, GNEISS",157205,69.26549,-53.546543,0.817237939792426,98.4607929,71.73,0.37,13.62,1.09,2.28,,0.04,0.99,3.22,3.9,1.25,,0.08,6.328743961,43.72584541,,7.963743468,28.62609174,39.68277349,438.3778437,,66.76178365,6.734057971,2.895709008,1.246566259,0.9072463768,15.0620915,4.388267742,,0.5121811854,33.07960492,,0.1291863432,3.003802554,28.95755093,5.315700483,7.562486873,45.82358625,8.649516908,4.78774797,,251.5525021,0.1806343205,0.5787342019,7.57826087,2263.900729,,0.4106280193,,13.47941492,0.9178743961,151.2985507,3136424.0,147.0,Palaeocene tholeiitic,tholeiitic basalt,,29.0,Paleocene,29.0,Paleocene,#FDA75F,56.0,66.0,Paleocene,subsurface_fluid,subsurface_sample,subsurface
UH_220727,UH_220727_S,GRL22,UH,Unartorssuaq High,3,NAM,GRL,2022.0,2022/07/27,intraplate,intraplate,intraplate,intraplate,subaerial,Spring,,,,igneous,ign_mafic,Palaeocene tholeiitic,,69.265183,-53.5672,212.0,3.8,9.5,0.43,-44.9,93.0,11.2,213.0,0.02,34.0,,0.0,0.0,,,3.093,,0.2405,1.173,,0.001,10.898,,0.032,0.104,2.916,68.561,,3.285,,0.109,0.367,,2.06,0.178,0.076,,2.294,24.45,,0.459,1.044,0.597,0.031,0.779,,0.067,,0.003,,,,0.002,0.014,,0.027,,,,,0.002,0.011,,0.008,0.009,,0.003,,0.001,,386892.28,731354.71,54455179.26,25537.57,44908.15,224730.16,58002.65,3779.47,160.85,101.38,393.44,991.85,49226333.44,1920218.84,31533.23,94975.03,6733.02,4880.53,217048.47,14693.97,46640.11,126.24,768.99,86.03,322.54,45295.77,5918.41,15247.09,2125.61,10652.7,2936.08,720.74,3112.38,3001.16,556.08,1557.99,224.13,1311.75,2.12,34.6,1487.3,841.69,376.93,,,,,,,,,,,,,,,,,,,,,,0.0,,,0.001972,,7e-06,,0.766344,0.037276,1.964293,,,,,,,1.09,1.09,18.72,5.02,,,,,,,sediment,coevolve,,,,,27.537661845298114,EarthChem,157205,whole_rock,"METAMORPHIC, GNEISS",157205,69.26549,-53.546543,0.817237939792426,98.4607929,71.73,0.37,13.62,1.09,2.28,,0.04,0.99,3.22,3.9,1.25,,0.08,6.328743961,43.72584541,,7.963743468,28.62609174,39.68277349,438.3778437,,66.76178365,6.734057971,2.895709008,1.246566259,0.9072463768,15.0620915,4.388267742,,0.5121811854,33.07960492,,0.1291863432,3.003802554,28.95755093,5.315700483,7.562486873,45.82358625,8.649516908,4.78774797,,251.5525021,0.1806343205,0.5787342019,7.57826087,2263.900729,,0.4106280193,,13.47941492,0.9178743961,151.2985507,3136424.0,147.0,Palaeocene tholeiitic,tholeiitic basalt,,29.0,Paleocene,29.0,Paleocene,#FDA75F,56.0,66.0,Paleocene,subsurface_sediment,subsurface_sample,subsurface
RF-1_220827,RF-1_220827_S,HEO22,RF-1,,3,EUR,GRL,2022.0,2022/08/27,intraplate,intraplate,intraplate,intraplate,subaerial,Spring,,,,metamorphic,met_high_grade,Palaeocene tholeiitic,,69.727817,-23.68905,3.0,56.6,9.39,0.23,,,,167.747,0.01,120.0,,0.0,0.05,,,33.946,,,2.239,,0.006,39.063,0.085,0.66,0.003,3.469,,0.211,1.361,0.018,0.214,,7.265,1.784,3.86,0.294,,105.53,65.583,,0.201,2.444,0.194,1.69,34.229,,,,0.003,0.004,0.062,0.2,0.008,0.016,0.002,0.015,,,,,0.001,,0.0,,,,,,0.001,,125605.71,617317.02,49684350.8,23445.25,45509.03,191001.9,74881.02,1579.73,173.39,4.35,524.2,1232.94,20557731.04,1086491.3,35302.63,20013.05,688.67,6237.62,392715.43,18103.14,39524.98,141.39,0.0,110.62,863.51,21173.84,12552.19,30816.24,4269.74,19294.16,4775.09,916.26,4401.65,3780.22,676.74,1870.43,229.04,1363.96,1.12,23.97,1249.78,901.98,259.26,,,,,,,,,,,,,,,,,,,,,,0.0,,,,,,,,,,,,,,,,,,,,,,,,,,sediment,coevolve,,,,,84.38123402481813,EarthChem,1,whole_rock,"IGNEOUS, VOLCANIC, BASALT",1,70.5,-24.0,86.95275941173797,96.56007089999999,47.33,2.64,13.38,4.89,8.62,,0.18,6.31,10.79,2.35,0.26,,0.3,211.0,45.0,,95.0,330.0,,54.0,,,175.0,,,,,,,,,,,12.0,,,,2.7,,,,272.0,,,,,,,,34.0,,169.0,648356.0,2.0,Sedimentary; Sedimentary: undivided,sedimentary and/or volcanic rock: undivided; ,"Oceanic basin; Reed et al., 2005",53.0,Middle Jurassic,58.0,Early Jurassic,#34B2C9,163.5,201.3,Jurassic,subsurface_sediment,subsurface_sample,subsurface
RF-1_220827,RF-1_220827_F,HEO22,RF-1,,3,EUR,GRL,2022.0,2022/08/27,intraplate,intraplate,intraplate,intraplate,subaerial,Spring,,,,metamorphic,met_high_grade,Palaeocene tholeiitic,,69.727817,-23.68905,3.0,56.6,9.39,0.23,,,,167.747,0.01,120.0,,0.0,0.05,,,33.946,,,2.239,,0.006,39.063,0.085,0.66,0.003,3.469,,0.211,1.361,0.018,0.214,,7.265,1.784,3.86,0.294,,105.53,65.583,,0.201,2.444,0.194,1.69,34.229,,,,0.003,0.004,0.062,0.2,0.008,0.016,0.002,0.015,,,,,0.001,,0.0,,,,,,0.001,,125605.71,617317.02,49684350.8,23445.25,45509.03,191001.9,74881.02,1579.73,173.39,4.35,524.2,1232.94,20557731.04,1086491.3,35302.63,20013.05,688.67,6237.62,392715.43,18103.14,39524.98,141.39,0.0,110.62,863.51,21173.84,12552.19,30816.24,4269.74,19294.16,4775.09,916.26,4401.65,3780.22,676.74,1870.43,229.04,1363.96,1.12,23.97,1249.78,901.98,259.26,,,,,,,,,,,,,,,,,,,,,,0.0,,,,,,,,,,,,,,,,,,,,,,,,,,fluid,coevolve,,,,,84.38123402481813,EarthChem,1,whole_rock,"IGNEOUS, VOLCANIC, BASALT",1,70.5,-24.0,86.95275941173797,96.56007089999999,47.33,2.64,13.38,4.89,8.62,,0.18,6.31,10.79,2.35,0.26,,0.3,211.0,45.0,,95.0,330.0,,54.0,,,175.0,,,,,,,,,,,12.0,,,,2.7,,,,272.0,,,,,,,,34.0,,169.0,648356.0,2.0,Sedimentary; Sedimentary: undivided,sedimentary and/or volcanic rock: undivided; ,"Oceanic basin; Reed et al., 2005",53.0,Middle Jurassic,58.0,Early Jurassic,#34B2C9,163.5,201.3,Jurassic,subsurface_fluid,subsurface_sample,subsurface
RF-2_220827,RF-2_220827_S,HEO22,RF-2,,4,EUR,GRL,2022.0,2022/08/27,intraplate,intraplate,intraplate,intraplate,subaerial,Spring,,,,metamorphic,met_high_grade,Palaeocene tholeiitic,,69.727133,-23.69375,1.0,60.0,9.33,0.24,,,,170.6255,0.01,120.0,,0.0,0.0,,,35.047,,,2.226,,0.006,39.319,0.082,0.629,0.008,4.534,0.011,1.041,,0.035,0.435,,,2.207,3.844,0.28,,106.777,74.981,,0.137,2.361,0.269,1.926,39.214,,,0.009,,0.039,0.061,0.215,,0.023,,,0.0,,0.0,0.002,,0.0,,,,0.003,0.002,0.167,,0.005,116186.07,476281.7,48235415.84,23225.23,46044.35,192491.13,57495.02,1151.67,155.13,142.8,503.25,1417.79,22860459.97,1184240.8,27750.97,14723.93,745.78,8795.98,219642.58,20472.31,38488.32,160.75,0.0,28.99,966.03,14173.52,13179.58,32243.83,4432.28,21300.3,5243.62,1039.81,5141.28,4145.82,785.37,1979.88,261.58,1650.37,1.95,9.09,800.95,1010.6,258.98,,,,,,,,,,,,,,,,,,,,,,0.0,,,,,,,,,,,,,,,,,,,,,,,,,,sediment,coevolve,,,,,85.07023070320349,EarthChem,1,whole_rock,"IGNEOUS, VOLCANIC, BASALT",1,70.5,-24.0,87.00435197464968,96.56007089999999,47.33,2.64,13.38,4.89,8.62,,0.18,6.31,10.79,2.35,0.26,,0.3,211.0,45.0,,95.0,330.0,,54.0,,,175.0,,,,,,,,,,,12.0,,,,2.7,,,,272.0,,,,,,,,34.0,,169.0,648356.0,2.0,Sedimentary; Sedimentary: undivided,sedimentary and/or volcanic rock: undivided; ,"Oceanic basin; Reed et al., 2005",53.0,Middle Jurassic,58.0,Early Jurassic,#34B2C9,163.5,201.3,Jurassic,subsurface_sediment,subsurface_sample,subsurface
RF-2_220827,RF-2_220827_F,HEO22,RF-2,,4,EUR,GRL,2022.0,2022/08/27,intraplate,intraplate,intraplate,intraplate,subaerial,Spring,,,,metamorphic,met_high_grade,Palaeocene tholeiitic,,69.727133,-23.69375,1.0,60.0,9.33,0.24,,,,170.6255,0.01,120.0,,0.0,0.0,,,35.047,,,2.226,,0.006,39.319,0.082,0.629,0.008,4.534,0.011,1.041,,0.035,0.435,,,2.207,3.844,0.28,,106.777,74.981,,0.137,2.361,0.269,1.926,39.214,,,0.009,,0.039,0.061,0.215,,0.023,,,0.0,,0.0,0.002,,0.0,,,,0.003,0.002,0.167,,0.005,116186.07,476281.7,48235415.84,23225.23,46044.35,192491.13,57495.02,1151.67,155.13,142.8,503.25,1417.79,22860459.97,1184240.8,27750.97,14723.93,745.78,8795.98,219642.58,20472.31,38488.32,160.75,0.0,28.99,966.03,14173.52,13179.58,32243.83,4432.28,21300.3,5243.62,1039.81,5141.28,4145.82,785.37,1979.88,261.58,1650.37,1.95,9.09,800.95,1010.6,258.98,,,,,,,,,,,,,,,,,,,,,,0.0,,,,,,,,,,,,,,,,,,,,,,,,,,fluid,coevolve,,,,,85.07023070320349,EarthChem,1,whole_rock,"IGNEOUS, VOLCANIC, BASALT",1,70.5,-24.0,87.00435197464968,96.56007089999999,47.33,2.64,13.38,4.89,8.62,,0.18,6.31,10.79,2.35,0.26,,0.3,211.0,45.0,,95.0,330.0,,54.0,,,175.0,,,,,,,,,,,12.0,,,,2.7,,,,272.0,,,,,,,,34.0,,169.0,648356.0,2.0,Sedimentary; Sedimentary: undivided,sedimentary and/or volcanic rock: undivided; ,"Oceanic basin; Reed et al., 2005",53.0,Middle Jurassic,58.0,Early Jurassic,#34B2C9,163.5,201.3,Jurassic,subsurface_fluid,subsurface_sample,subsurface
NF-1_220826,NF-1_220826_S,HEO22,NF-1,,2,EUR,GRL,2022.0,2022/08/26,intraplate,intraplate,intraplate,intraplate,subaerial,Spring,,,,metamorphic,metamorphic,unclassified; Metamorphic: undivided,,71.138317,-22.036583,1.0,40.3,8.64,5.33,,,,2741.025,0.29,165.0,,0.0,0.0,,,2563.575,,,233.066,,0.39,1288.566,7.129,30.783,0.053,28.63,5.586,,1.8,0.005,,0.187,1.975,3.422,21.378,24.176,,426.6,5.614,,0.306,0.291,2.905,207.121,,,,,,,22.27,30.932,,,0.0,,0.0,0.0,,,,0.0,,,,0.004,1.392,0.066,0.003,0.194,27012.01,300767.75,15938982.41,6570.91,9563.08,10008.37,28629.8,1801.65,363.55,1119.39,950.01,1835.66,8424321.28,786967.5,19077.56,7735.25,4969.32,54160.91,53323.75,13300.36,2706.82,764.0,378.67,110.38,32245.12,44507.4,48163.27,98932.42,11347.24,42011.59,7838.55,541.3,5891.33,3337.05,494.21,1244.15,153.29,956.55,6.22,418.69,11104.27,20057.39,3075.31,,,,,,,,,,,,,,,,,,,,,,0.0,,,,,,,,,,,,,,,,,,,,,,,,,,sediment,coevolve,,,,,141.52457399494952,EarthChem,HKB-4,whole_rock,"IGNEOUS, PLUTONIC, DUNITE",HKB-4,70.5,-21.5,73.88785383241807,99.326,43.0,0.012,0.709,,,7.01,0.096,48.1,0.396,0.001,0.0,,0.002,5.91,109.0,0.107,2478.0,30.2,37.6,4.48,0.007,0.17,1954.0,0.072,0.042,0.023,0.548,0.071,,0.015,0.079,2.18,0.0073,0.057,0.133,,0.028,0.073,5.97,0.056,,3.33,0.278,0.012,0.0136,98.7,,0.0049,,0.46,0.0447,1.04,627288.0,2.0,unclassified; Metamorphic: undivided,"migmatite, granitoid gneiss, siliciclastics","Orogen, fold-thrust belt, folded region; Escher & Pulvertaft, 1995; Hamann et al., 2005; Jepsen, unpublished revisions, 2007-08",265.0,Tonian,265.0,Tonian,#FFA5D2,720.0,1000.0,Tonian,subsurface_sediment,subsurface_sample,subsurface
NF-1_220826,NF-1_220826_F,HEO22,NF-1,,2,EUR,GRL,2022.0,2022/08/26,intraplate,intraplate,intraplate,intraplate,subaerial,Spring,,,,metamorphic,metamorphic,unclassified; Metamorphic: undivided,,71.138317,-22.036583,1.0,40.3,8.64,5.33,,,,2741.025,0.29,165.0,,0.0,0.0,,,2563.575,,,233.066,,0.39,1288.566,7.129,30.783,0.053,28.63,5.586,,1.8,0.005,,0.187,1.975,3.422,21.378,24.176,,426.6,5.614,,0.306,0.291,2.905,207.121,,,,,,,22.27,30.932,,,0.0,,0.0,0.0,,,,0.0,,,,0.004,1.392,0.066,0.003,0.194,27012.01,300767.75,15938982.41,6570.91,9563.08,10008.37,28629.8,1801.65,363.55,1119.39,950.01,1835.66,8424321.28,786967.5,19077.56,7735.25,4969.32,54160.91,53323.75,13300.36,2706.82,764.0,378.67,110.38,32245.12,44507.4,48163.27,98932.42,11347.24,42011.59,7838.55,541.3,5891.33,3337.05,494.21,1244.15,153.29,956.55,6.22,418.69,11104.27,20057.39,3075.31,,,,,,,,,,,,,,,,,,,,,,0.0,,,,,,,,,,,,,,,,,,,,,,,,,,fluid,coevolve,,,,,141.52457399494952,EarthChem,HKB-4,whole_rock,"IGNEOUS, PLUTONIC, DUNITE",HKB-4,70.5,-21.5,73.88785383241807,99.326,43.0,0.012,0.709,,,7.01,0.096,48.1,0.396,0.001,0.0,,0.002,5.91,109.0,0.107,2478.0,30.2,37.6,4.48,0.007,0.17,1954.0,0.072,0.042,0.023,0.548,0.071,,0.015,0.079,2.18,0.0073,0.057,0.133,,0.028,0.073,5.97,0.056,,3.33,0.278,0.012,0.0136,98.7,,0.0049,,0.46,0.0447,1.04,627288.0,2.0,unclassified; Metamorphic: undivided,"migmatite, granitoid gneiss, siliciclastics","Orogen, fold-thrust belt, folded region; Escher & Pulvertaft, 1995; Hamann et al., 2005; Jepsen, unpublished revisions, 2007-08",265.0,Tonian,265.0,Tonian,#FFA5D2,720.0,1000.0,Tonian,subsurface_fluid,subsurface_sample,subsurface
KT-1_220826,KT-1_220826_S,HEO22,KT-1,,1,EUR,GRL,2022.0,2022/08/26,intraplate,intraplate,intraplate,intraplate,subaerial,Spring,,,,metamorphic,metamorphic,Paleoproterozoic crystalline metamorphic rocks,,70.4148,-21.95275,2.0,59.9,7.09,16.29,,,,8278.35,0.95,105.0,,3.0,0.0,,,7096.647,12.888,,223.609,,0.569,2352.899,,62.663,13.313,1463.197,,212.283,3.903,,0.103,0.157,1.383,,0.226,1.769,0.087,835.461,3.748,,0.265,0.063,0.05,321.453,,0.123,0.121,,,0.0,23.543,410.15,0.0475,0.028,0.003,0.022,0.0,0.023,,,0.001,,,,0.019,,,0.053,,2.186,24307.75,207285.41,11193090.97,3043.53,6014.51,15958.67,21131.63,308.8,176.31,306.89,653.3,3139.18,4522712.01,667251.72,13608.15,7000.38,333.05,24939.58,303065.96,5360.35,2994.56,462.49,1.62,77.42,5022.62,1428951.51,15151.68,29215.06,3092.02,11566.44,2017.18,382.49,1425.74,990.93,179.27,502.29,66.44,393.76,0.0,5244.46,27086.01,3602.9,594.5,,,,,,,,,,,,,,,,,,,,,,0.0,,,,,,,,,,,,,,,,,,,,,,,,,,sediment,coevolve,,,,,107.10330363244506,EarthChem,HKB-4,whole_rock,"IGNEOUS, PLUTONIC, DUNITE",HKB-4,70.5,-21.5,19.398046245819994,99.326,43.0,0.012,0.709,,,7.01,0.096,48.1,0.396,0.001,0.0,,0.002,5.91,109.0,0.107,2478.0,30.2,37.6,4.48,0.007,0.17,1954.0,0.072,0.042,0.023,0.548,0.071,,0.015,0.079,2.18,0.0073,0.057,0.133,,0.028,0.073,5.97,0.056,,3.33,0.278,0.012,0.0136,98.7,,0.0049,,0.46,0.0447,1.04,3187137.0,154.0,Paleoproterozoic crystalline metamorphic rocks,amphibolite grade gneiss,East Greenland Caledonian Fold Belt,259.0,Paleoproterozoic,259.0,Paleoproterozoic,#F74370,1600.0,2500.0,Paleoproterozoic,subsurface_sediment,subsurface_sample,subsurface
KT-1_220826,KT-1_220826_F,HEO22,KT-1,,1,EUR,GRL,2022.0,2022/08/26,intraplate,intraplate,intraplate,intraplate,subaerial,Spring,,,,metamorphic,metamorphic,Paleoproterozoic crystalline metamorphic rocks,,70.4148,-21.95275,2.0,59.9,7.09,16.29,,,,8278.35,0.95,105.0,,3.0,0.0,,,7096.647,12.888,,223.609,,0.569,2352.899,,62.663,13.313,1463.197,,212.283,3.903,,0.103,0.157,1.383,,0.226,1.769,0.087,835.461,3.748,,0.265,0.063,0.05,321.453,,0.123,0.121,,,0.0,23.543,410.15,0.0475,0.028,0.003,0.022,0.0,0.023,,,0.001,,,,0.019,,,0.053,,2.186,24307.75,207285.41,11193090.97,3043.53,6014.51,15958.67,21131.63,308.8,176.31,306.89,653.3,3139.18,4522712.01,667251.72,13608.15,7000.38,333.05,24939.58,303065.96,5360.35,2994.56,462.49,1.62,77.42,5022.62,1428951.51,15151.68,29215.06,3092.02,11566.44,2017.18,382.49,1425.74,990.93,179.27,502.29,66.44,393.76,0.0,5244.46,27086.01,3602.9,594.5,,,,,,,,,,,,,,,,,,,,,,0.0,,,,,,,,,,,,,,,,,,,,,,,,,,fluid,coevolve,,,,,107.10330363244506,EarthChem,HKB-4,whole_rock,"IGNEOUS, PLUTONIC, DUNITE",HKB-4,70.5,-21.5,19.398046245819994,99.326,43.0,0.012,0.709,,,7.01,0.096,48.1,0.396,0.001,0.0,,0.002,5.91,109.0,0.107,2478.0,30.2,37.6,4.48,0.007,0.17,1954.0,0.072,0.042,0.023,0.548,0.071,,0.015,0.079,2.18,0.0073,0.057,0.133,,0.028,0.073,5.97,0.056,,3.33,0.278,0.012,0.0136,98.7,,0.0049,,0.46,0.0447,1.04,3187137.0,154.0,Paleoproterozoic crystalline metamorphic rocks,amphibolite grade gneiss,East Greenland Caledonian Fold Belt,259.0,Paleoproterozoic,259.0,Paleoproterozoic,#F74370,1600.0,2500.0,Paleoproterozoic,subsurface_fluid,subsurface_sample,subsurface
TA_221020,TA_221020_F,HYD22,TA,Torre Alfina,4,EUR,ITA,2022.0,2022-10-20,plate margin,convergent,oceanic-continental subduction,volcanic arc,subaerial,Spring,,,,igneous,ign_volcanic,Quaternary tephrite,,42.747778,11.948202,562.0,14.5,1.76,9.3,,81.7,6.7,4678.0,0.53,0.0,,20.0,5.49,,,13.317,,,4817.76,9.276,0.1883,20.879,36.203,43.951,41.892,112.252,120.48,,,34.72,250.99,127.034,248.983,21.459,1.231,,18.768,,,,289.915,47.054,66.917,,,82.122,35.09,,,0.286,113.354,34.479,285.032,669.517,88.023,347.04,62.202,10.714,39.54,22.975,3.642,9.689,1.276,7.826,,,8.844,186.918,49.963,7.092,,,,,,,,,,,,,,,,,,,,,,,,,,,,,,,,,,,,,,,,,,,,,,,,,,,,,,,,,,,,,,,,,0.0,,,21.874167,0.004547,9e-06,,0.00109,0.009328,0.366203,,,,,,0.051,0.4,0.39,54.19,17.29,766000000000.0,413797.0,,,,,fluid,coevolve,,,,,,EarthChem,TA1,whole_rock,"IGNEOUS, VOLCANIC, LAMPROITE",TA1,42.75,11.95,0.28739917969231693,99.3418518,55.47,1.36,13.39,0.78,5.08,,0.1,9.36,4.7,1.18,7.46,,0.54,,29.3,,349.0,118.0,,1290.0,,294.0,641.0,,,3.13,,,,,98.0,,0.33,31.0,108.0,,,453.0,16.7,20.6,,726.0,2.1,1.14,57.0,,,11.7,,33.0,2.57,674.0,3138162.0,147.0,Quaternary tephrite,"Major:{tephrite, basanite}, Minor{phonolitic tephrite, tephritic phonolite,tuff group,nephelinic, leucitic and analcitic rocks}",,421.0,Quaternary,421.0,Quaternary,#F9F97F,0.0,2.588,Cenozoic,subsurface_fluid,subsurface_sample,subsurface
SB_221021,SB_221021_F,HYD22,SB,Stagno_Bianco,7,EUR,ITA,2022.0,2022-10-21,plate margin,convergent,oceanic-continental subduction,volcanic arc,subaerial,Spring,,,,igneous,igneous,Cenozoic volcanic rocks,,41.7045854,12.5365787,81.0,17.3,3.66,3.86,-25.0,73.3,6.79,1932.0,0.21,0.0,,2.06,3.36,,,20.345,,1.006,4964.894,,0.0591,93.029,1.25,35.193,119.841,300.151,104.684,,,243.858,107.3,,,131.085,,0.157,140.437,266.878,,3.225,15.994,117.06,28.23,752.484,,786.666,3.927,,,0.016,24.4,19.132,,,398.35,,295.837,61.282,262.49,163.086,27.796,72.761,9.248,51.314,,0.0145,0.184,0.578,1.915,3.066,,,,,,,,,,,,,,,,,,,,,,,,,,,,,,,,,,,,,,,,,,,,,,,,,,,,,,,,,,,,,,,,,0.0,,,18.570614,0.00026,1.3e-05,,0.0,0.010816,0.420032,,,,,,0.0336,0.88,0.88,2793.0,891.25,80100000000.0,97929.66,,,,,fluid,coevolve,,,,,,EarthChem,CA 35,whole_rock,"IGNEOUS, VOLCANIC, SCORIA",CA 35,41.7614,12.5325,6.319406885691281,93.80999999999999,45.18,0.88,15.75,9.27,,,0.17,4.88,9.12,0.57,7.27,,0.72,100.0,30.0,,38.0,276.0,90.0,3067.0,,327.0,21.0,8.95,3.55,4.74,20.0,15.8,,1.42,163.0,,0.418,35.3,126.0,95.0,37.6,345.0,16.0,23.5,,1281.0,1.79,1.93,89.5,,,13.0,,44.8,2.88,469.0,3140944.0,147.0,Quaternary tephrite,"Major:{tephrite, basanite}, Minor{phonolitic tephrite, tephritic phonolite,tuff group,nephelinic, leucitic and analcitic rocks}",,421.0,Quaternary,421.0,Quaternary,#F9F97F,0.0,2.588,Cenozoic,subsurface_fluid,subsurface_sample,subsurface
SC_221020,SC_221020_F,HYD22,SC,San_Cristoforo,6,EUR,ITA,2022.0,2022-10-20,plate margin,convergent,oceanic-continental subduction,volcanic arc,subaerial,Spring,,,,igneous,igneous,Cenozoic volcanic rocks,,42.3984606,12.0592911,282.0,48.0,6.12,3.48,49.9,2.73,2.73,1742.0,0.18,110.0,,1.5,0.05,,,15.452,,,2191.881,,0.152,34.828,0.539,33.544,164.041,,0.361,35.886,,0.136,,1.011,395.813,1.273,0.209,4.562,1.557,,,0.8465,,0.053,347.948,128.053,,0.124,1.539,,,,66.632,35.463,,,0.0125,0.075,0.02,0.005,,0.02,0.004,0.009,,0.006,,,0.026,,0.223,0.224,,,,,,,,,,,,,,,,,,,,,,,,,,,,,,,,,,,,,,,,,,,,,,,,,,,,,,,,,,,,,,,,,0.0,,,52.87086,0.0,1e-06,,0.000447,0.00139,0.050801,,,,,,0.000458,1.22,1.86,1.34,0.43,425000000000.0,1101111.11,,,,,fluid,coevolve,,,,,238.98598617994037,EarthChem,89-21,whole_rock,"IGNEOUS, VOLCANIC, TRACHYTE, LEUCITE",89-21,42.4,12.1,3.3559585632312814,98.01653830000001,53.85,0.68,18.83,2.43,3.16,,0.12,1.74,4.49,2.64,9.96,0.2,0.36,,,,,,,,,,,,,,,,,,,,,,,,,,,,,,,,,,,,,,,,3185029.0,154.0,Cenozoic volcanic rocks,volcanic rocks,,1.0,Cenozoic,1.0,Cenozoic,#F2F91D,0.0,66.0,Cenozoic,subsurface_fluid,subsurface_sample,subsurface
SF_221019,SF_221019_F,HYD22,SF,Soffioni_Boraciferi_San_Federigo,3,EUR,ITA,2022.0,2022-10-19,plate margin,convergent,oceanic-continental subduction,volcanic arc,subaerial,Spring,,,,sedimentary,sedimentary,Mesozoic sedimentary rocks,,43.1435272,10.8153437,193.0,69.7,7.24,1.65,-60.8,74.0,4.48,822.0,0.08,20.0,,0.82,0.03,,,36.127,,0.452,763.377,,0.1,41.41,79.248,11.864,2.003,,0.25,146.748,32.579,0.117,,0.607,,,0.959,1.686,0.026,,35.41,,0.585,0.12,,81.832,948.496,0.103,0.374,0.111,,,85.468,64.849,,,0.007,0.034,0.008,0.006,,,,0.01,,,0.055,,0.011,,,0.006,,,,,,,,,,,,,,,,,,,,,,,,,,,,,,,,,,,,,,,,,,,,,,,,,,,,,,,,,,,,,,,,,0.0,,,0.109399,0.0,1.1e-05,,0.002999,0.019849,0.88589,,,,,,0.0275,2.83,2.87,42.25,13.48,36500000000.0,145902.5,,,,,fluid,coevolve,,,,,19.578367758719782,EarthChem,S3-11,whole_rock,"IGNEOUS, VOLCANIC, UNKNOWN",S3-11,43.0,11.0,21.91872655046335,98.7017568,65.19,0.96,15.28,1.28,4.2,,0.08,1.42,3.42,2.64,4.1,,0.26,,,,17.32,,,875.0,,97.0,,,,,,,,,50.0,,,21.0,,,,190.0,,,,255.0,,,,,,,,43.0,,295.0,3162239.0,147.0,Pliocene clay,"Major:{clay}, Minor{sand,conglomerate,limestone}",,10.0,Pliocene,10.0,Pliocene,#FFFF99,2.588,5.333,Pliocene,subsurface_fluid,subsurface_sample,subsurface
SP_221019,SP_221019_F,HYD22,SP,Sasso_Pisano,2,EUR,ITA,2022.0,2022-10-19,plate margin,convergent,oceanic-continental subduction,volcanic arc,subaerial,Spring,,,,sedimentary,sedimentary,Mesozoic sedimentary rocks,,43.1676069,10.8667609,480.0,53.0,6.4,1.07,-66.0,58.2,4.22,537.0,0.05,40.0,,0.79,1.01,,,38.771,,0.287,193.867,0.282,,24.613,19.742,5.239,10.92,,1.811,526.172,,1.318,3.027,,,,1.826,,,187.73,,0.382,0.929,,79.367,8.715,317.691,0.104,,,,0.306,,41.754,,,0.032,0.089,,0.005,0.006,0.01,0.003,0.017,,0.012,,,0.016,,0.008,0.287,,,,,,,,,,,,,,,,,,,,,,,,,,,,,,,,,,,,,,,,,,,,,,,,,,,,,,,,,,,,,,,,,0.0,,,5.337441,0.002845,7e-06,,0.000773,0.013975,0.60005,,,,,,0.0695,2.2,2.21,192.8,61.5,106000000000.0,325591.65,,,,,fluid,coevolve,,,,,62.40582844575742,EarthChem,S3-11,whole_rock,"IGNEOUS, VOLCANIC, UNKNOWN",S3-11,43.0,11.0,21.550549420713427,98.7017568,65.19,0.96,15.28,1.28,4.2,,0.08,1.42,3.42,2.64,4.1,,0.26,,,,17.32,,,875.0,,97.0,,,,,,,,,50.0,,,21.0,,,,190.0,,,,255.0,,,,,,,,43.0,,295.0,3186392.0,154.0,Mesozoic sedimentary rocks,sedimentary rocks,,33.0,Cretaceous,33.0,Cretaceous,#7FC64E,66.0,145.0,Mesozoic,subsurface_fluid,subsurface_sample,subsurface
CB_221018,CB_221018_F,HYD22,CB,Sorgente_di_Chiorba,1,EUR,ITA,2022.0,2022-10-18,plate margin,convergent,oceanic-continental subduction,volcanic arc,subaerial,Spring,,,,sedimentary,sedimentary,Mesozoic sedimentary rocks,,43.1527486,10.853645,614.0,55.3,7.55,0.82,-4.0,113.0,6.08,410.0,0.04,40.0,,18.0,0.03,,,21.731,,5.623,108.677,,0.0369,48.412,0.05,9.766,15.805,54.436,1.287,0.273,7.236,0.016,2.052,2.61,30.886,0.973,4.655,,,,7.233,,0.608,,86.171,17.306,160.62,0.024,,,,,2.128,12.648,,,,0.033,0.097,,,,,,,,,,0.113,0.067,,0.141,,,,,,,,,,,,,,,,,,,,,,,,,,,,,,,,,,,,,,,,,,,,,,,,,,,,,,,,,,,,,,,,,0.0,,,0.407563,0.0,1.5e-05,,0.386114,0.018992,0.901067,,,,,,0.000375,1.25,2.6,1.19,0.33,,,,,,,fluid,coevolve,,,,,36.89557411405875,EarthChem,S3-11,whole_rock,"IGNEOUS, VOLCANIC, UNKNOWN",S3-11,43.0,11.0,20.737140048144504,98.7017568,65.19,0.96,15.28,1.28,4.2,,0.08,1.42,3.42,2.64,4.1,,0.26,,,,17.32,,,875.0,,97.0,,,,,,,,,50.0,,,21.0,,,,190.0,,,,255.0,,,,,,,,43.0,,295.0,3162239.0,147.0,Pliocene clay,"Major:{clay}, Minor{sand,conglomerate,limestone}",,10.0,Pliocene,10.0,Pliocene,#FFFF99,2.588,5.333,Pliocene,subsurface_fluid,subsurface_sample,subsurface
FC_221023,FC_221023_F,HYD22,FC,Ferrata_Cardarelle,10,EUR,ITA,2022.0,2022-10-23,plate margin,convergent,oceanic-continental subduction,volcanic arc,subaerial,Spring,,,,igneous,ign_volcanic,Cenozoic volcanic rocks,,41.2622044,14.0615298,158.0,19.6,5.55,0.69,74.5,33.9,3.16,344.0,0.03,50.0,,3.0,25.65,,,13.202,,,8.249,,0.0716,33.961,0.114,47.147,11.375,53.819,0.4115,,,0.464,0.361,3.191,78.103,0.953,1.546,0.1175,7.392,239.386,,0.427,,,124.022,191.763,408.227,1.447,1.14,0.257,,0.015,46.395,130.171,0.2225,0.653,0.093,0.373,0.056,0.011,0.091,0.103,0.028,0.108,0.017,0.153,0.036,,2.009,0.217,0.1225,0.769,,,,,,,,,,,,,,,,,,,,,,,,,,,,,,,,,,,,,,,,,,,,,,,,,,,,,,,,,,,,,,,,,0.0,,,,,,,,,,,,,,,,,,,,,,,,,,fluid,coevolve,,,,,345.43986360051167,EarthChem,I,whole_rock,"IGNEOUS, VOLCANIC, TRACHYTE, LEUCITE",I,41.26,14.06,0.27635387247920634,97.57623429999998,50.86,1.0,18.48,4.03,3.45,,0.0,2.55,7.77,2.23,7.15,0.17,0.46,,,,,,,,,,,,,,,,,,,,,,,,,,,,,,,,,,,,,,,,3187236.0,154.0,Cenozoic volcanic rocks,intermediate volcanic rocks,,10.0,Pliocene,10.0,Pliocene,#FFFF99,2.588,5.333,Pliocene,subsurface_fluid,subsurface_sample,subsurface
FR_221020,FR_221020_F,HYD22,FR,Solfatara_di_Ferento,5,EUR,ITA,2022.0,2022-10-20,plate margin,convergent,oceanic-continental subduction,volcanic arc,subaerial,Spring,,,,igneous,ign_volcanic,Quaternary tephrite,,42.504311,12.1371561,270.0,26.39,4.91,0.88,-29.8,53.4,4.21,437.0,0.04,10.0,,1.94,1460.0,,,16.856,,,506.263,,0.0601,29.006,1.865,72.114,26.759,,2.734,,,0.227,,2.867,,,0.091,,10.51,,,19.65,,,3.474,259.868,427.121,2.573,1.716,,,,41.084,38.702,0.953,2.264,0.313,1.548,0.453,0.084,0.416,0.389,0.074,0.201,0.033,0.179,,,0.02,,0.532,0.105,,,,,,,,,,,,,,,,,,,,,,,,,,,,,,,,,,,,,,,,,,,,,,,,,,,,,,,,,,,,,,,,,0.0,,,25.603338,0.006097,0.000101,,0.0,0.202453,15.556265,,,,,,0.0116,0.57,0.57,308.1,98.31,524000000000.0,414471.52,,,,,fluid,coevolve,,,,,262.7397008333984,EarthChem,VS 177,whole_rock,"IGNEOUS, VOLCANIC, UNKNOWN",VS 177,42.445,12.1781,7.398869291122698,99.04366517522824,61.7872156038309,0.820095772015884,16.4719236159776,1.66019388,3.2,,0.090010511562719,2.76,4.48052324223312,2.34,5.28,,0.320037374445223,20.5,14.142713174689,,23.1,71.3,66.7,1066.4,,157.0,55.7,,,,20.6,,,,92.0,,,17.0,,70.5,,288.7,,,,559.2,,,55.0,,,,,27.6,,249.9,3138162.0,147.0,Quaternary tephrite,"Major:{tephrite, basanite}, Minor{phonolitic tephrite, tephritic phonolite,tuff group,nephelinic, leucitic and analcitic rocks}",,421.0,Quaternary,421.0,Quaternary,#F9F97F,0.0,2.588,Cenozoic,subsurface_fluid,subsurface_sample,subsurface
KR1_210530,KR1_210530_F,ISL21,KR1,Krysuvik,3,EUR,ISL,2021.0,2021-05-30,plate margin,divergent,hotspot-rift interaction,on axis,subaerial,Fumarole,,,,igneous,ign_volcanic,Pleistocene basalt,,63.89546,-22.056914,246.0,87.5,3.1,2.54,,91.0,,1336.115,0.13,0.0,,,,,,6.899,,0.354,359.829,,0.002,6.776,1.444,0.933,9.366,12.009,96.709,393.608,,4.93,,,,0.354,0.038,7.0,0.276,,,2.734,37.996,0.918,2.119,1.275,30.975,12.166,0.628,,,,0.087,14.165,4.429,11.898,1.957,10.519,3.513,1.306,4.861,,1.054,3.069,0.434,2.831,9.0,0.0,0.006,,0.429,0.123,,,,,,,,,,,,,,,,,,,,,,,,,,,,,,,,,,,,,,,,,,,,,,,,,,,-4.65,,,,,,,,,,,,,,0.0,,,,,,,,,,,,,,,,,,,,,,,-11.8,PRJNA914269,10.1371/journal.pone.0281277,fluid,coevolve,,,,,,EarthChem,456723,whole_rock,"IGNEOUS, VOLCANIC, UNKNOWN",456723,63.87,-22.05,2.858427637625134,100.00999999999999,48.82,1.45,14.15,13.13,,,0.21,7.57,12.11,2.24,0.19,,0.14,169.0,54.0,,84.0,383.0,103.0,53.7,,14.95,111.0,4.22,2.64,1.1,18.0,3.76,,,6.11,,0.36,8.9,10.27,,2.15,2.9,53.0,2.96,,147.0,,,,,,,,25.8,2.45,69.2,3145163.0,147.0,Pleistocene basalt,basalt group,,4.0,Pleistocene,4.0,Pleistocene,#FFF2AE,0.0117,2.588,Cenozoic,subsurface_fluid,subsurface_sample,subsurface
KR1_210530,KR1_210530_S,ISL21,KR1,Krysuvik,3,EUR,ISL,2021.0,2021-05-30,plate margin,divergent,hotspot-rift interaction,on axis,subaerial,Fumarole,,,,igneous,ign_volcanic,Pleistocene basalt,,63.89546,-22.056914,246.0,87.5,3.1,2.54,,91.0,,1336.115,0.13,0.0,,,,,,6.899,,0.354,359.829,,0.002,6.776,1.444,0.933,9.366,12.009,96.709,393.608,,4.93,,,,0.354,0.038,7.0,0.276,,,2.734,37.996,0.918,2.119,1.275,30.975,12.166,0.628,,,,0.087,14.165,4.429,11.898,1.957,10.519,3.513,1.306,4.861,,1.054,3.069,0.434,2.831,9.0,0.0,0.006,,0.429,0.123,,,,,,,,,,,,,,,,,,,,,,,,,,,,,,,,,,,,,,,,,,,,,,,,,,,-4.65,,,,,,,,,,,,,,0.0,,,,,,,,,,,,,,,,,,,,,,,-11.8,PRJNA914269,10.1371/journal.pone.0281277,sediment,coevolve,,,,,,EarthChem,456723,whole_rock,"IGNEOUS, VOLCANIC, UNKNOWN",456723,63.87,-22.05,2.858427637625134,100.00999999999999,48.82,1.45,14.15,13.13,,,0.21,7.57,12.11,2.24,0.19,,0.14,169.0,54.0,,84.0,383.0,103.0,53.7,,14.95,111.0,4.22,2.64,1.1,18.0,3.76,,,6.11,,0.36,8.9,10.27,,2.15,2.9,53.0,2.96,,147.0,,,,,,,,25.8,2.45,69.2,3145163.0,147.0,Pleistocene basalt,basalt group,,4.0,Pleistocene,4.0,Pleistocene,#FFF2AE,0.0117,2.588,Cenozoic,subsurface_sediment,subsurface_sample,subsurface
HV2_210602,HV2_210602_F,ISL21,HV2,Hveragerdi,8,EUR,ISL,2021.0,2021-06-02,plate margin,divergent,hotspot-rift interaction,on axis,subaerial,Fumarole,,,,igneous,ign_volcanic,Oceanic basin,,64.007062,-21.180739,118.0,25.7,1.82,1.99,,143.0,,1058.87,0.1,0.0,,,,,,2.36,,,767.5,,0.129,19.665,1.419,7.637,68.365,107.216,1.639,,,185.609,,291.097,554.983,6.735,,3.0,6.421,,,3.184,6.198,1.607,0.934,67.661,444.207,66.637,1.055,,0.87,1.192,1.431,27.651,38.715,96.085,15.061,73.648,22.296,8.009,28.505,29.993,5.676,15.129,1.963,11.704,5.0,,0.945,,0.608,0.714,,,,,,,,,,,,,,,,,,,,,,,,,,,,,,,,,,,,,,,,,,,,,,,,,,,-6.57,,,,,,,,,,,,,,0.0,,,,,,,,,,,,,,,,,,,,,,,-7.85,PRJNA914269,10.1371/journal.pone.0281277,fluid,coevolve,,,,,,EarthChem,IS-9,whole_rock,"IGNEOUS, VOLCANIC, UNKNOWN",IS-9,64.01,-21.2001,1.0021116542360602,101.13503213019999,49.80705301,1.344562539,14.99529069,,,11.67477881,0.1899099632,8.034457509,13.13923732,1.693996872,0.1392673063,,0.1164781107,,32.53,,84.48,313.71,81.7,31.34,,,232.23,,,,,,,,,,,7.21,,,,2.92,43.12,,,173.45,,,,,,,,22.49,,66.36,3161857.0,147.0,Pleistocene basalt,basalt group,,4.0,Pleistocene,4.0,Pleistocene,#FFF2AE,0.0117,2.588,Cenozoic,subsurface_fluid,subsurface_sample,subsurface
HV2_210602,HV2_210602_S,ISL21,HV2,Hveragerdi,8,EUR,ISL,2021.0,2021-06-02,plate margin,divergent,hotspot-rift interaction,on axis,subaerial,Fumarole,,,,igneous,ign_volcanic,Oceanic basin,,64.007062,-21.180739,118.0,25.7,1.82,1.99,,143.0,,1058.87,0.1,0.0,,,,,,2.36,,,767.5,,0.129,19.665,1.419,7.637,68.365,107.216,1.639,,,185.609,,291.097,554.983,6.735,,3.0,6.421,,,3.184,6.198,1.607,0.934,67.661,444.207,66.637,1.055,,0.87,1.192,1.431,27.651,38.715,96.085,15.061,73.648,22.296,8.009,28.505,29.993,5.676,15.129,1.963,11.704,5.0,,0.945,,0.608,0.714,,,,,,,,,,,,,,,,,,,,,,,,,,,,,,,,,,,,,,,,,,,,,,,,,,,-6.57,,,,,,,,,,,,,,0.0,,,,,,,,,,,,,,,,,,,,,,,-7.85,PRJNA914269,10.1371/journal.pone.0281277,sediment,coevolve,,,,,,EarthChem,IS-9,whole_rock,"IGNEOUS, VOLCANIC, UNKNOWN",IS-9,64.01,-21.2001,1.0021116542360602,101.13503213019999,49.80705301,1.344562539,14.99529069,,,11.67477881,0.1899099632,8.034457509,13.13923732,1.693996872,0.1392673063,,0.1164781107,,32.53,,84.48,313.71,81.7,31.34,,,232.23,,,,,,,,,,,7.21,,,,2.92,43.12,,,173.45,,,,,,,,22.49,,66.36,3161857.0,147.0,Pleistocene basalt,basalt group,,4.0,Pleistocene,4.0,Pleistocene,#FFF2AE,0.0117,2.588,Cenozoic,subsurface_sediment,subsurface_sample,subsurface
GN1_210601,GN1_210601_F,ISL21,GN1,Gunnuhver,5,EUR,ISL,2021.0,2021-06-01,plate margin,divergent,hotspot-rift interaction,on axis,subaerial,Fumarole,,,,igneous,ign_volcanic,Cenozoic volcanic rocks,,63.819344,-22.68,85.0,77.9,2.33,21.29,,46.0,,10805.37,1.28,0.0,,,,,,2601.025,9.02,0.099,784.34,,0.623,1598.963,6.089,172.702,56.709,188.979,332.099,,,51.874,,,560.798,,0.023,,0.312,,,,34.614,0.508,15.892,482.753,837.107,16.189,0.539,33.0,1.375,0.128,10.048,98.565,2.254,8.041,1.354,7.921,3.13,1.174,4.783,6.704,1.386,4.387,0.623,4.25,7.0,0.004,0.68,,,0.134,,,,,,,,,,,,,,,,,,,,,,,,,,,,,,,,,,,,,,,,,,,,,,,,,,,-3.69,,,,,,,,,,,,,,0.0,,,,,,,,,,,,,,,,,,,,,,,3.02,PRJNA914269,10.1371/journal.pone.0281277,fluid,coevolve,,,,,,EarthChem,I61,whole_rock,"IGNEOUS, VOLCANIC, PICROBASALT",I61,63.815,-22.67,0.6906964599726261,98.78183279999999,47.68,0.53,14.39,0.88,7.83,,0.16,13.45,12.24,1.62,0.03,,0.06,,,,436.0,,55.0,5.0,,2.0,1090.0,,,0.46,,,,,0.6,,,,,,,,3.47,,,55.0,,0.3,0.06,,,,,13.0,,25.0,3185314.0,154.0,Cenozoic volcanic rocks,mafic volcanic rocks,,474.0,Tertiary,474.0,Tertiary,#F4B470,2.588,66.0,Cenozoic,subsurface_fluid,subsurface_sample,subsurface
GN1_210601,GN1_210601_S,ISL21,GN1,Gunnuhver,5,EUR,ISL,2021.0,2021-06-01,plate margin,divergent,hotspot-rift interaction,on axis,subaerial,Fumarole,,,,igneous,ign_volcanic,Cenozoic volcanic rocks,,63.819344,-22.68,85.0,77.9,2.33,21.29,,46.0,,10805.37,1.28,0.0,,,,,,2601.025,9.02,0.099,784.34,,0.623,1598.963,6.089,172.702,56.709,188.979,332.099,,,51.874,,,560.798,,0.023,,0.312,,,,34.614,0.508,15.892,482.753,837.107,16.189,0.539,33.0,1.375,0.128,10.048,98.565,2.254,8.041,1.354,7.921,3.13,1.174,4.783,6.704,1.386,4.387,0.623,4.25,7.0,0.004,0.68,,,0.134,,,,,,,,,,,,,,,,,,,,,,,,,,,,,,,,,,,,,,,,,,,,,,,,,,,-3.69,,,,,,,,,,,,,,0.0,,,,,,,,,,,,,,,,,,,,,,,3.02,PRJNA914269,10.1371/journal.pone.0281277,sediment,coevolve,,,,,,EarthChem,I61,whole_rock,"IGNEOUS, VOLCANIC, PICROBASALT",I61,63.815,-22.67,0.6906964599726261,98.78183279999999,47.68,0.53,14.39,0.88,7.83,,0.16,13.45,12.24,1.62,0.03,,0.06,,,,436.0,,55.0,5.0,,2.0,1090.0,,,0.46,,,,,0.6,,,,,,,,3.47,,,55.0,,0.3,0.06,,,,,13.0,,25.0,3185314.0,154.0,Cenozoic volcanic rocks,mafic volcanic rocks,,474.0,Tertiary,474.0,Tertiary,#F4B470,2.588,66.0,Cenozoic,subsurface_sediment,subsurface_sample,subsurface
SC_220630,SC_220630,ISL22,SC,Strytan big cone,1,EUR,ISL,2022.0,2022-06-30,plate margin,divergent,hotspot-rift interaction,off axis,submarine,Shallow-vent,,,,igneous,ign_volcanic,Tholeiitic basalt,,65.818344,-18.084662,-22.0,70.8,9.82,0.27,-135.9,78.07,3.35,188.755,0.01,,104.0,,,,,224.733,0.779,,40.771,,0.009,164.171,,4.461,10.598,8.392,0.214,3.735,,,,,,,5.022,1.796,,174.364,,0.0,,0.0,18.4,4.861,78.978,,,,,0.0,0.249,0.427,,,0.0,0.926,0.0,0.0,0.0,0.0,,0.0,0.0,0.0,,0.0,,,,,,365.63,22894.69,8.92,22.86,52.81,,,,,,,,,,,,,,,,,,,,,,,,,,,,,,,,,,,,,,,,,,,,,,,,,,,,,,,,,,,0.0,,,,,,,,,,,,,,,,,,,,,,,,,,sediment,coevolve,,,,,,EarthChem,21595,whole_rock,"IGNEOUS, VOLCANIC, BASALT, THOLEIITIC",21595,65.72,-18.37,17.062883782629466,99.53774920000001,47.91,1.07,15.95,1.32,8.71,,0.17,9.86,12.51,1.97,0.11,,0.09,,,,,,,,,,,,,,,,,,,,,,,,,,,,,,,,,,,,,,,,3138931.0,147.0,North Atlantic Ocean,tholeiitic basalt,"oceanic crust, younger",13.0,Miocene,13.0,Miocene,#FFFF00,5.333,23.03,Miocene,subsurface_sediment,subsurface_sample,subsurface
TR_230731,TR_230731_F,MNG23,TR,Taragt,4,ASI,MNG,2023.0,31-07-23,intraplate,intraplate,faults,faults,subaerial,Spring,S300BB,MFX,,sedimentary,sedimentary,Paleozoic sedimentary rocks,,46.273908,102.473959,1946.1,52.4,9.55,0.78,-76.9,42.4,1.63,378.0,0.036,287.87,,0.03,0.0,,,9.8,,0.058,39.901,,0.4534,84.62,0.135,2.026,,2.597,0.187,3.21,45.375,0.078,,1.624,352.827,25.185,37.155,270.122,0.051,447.576,100.884,1.696,4.438,8.801,29.964,32.935,56.427,0.0,0.127,,,,82.398,6.909,0.062,0.0645,0.007,0.023,0.012,0.0,0.0,0.0,,0.002,,,0.098,0.005,0.005,0.5507,0.0275,0.032,,,,,,,,,,,,,,,,,,,,,,,,,,,,,,,,,,,,,,,,,,,,,,,,,,,-12.72,,,,,,,,,,,,,,0.0,,,4.253037,36.207116,24.332078,,184.941562,339.512288,24714.536502,,,,,,0.00216,0.07,,,5330.63,,,,,,,fluid,coevolve,,,,,203.44695377428414,EarthChem,HH-121-16,whole_rock,"IGNEOUS, VOLCANIC, BASALT",HH-121-16,46.2368,102.6711,15.750483667171709,96.28999999999999,48.83,1.55,13.51,11.61,,,0.19,7.71,9.24,3.2,0.32,,0.13,,36.2,,,,,97.1,,16.2,22.9,4.26,2.62,1.19,,4.01,,0.93,5.5,,0.47,3.0,9.2,,2.03,4.7,38.0,3.3,,136.0,0.5,0.69,1.5,,,0.14,,22.9,2.6,89.0,3190554.0,154.0,Paleozoic sedimentary rocks,sedimentary rocks,,75.0,Permian,94.0,Devonian,#99C08D,251.902,419.2,Paleozoic,subsurface_fluid,subsurface_sample,subsurface
TR_230731,TR_230731_S,MNG23,TR,Taragt,4,ASI,MNG,2023.0,31-07-23,intraplate,intraplate,faults,faults,subaerial,Spring,S300BB,MFX,,sedimentary,sedimentary,Paleozoic sedimentary rocks,,46.273908,102.473959,1946.1,52.4,9.55,0.78,-76.9,42.4,1.63,378.0,0.036,287.87,,0.03,0.0,,,9.8,,0.058,39.901,,0.4534,84.62,0.135,2.026,,2.597,0.187,3.21,45.375,0.078,,1.624,352.827,25.185,37.155,270.122,0.051,447.576,100.884,1.696,4.438,8.801,29.964,32.935,56.427,0.0,0.127,,,,82.398,6.909,0.062,0.0645,0.007,0.023,0.012,0.0,0.0,0.0,,0.002,,,0.098,0.005,0.005,0.5507,0.0275,0.032,,,,,,,,,,,,,,,,,,,,,,,,,,,,,,,,,,,,,,,,,,,,,,,,,,,-12.72,,,,,,,,,,,,,,0.0,,,4.253037,36.207116,24.332078,,184.941562,339.512288,24714.536502,,,,,,0.00216,0.07,,,5330.63,,,,,,,sediment,coevolve,,,,,203.44695377428414,EarthChem,HH-121-16,whole_rock,"IGNEOUS, VOLCANIC, BASALT",HH-121-16,46.2368,102.6711,15.750483667171709,96.28999999999999,48.83,1.55,13.51,11.61,,,0.19,7.71,9.24,3.2,0.32,,0.13,,36.2,,,,,97.1,,16.2,22.9,4.26,2.62,1.19,,4.01,,0.93,5.5,,0.47,3.0,9.2,,2.03,4.7,38.0,3.3,,136.0,0.5,0.69,1.5,,,0.14,,22.9,2.6,89.0,3190554.0,154.0,Paleozoic sedimentary rocks,sedimentary rocks,,75.0,Permian,94.0,Devonian,#99C08D,251.902,419.2,Paleozoic,subsurface_sediment,subsurface_sample,subsurface
SJ_230730,SJ_230730_F,MNG23,SJ,Shargaljuut,2,ASI,MNG,2023.0,30-07-23,intraplate,intraplate,faults,faults,subaerial,Spring,S510DB,NNN,,sedimentary,sedimentary,Paleozoic sedimentary rocks,,46.33309,101.224945,2151.0,88.1,8.74,0.55,-42.9,10.6,0.36,273.0,0.011,240.0,,0.31,0.0,,,6.466,,,56.074,,0.2986,79.102,,2.703,,3.651,0.192,0.409,12.605,,2.669,0.667,210.285,26.102,57.9,89.569,0.369,,99.072,1.729,0.7585,9.883,3.981,62.574,87.911,0.236,0.238,,0.095,0.0,51.864,7.566,0.019,0.036,0.0025,0.0125,0.0,0.0,0.004,0.003,0.0,0.0,0.0,0.0,0.051,0.0,0.1897,0.029,,0.008,,,,,,,,,,,,,,,,,,,,,,,,,,,,,,,,,,,,,,,,,,,,,,,,,,,-14.56,,,,,,,,,,,,,,0.0,,,0.0,0.00012,0.00014,,0.131596,0.011573,0.706083,,,,,,1e-10,0.31,,,34.59,,,,,,,fluid,coevolve,,,,,195.53026259923936,EarthChem,701,whole_rock,"IGNEOUS, VOLCANIC, BASALT",701,46.5,101.0,25.363558175465673,96.3142305,52.84,2.0,15.3,4.05,6.32,,0.15,3.99,6.8,3.07,1.52,,0.68,,25.3,,,,,,,124.5,71.7,,,3.23,,,,,55.0,,0.43,14.0,77.9,,,40.0,17.54,13.25,,775.0,1.4,1.32,3.3,,,0.0,,34.0,3.33,424.0,3190554.0,154.0,Paleozoic sedimentary rocks,sedimentary rocks,,75.0,Permian,94.0,Devonian,#99C08D,251.902,419.2,Paleozoic,subsurface_fluid,subsurface_sample,subsurface
SJ_230730,SJ_230730_S,MNG23,SJ,Shargaljuut,2,ASI,MNG,2023.0,30-07-23,intraplate,intraplate,faults,faults,subaerial,Spring,S510DB,NNN,,sedimentary,sedimentary,Paleozoic sedimentary rocks,,46.33309,101.224945,2151.0,88.1,8.74,0.55,-42.9,10.6,0.36,273.0,0.011,240.0,,0.31,0.0,,,6.466,,,56.074,,0.2986,79.102,,2.703,,3.651,0.192,0.409,12.605,,2.669,0.667,210.285,26.102,57.9,89.569,0.369,,99.072,1.729,0.7585,9.883,3.981,62.574,87.911,0.236,0.238,,0.095,0.0,51.864,7.566,0.019,0.036,0.0025,0.0125,0.0,0.0,0.004,0.003,0.0,0.0,0.0,0.0,0.051,0.0,0.1897,0.029,,0.008,,,,,,,,,,,,,,,,,,,,,,,,,,,,,,,,,,,,,,,,,,,,,,,,,,,-14.56,,,,,,,,,,,,,,0.0,,,0.0,0.00012,0.00014,,0.131596,0.011573,0.706083,,,,,,1e-10,0.31,,,34.59,,,,,,,sediment,coevolve,,,,,195.53026259923936,EarthChem,701,whole_rock,"IGNEOUS, VOLCANIC, BASALT",701,46.5,101.0,25.363558175465673,96.3142305,52.84,2.0,15.3,4.05,6.32,,0.15,3.99,6.8,3.07,1.52,,0.68,,25.3,,,,,,,124.5,71.7,,,3.23,,,,,55.0,,0.43,14.0,77.9,,,40.0,17.54,13.25,,775.0,1.4,1.32,3.3,,,0.0,,34.0,3.33,424.0,3190554.0,154.0,Paleozoic sedimentary rocks,sedimentary rocks,,75.0,Permian,94.0,Devonian,#99C08D,251.902,419.2,Paleozoic,subsurface_sediment,subsurface_sample,subsurface
NR_230731,NR_230731_F,MNG23,NR,Nariinteel,3,ASI,MNG,2023.0,31-07-23,intraplate,intraplate,faults,faults,subaerial,Spring,S300AA,MFX,,igneous,ign_plutonic,Paleozoic intrusive rocks,,46.128628,101.605386,1958.5,54.8,9.22,0.26,-48.7,5.1,0.17,130.0,0.012,210.0,,0.17,0.01,,,22.295,,0.104,56.731,,0.207,92.541,,2.073,,4.048,0.03,1.002,36.223,0.014,4.043,1.304,,,41.542,98.004,0.17,213.413,20.698,,0.9047,6.701,2.006,41.38,110.741,0.511,,,0.025,0.011,35.652,1.644,0.0055,0.011,0.001,,0.0,0.0,0.0,,0.0,0.0,0.0,,0.0453,0.0,0.076,,,0.003,,,,,,,,,,,,,,,,,,,,,,,,,,,,,,,,,,,,,,,,,,,,,,,,,,,-12.32,,,,,,,,,,,,,,0.0,,,0.0,0.73276,0.393422,,1.083215,5.694073,402.447169,,,,,,0.00243,0.36,,,7787.21,,,,,,,fluid,coevolve,,,,,162.60511726500738,EarthChem,TSM-2/10,whole_rock,"IGNEOUS, VOLCANIC, TRACHYANDESITE, BASALTIC",TSM-2/10,46.3218,101.6743,22.120586893301713,100.215,51.19,1.818,15.42,10.6,,,0.145,6.885,7.306,4.15,2.189,,0.512,26.2,42.25,,93.95,145.0,114.0,398.0,,48.65,197.0,3.5,1.485,1.87,22.1,5.265,,0.6,23.35,,0.155,32.6,25.75,5.78,6.15,25.0,,5.955,,695.5,1.99,0.735,2.14,,,0.6,,17.05,1.17,160.0,3188938.0,154.0,Paleozoic intrusive rocks,intrusive igneous rocks,,75.0,Permian,84.0,Carboniferous,#67A599,251.902,358.9,Paleozoic,subsurface_fluid,subsurface_sample,subsurface
NR_230731,NR_230731_S,MNG23,NR,Nariinteel,3,ASI,MNG,2023.0,31-07-23,intraplate,intraplate,faults,faults,subaerial,Spring,S300AA,MFX,,igneous,ign_plutonic,Paleozoic intrusive rocks,,46.128628,101.605386,1958.5,54.8,9.22,0.26,-48.7,5.1,0.17,130.0,0.012,210.0,,0.17,0.01,,,22.295,,0.104,56.731,,0.207,92.541,,2.073,,4.048,0.03,1.002,36.223,0.014,4.043,1.304,,,41.542,98.004,0.17,213.413,20.698,,0.9047,6.701,2.006,41.38,110.741,0.511,,,0.025,0.011,35.652,1.644,0.0055,0.011,0.001,,0.0,0.0,0.0,,0.0,0.0,0.0,,0.0453,0.0,0.076,,,0.003,,,,,,,,,,,,,,,,,,,,,,,,,,,,,,,,,,,,,,,,,,,,,,,,,,,-12.32,,,,,,,,,,,,,,0.0,,,0.0,0.73276,0.393422,,1.083215,5.694073,402.447169,,,,,,0.00243,0.36,,,7787.21,,,,,,,sediment,coevolve,,,,,162.60511726500738,EarthChem,TSM-2/10,whole_rock,"IGNEOUS, VOLCANIC, TRACHYANDESITE, BASALTIC",TSM-2/10,46.3218,101.6743,22.120586893301713,100.215,51.19,1.818,15.42,10.6,,,0.145,6.885,7.306,4.15,2.189,,0.512,26.2,42.25,,93.95,145.0,114.0,398.0,,48.65,197.0,3.5,1.485,1.87,22.1,5.265,,0.6,23.35,,0.155,32.6,25.75,5.78,6.15,25.0,,5.955,,695.5,1.99,0.735,2.14,,,0.6,,17.05,1.17,160.0,3188938.0,154.0,Paleozoic intrusive rocks,intrusive igneous rocks,,75.0,Permian,84.0,Carboniferous,#67A599,251.902,358.9,Paleozoic,subsurface_sediment,subsurface_sample,subsurface
KJ_230721,KJ_230721_F,MNG23,KJ,Khujirt,1,ASI,MNG,2023.0,21-07-23,intraplate,intraplate,faults,faults,subaerial,Spring,S300AA,NNN,,sedimentary,sedimentary,Paleozoic sedimentary rocks,,46.9019233,102.7696788,1637.0,44.6,9.4,0.36,-45.0,13.7,0.52,180.0,0.002,197.99,,0.67,0.03,,,12.094,,0.11,33.097,,0.8437,82.513,0.124,3.382,,3.234,0.325,1.598,9.414,0.009,2.688,3.276,188.495,,29.016,200.89,0.04,,22.826,0.0,0.688,6.852,27.652,81.294,71.069,0.0,,,,0.015,106.423,7.115,0.04,0.103,0.00567,0.043,0.0065,0.001,,,0.0,0.0,0.001,0.0,0.167,0.005,0.007,0.163,0.02,0.095,,,,,,,,,,,,,,,,,,,,,,,,,,,,,,,,,,,,,,,,,,,,,,,,,,,-11.78,,,,,,,,,,,,,,0.0,,,0.008244,0.000827,0.000351,,0.001471,0.023505,1.024074,,,,,,6e-10,0.08,,,122.76,,,,,,,fluid,coevolve,,,,,149.26074439561464,EarthChem,KHAR-4487,whole_rock,"IGNEOUS, PLUTONIC, GRANITE",KHAR-4487,46.86,102.72,6.005018066804107,100.58000000000001,66.62,0.52,16.15,3.09,,,0.05,3.54,3.15,4.2,3.02,,0.24,,,,,42.2,,803.0,,33.3,,1.71,0.8,0.79,20.0,2.17,,0.28,16.0,,0.1,9.96,14.4,21.0,3.85,56.3,,2.8,,462.0,0.95,0.34,5.32,,,0.58,,7.75,0.58,79.5,3190554.0,154.0,Paleozoic sedimentary rocks,sedimentary rocks,,75.0,Permian,94.0,Devonian,#99C08D,251.902,419.2,Paleozoic,subsurface_fluid,subsurface_sample,subsurface
KJ_230721,KJ_230721_S,MNG23,KJ,Khujirt,1,ASI,MNG,2023.0,21-07-23,intraplate,intraplate,faults,faults,subaerial,Spring,S300AA,NNN,,sedimentary,sedimentary,Paleozoic sedimentary rocks,,46.9019233,102.7696788,1637.0,44.6,9.4,0.36,-45.0,13.7,0.52,180.0,0.002,197.99,,0.67,0.03,,,12.094,,0.11,33.097,,0.8437,82.513,0.124,3.382,,3.234,0.325,1.598,9.414,0.009,2.688,3.276,188.495,,29.016,200.89,0.04,,22.826,0.0,0.688,6.852,27.652,81.294,71.069,0.0,,,,0.015,106.423,7.115,0.04,0.103,0.00567,0.043,0.0065,0.001,,,0.0,0.0,0.001,0.0,0.167,0.005,0.007,0.163,0.02,0.095,,,,,,,,,,,,,,,,,,,,,,,,,,,,,,,,,,,,,,,,,,,,,,,,,,,-11.78,,,,,,,,,,,,,,0.0,,,0.008244,0.000827,0.000351,,0.001471,0.023505,1.024074,,,,,,6e-10,0.08,,,122.76,,,,,,,sediment,coevolve,,,,,149.26074439561464,EarthChem,KHAR-4487,whole_rock,"IGNEOUS, PLUTONIC, GRANITE",KHAR-4487,46.86,102.72,6.005018066804107,100.58000000000001,66.62,0.52,16.15,3.09,,,0.05,3.54,3.15,4.2,3.02,,0.24,,,,,42.2,,803.0,,33.3,,1.71,0.8,0.79,20.0,2.17,,0.28,16.0,,0.1,9.96,14.4,21.0,3.85,56.3,,2.8,,462.0,0.95,0.34,5.32,,,0.58,,7.75,0.58,79.5,3190554.0,154.0,Paleozoic sedimentary rocks,sedimentary rocks,,75.0,Permian,94.0,Devonian,#99C08D,251.902,419.2,Paleozoic,subsurface_sediment,subsurface_sample,subsurface
VTS_240827,VTS_240827_F4,NMX24,VTS,Valles Tony's Spring,4,NAM,USA,2024.0,2024-08-27,intraplate,divergent,rift continental,continental rift,subaerial,Spring,M442DB,NNN,,,,,,35.90775,-106.615838,2465.0,60.1,1.37,10.77,14.6,44.0,2.09,5387.0,0.59,0.0,260.0,1.88,53.0,,,,,,,,,1.741,30.129,17.247,3.442,3.657,,,,,,,,,,,,,,,,,,,,,,,,,,,,,,,,,,,,,,,,,,,,,,,,,,,,,,,,,,,,,,,,,,,,,,,,,,,,,,,,,,,,,,,,,,,,,,,,,,,,,,,,,,,,,0.0,,,,,,,,,,,,,,,3.51e-05,5.17,5.17,4762.0,1242.0,,,,,,,fluid,coevolve,,,,,,,,,,,,,,,,,,,,,,,,,,,,,,,,,,,,,,,,,,,,,,,,,,,,,,,,,,,,,,,,,,,954291.0,7.0,Quaternary volcanic: felsic rocks,volcanic: felsic rocks,,421.0,Quaternary,421.0,Quaternary,#F9F97F,0.0,2.588,Cenozoic,subsurface_fluid,subsurface_sample,subsurface
VTS_240827,VTS_240827_S4,NMX24,VTS,Valles Tony's Spring,4,NAM,USA,2024.0,2024-08-27,intraplate,divergent,rift continental,continental rift,subaerial,Spring,M442DB,NNN,,,,,,35.90775,-106.615838,2465.0,60.1,1.37,10.77,14.6,44.0,2.09,5387.0,0.59,0.0,260.0,1.88,53.0,,,,,,,,,1.741,30.129,17.247,3.442,3.657,,,,,,,,,,,,,,,,,,,,,,,,,,,,,,,,,,,,,,,,,,,,,,,,,,,,,,,,,,,,,,,,,,,,,,,,,,,,,,,,,,,,,,,,,,,,,,,,,,,,,,,,,,,,,0.0,,,,,,,,,,,,,,,3.51e-05,5.17,5.17,4762.0,1242.0,,,,,,,sediment,coevolve,,,,,,,,,,,,,,,,,,,,,,,,,,,,,,,,,,,,,,,,,,,,,,,,,,,,,,,,,,,,,,,,,,,954291.0,7.0,Quaternary volcanic: felsic rocks,volcanic: felsic rocks,,421.0,Quaternary,421.0,Quaternary,#F9F97F,0.0,2.588,Cenozoic,subsurface_sediment,subsurface_sample,subsurface
VMB_240827,VMB_240827_F3,NMX24,VMB,Valles Men Bath house,3,NAM,USA,2024.0,2024-08-27,intraplate,divergent,rift continental,continental rift,subaerial,Well,M542DB,NNN,,,,,,35.9068773,-106.6161544,2494.0,87.7,1.44,10.8,27.5,47.4,2.37,5404.0,0.6,0.0,480.0,0.72,291.0,,,,,,,,,57.127,69.207,74.904,25.931,142.06,,,,,,,,,,,,,,,,,,,,,,,,,,,,,,,,,,,,,,,,,,,,,,,,,,,,,,,,,,,,,,,,,,,,,,,,,,,,,,,,,,,,,,,,,,,,,,,,,,,,,,,,,,,,,0.0,,,,,,,,,,,,,,,1.54e-05,5.59,5.59,2437.0,635.0,,,,,,,fluid,coevolve,,,,,,,,,,,,,,,,,,,,,,,,,,,,,,,,,,,,,,,,,,,,,,,,,,,,,,,,,,,,,,,,,,,954291.0,7.0,Quaternary volcanic: felsic rocks,volcanic: felsic rocks,,421.0,Quaternary,421.0,Quaternary,#F9F97F,0.0,2.588,Cenozoic,subsurface_fluid,subsurface_sample,subsurface
VMB_240827,VMB_240827_S3,NMX24,VMB,Valles Men Bath house,3,NAM,USA,2024.0,2024-08-27,intraplate,divergent,rift continental,continental rift,subaerial,Well,M542DB,NNN,,,,,,35.9068773,-106.6161544,2494.0,87.7,1.44,10.8,27.5,47.4,2.37,5404.0,0.6,0.0,480.0,0.72,291.0,,,,,,,,,57.127,69.207,74.904,25.931,142.06,,,,,,,,,,,,,,,,,,,,,,,,,,,,,,,,,,,,,,,,,,,,,,,,,,,,,,,,,,,,,,,,,,,,,,,,,,,,,,,,,,,,,,,,,,,,,,,,,,,,,,,,,,,,,0.0,,,,,,,,,,,,,,,1.54e-05,5.59,5.59,2437.0,635.0,,,,,,,sediment,coevolve,,,,,,,,,,,,,,,,,,,,,,,,,,,,,,,,,,,,,,,,,,,,,,,,,,,,,,,,,,,,,,,,,,,954291.0,7.0,Quaternary volcanic: felsic rocks,volcanic: felsic rocks,,421.0,Quaternary,421.0,Quaternary,#F9F97F,0.0,2.588,Cenozoic,subsurface_sediment,subsurface_sample,subsurface
PDL_240829,PDL_240829_F7,NMX24,PDL,Ponce De Leo,7,NAM,USA,2024.0,2024-08-29,intraplate,divergent,rift continental,continental rift,subaerial,Spring,S220AA,NNN,,,,,,36.323717,-105.606311,2220.0,34.4,8.69,0.58,8.8,6.5,0.37,290.0,0.03,108.0,54.0,0.0,0.0,,,128.573,3.67,9.495,121.198,12.545,0.291,148.372,,3.815,0.721,19.226,,,,,,,,,,,,,,,,,,,,,,,,,,,,,,,,,,,,,,,,,,,,,,,,,,,,,,,,,,,,,,,,,,,,,,,,,,,,,,,,,,,,,,,,,,,,,,,,,,,,,,,,,,,,,0.0,,,,,,,,,,,,,,,,0.17,0.17,9742.28,2610.93,,,,,,,fluid,coevolve,,,,,92.47970757411845,,,,,,,,,,,,,,,,,,,,,,,,,,,,,,,,,,,,,,,,,,,,,,,,,,,,,,,,,,,,,,2908263.0,133.0,Upper Tertiary sedimentary units,"Major:{siliciclastic}, Minor:{volcanic,unconsolidated}","Original map source: Green, G.N., Jones, G.E., and Anderson, O.J., 1997, The Digital Geologic Map of New Mexico in ARC/INFO Format: U.S. Geological Survey Open-File Report 97-0052, 9 p., scale 1:500,000.",10.0,Pliocene,22.0,Chattian,#F4B470,2.588,28.1,Cenozoic,subsurface_fluid,subsurface_sample,subsurface
PDL_240829,PDL_240829_S7,NMX24,PDL,Ponce De Leo,7,NAM,USA,2024.0,2024-08-29,intraplate,divergent,rift continental,continental rift,subaerial,Spring,S220AA,NNN,,,,,,36.323717,-105.606311,2220.0,34.4,8.69,0.58,8.8,6.5,0.37,290.0,0.03,108.0,54.0,0.0,0.0,,,128.573,3.67,9.495,121.198,12.545,0.291,148.372,,3.815,0.721,19.226,,,,,,,,,,,,,,,,,,,,,,,,,,,,,,,,,,,,,,,,,,,,,,,,,,,,,,,,,,,,,,,,,,,,,,,,,,,,,,,,,,,,,,,,,,,,,,,,,,,,,,,,,,,,,0.0,,,,,,,,,,,,,,,,0.17,0.17,9742.28,2610.93,,,,,,,sediment,coevolve,,,,,92.47970757411845,,,,,,,,,,,,,,,,,,,,,,,,,,,,,,,,,,,,,,,,,,,,,,,,,,,,,,,,,,,,,,2908263.0,133.0,Upper Tertiary sedimentary units,"Major:{siliciclastic}, Minor:{volcanic,unconsolidated}","Original map source: Green, G.N., Jones, G.E., and Anderson, O.J., 1997, The Digital Geologic Map of New Mexico in ARC/INFO Format: U.S. Geological Survey Open-File Report 97-0052, 9 p., scale 1:500,000.",10.0,Pliocene,22.0,Chattian,#F4B470,2.588,28.1,Cenozoic,subsurface_sediment,subsurface_sample,subsurface
PDS_240831,PDS_240831_F10,NMX24,PDS,Pagosa Deep Spring,10,NAM,USA,2024.0,2024-08-31,intraplate,divergent,rift continental,continental rift,subaerial,Spring,S322AA,NNN,,,,,,37.2645032,-107.0107759,2156.0,53.1,6.72,3.33,21.6,5.6,0.27,1666.0,0.17,714.0,59.0,0.32,0.036,,,143.71,0.854,,1529.668,0.61,2.858,780.635,0.819,76.358,28.804,516.27,,,,,,,,,,,,,,,,,,,,,,,,,,,,,,,,,,,,,,,,,,,,,,,,,,,,,,,,,,,,,,,,,,,,,,,,,,,,,,,,,,,,,,,,,,,,,,,,,,,,,,,,,,,,,0.0,,,,,,,,,,,,,,,0.00571,0.08,0.08,9160.0,2389.0,,,,,,,fluid,coevolve,,,,,860.1473479675093,,,,,,,,,,,,,,,,,,,,,,,,,,,,,,,,,,,,,,,,,,,,,,,,,,,,,,,,,,,,,,3185972.0,154.0,Mesozoic sedimentary rocks,sandstone-conglomerate,,58.0,Early Jurassic,64.0,Late Triassic,#5B6FAE,174.1,237.0,Mesozoic,subsurface_fluid,subsurface_sample,subsurface
PDS_240831,PDS_240831_S10,NMX24,PDS,Pagosa Deep Spring,10,NAM,USA,2024.0,2024-08-31,intraplate,divergent,rift continental,continental rift,subaerial,Spring,S322AA,NNN,,,,,,37.2645032,-107.0107759,2156.0,53.1,6.72,3.33,21.6,5.6,0.27,1666.0,0.17,714.0,59.0,0.32,0.036,,,143.71,0.854,,1529.668,0.61,2.858,780.635,0.819,76.358,28.804,516.27,,,,,,,,,,,,,,,,,,,,,,,,,,,,,,,,,,,,,,,,,,,,,,,,,,,,,,,,,,,,,,,,,,,,,,,,,,,,,,,,,,,,,,,,,,,,,,,,,,,,,,,,,,,,,0.0,,,,,,,,,,,,,,,0.00571,0.08,0.08,9160.0,2389.0,,,,,,,sediment,coevolve,,,,,860.1473479675093,,,,,,,,,,,,,,,,,,,,,,,,,,,,,,,,,,,,,,,,,,,,,,,,,,,,,,,,,,,,,,3185972.0,154.0,Mesozoic sedimentary rocks,sandstone-conglomerate,,58.0,Early Jurassic,64.0,Late Triassic,#5B6FAE,174.1,237.0,Mesozoic,subsurface_sediment,subsurface_sample,subsurface
SDS_240826,SDS_240826_F2,NMX24,SDS,Soda Dam Spring,2,NAM,USA,2024.0,2024-08-26,intraplate,divergent,rift continental,continental rift,subaerial,Spring,S322AA,MTP,,,,,,35.7921073,-106.6867023,1954.0,47.7,6.42,5.14,1.7,,,2569.0,0.27,1314.0,44.0,0.13,0.061,,,1553.822,4.962,0.628,33.789,,,1042.973,,185.08,26.354,439.345,,,,,,,,,,,,,,,,,,,,,,,,,,,,,,,,,,,,,,,,,,,,,,,,,,,,,,,,,,,,,,,,,,,,,,,,,,,,,,,,,,,,,,,,,,,,,,,,,,,,,,,,,,,,,0.0,,,,,,,,,,,,,,,3.51e-07,0.58,0.56,30.0,8.0,,,,,,,fluid,coevolve,,,,,2006.6086284097946,,,,,,,,,,,,,,,,,,,,,,,,,,,,,,,,,,,,,,,,,,,,,,,,,,,,,,,,,,,,,,3190195.0,154.0,Cenozoic volcanic rocks,felsic volcanic rocks,,421.0,Quaternary,421.0,Quaternary,#F9F97F,0.0,2.588,Cenozoic,subsurface_fluid,subsurface_sample,subsurface
SDS_240826,SDS_240826_S2,NMX24,SDS,Soda Dam Spring,2,NAM,USA,2024.0,2024-08-26,intraplate,divergent,rift continental,continental rift,subaerial,Spring,S322AA,MTP,,,,,,35.7921073,-106.6867023,1954.0,47.7,6.42,5.14,1.7,,,2569.0,0.27,1314.0,44.0,0.13,0.061,,,1553.822,4.962,0.628,33.789,,,1042.973,,185.08,26.354,439.345,,,,,,,,,,,,,,,,,,,,,,,,,,,,,,,,,,,,,,,,,,,,,,,,,,,,,,,,,,,,,,,,,,,,,,,,,,,,,,,,,,,,,,,,,,,,,,,,,,,,,,,,,,,,,0.0,,,,,,,,,,,,,,,3.51e-07,0.58,0.56,30.0,8.0,,,,,,,sediment,coevolve,,,,,2006.6086284097946,,,,,,,,,,,,,,,,,,,,,,,,,,,,,,,,,,,,,,,,,,,,,,,,,,,,,,,,,,,,,,3190195.0,154.0,Cenozoic volcanic rocks,felsic volcanic rocks,,421.0,Quaternary,421.0,Quaternary,#F9F97F,0.0,2.588,Cenozoic,subsurface_sediment,subsurface_sample,subsurface
LMR_240831,LMR_240831_F9,NMX24,LMR,La Madera River Spring,9,NAM,USA,2024.0,2024-08-31,intraplate,divergent,rift continental,continental rift,subaerial,Spring,S000AA,NNN,,,,,,36.3529895,-106.0449094,1948.0,13.6,9.06,1.09,32.0,19.8,1.73,595.0,0.06,561.0,13.0,0.005,0.002,,,98.94,0.545,1.073,228.569,,0.397,186.03,,15.485,69.65,89.22,,,,,,,,,,,,,,,,,,,,,,,,,,,,,,,,,,,,,,,,,,,,,,,,,,,,,,,,,,,,,,,,,,,,,,,,,,,,,,,,,,,,,,,,,,,,,,,,,,,,,,,,,,,,,0.0,,,,,,,,,,,,,,,,,,,,,,,,,,fluid,coevolve,,,,,475.4586358702386,,,,,,,,,,,,,,,,,,,,,,,,,,,,,,,,,,,,,,,,,,,,,,,,,,,,,,,,,,,,,,2723005.0,133.0,Los Pinos Formation of Lower Santa Fe Group,"Major:{coarse alluvium,conglomerate}","Original map source: Green, G.N., Jones, G.E., and Anderson, O.J., 1997, The Digital Geologic Map of New Mexico in ARC/INFO Format: U.S. Geological Survey Open-File Report 97-0052, 9 p., scale 1:500,000.",13.0,Miocene,22.0,Chattian,#F4B470,5.333,28.1,Cenozoic,subsurface_fluid,subsurface_sample,subsurface
LMR_240831,LMR_240831_S9,NMX24,LMR,La Madera River Spring,9,NAM,USA,2024.0,2024-08-31,intraplate,divergent,rift continental,continental rift,subaerial,Spring,S000AA,NNN,,,,,,36.3529895,-106.0449094,1948.0,13.6,9.06,1.09,32.0,19.8,1.73,595.0,0.06,561.0,13.0,0.005,0.002,,,98.94,0.545,1.073,228.569,,0.397,186.03,,15.485,69.65,89.22,,,,,,,,,,,,,,,,,,,,,,,,,,,,,,,,,,,,,,,,,,,,,,,,,,,,,,,,,,,,,,,,,,,,,,,,,,,,,,,,,,,,,,,,,,,,,,,,,,,,,,,,,,,,,0.0,,,,,,,,,,,,,,,,,,,,,,,,,,sediment,coevolve,,,,,475.4586358702386,,,,,,,,,,,,,,,,,,,,,,,,,,,,,,,,,,,,,,,,,,,,,,,,,,,,,,,,,,,,,,2723005.0,133.0,Los Pinos Formation of Lower Santa Fe Group,"Major:{coarse alluvium,conglomerate}","Original map source: Green, G.N., Jones, G.E., and Anderson, O.J., 1997, The Digital Geologic Map of New Mexico in ARC/INFO Format: U.S. Geological Survey Open-File Report 97-0052, 9 p., scale 1:500,000.",13.0,Miocene,22.0,Chattian,#F4B470,5.333,28.1,Cenozoic,subsurface_sediment,subsurface_sample,subsurface
FRH_240905,FRH_240905_F17,NMX24,FRH,Frisco River Hot Spring,17,NAM,USA,2024.0,2024-09-05,intraplate,divergent,rift continental,continental rift,subaerial,Spring,,NNN,,,,,,33.2373,-108.88085,1399.0,39.21,7.6,0.89,21.0,12.5,0.71,444.0,0.04,144.0,65.0,0.007,0.019,,,281.846,0.141,1.525,31.409,,0.31,189.481,,9.939,7.988,56.997,,,,,,,,,,,,,,,,,,,,,,,,,,,,,,,,,,,,,,,,,,,,,,,,,,,,,,,,,,,,,,,,,,,,,,,,,,,,,,,,,,,,,,,,,,,,,,,,,,,,,,,,,,,,,0.0,,,,,,,,,,,,,,,0.000127,0.32,0.32,104.0,27.0,,,,,,,fluid,coevolve,,,,,132.56628837408377,,,,,,,,,,,,,,,,,,,,,,,,,,,,,,,,,,,,,,,,,,,,,,,,,,,,,,,,,,,,,,3185380.0,154.0,Cenozoic sedimentary rocks,sedimentary rocks,,421.0,Quaternary,13.0,Miocene,#F2F91D,0.0,23.03,Cenozoic,subsurface_fluid,subsurface_sample,subsurface
FRH_240905,FRH_240905_S17,NMX24,FRH,Frisco River Hot Spring,17,NAM,USA,2024.0,2024-09-05,intraplate,divergent,rift continental,continental rift,subaerial,Spring,,NNN,,,,,,33.2373,-108.88085,1399.0,39.21,7.6,0.89,21.0,12.5,0.71,444.0,0.04,144.0,65.0,0.007,0.019,,,281.846,0.141,1.525,31.409,,0.31,189.481,,9.939,7.988,56.997,,,,,,,,,,,,,,,,,,,,,,,,,,,,,,,,,,,,,,,,,,,,,,,,,,,,,,,,,,,,,,,,,,,,,,,,,,,,,,,,,,,,,,,,,,,,,,,,,,,,,,,,,,,,,0.0,,,,,,,,,,,,,,,0.000127,0.32,0.32,104.0,27.0,,,,,,,sediment,coevolve,,,,,132.56628837408377,,,,,,,,,,,,,,,,,,,,,,,,,,,,,,,,,,,,,,,,,,,,,,,,,,,,,,,,,,,,,,3185380.0,154.0,Cenozoic sedimentary rocks,sedimentary rocks,,421.0,Quaternary,13.0,Miocene,#F2F91D,0.0,23.03,Cenozoic,subsurface_sediment,subsurface_sample,subsurface
SDL_240902,SDL_240902_F12,NMX24,SDL,Sedillo Spring,12,NAM,USA,2024.0,2024-09-02,intraplate,divergent,rift continental,continental rift,subaerial,Spring,S200BA,NNN,,,,,,34.038008,-106.9369844,1514.0,31.98,7.85,0.26,20.3,17.9,1.14,131.0,0.01,180.0,30.0,0.0,0.022,,,10.355,,1.877,29.277,,,53.525,,2.759,4.992,36.601,,,,,,,,,,,,,,,,,,,,,,,,,,,,,,,,,,,,,,,,,,,,,,,,,,,,,,,,,,,,,,,,,,,,,,,,,,,,,,,,,,,,,,,,,,,,,,,,,,,,,,,,,,,,,0.0,,,,,,,,,,,,,,,,0.93,1.66,0.9,0.24,,,,,,,fluid,coevolve,,,,,162.2697463039633,,,,,,,,,,,,,,,,,,,,,,,,,,,,,,,,,,,,,,,,,,,,,,,,,,,,,,,,,,,,,,3192320.0,154.0,Cenozoic volcanic rocks,volcanic rocks,,10.0,Pliocene,10.0,Pliocene,#FFFF99,2.588,5.333,Pliocene,subsurface_fluid,subsurface_sample,subsurface
SDL_240902,SDL_240902_S12,NMX24,SDL,Sedillo Spring,12,NAM,USA,2024.0,2024-09-02,intraplate,divergent,rift continental,continental rift,subaerial,Spring,S200BA,NNN,,,,,,34.038008,-106.9369844,1514.0,31.98,7.85,0.26,20.3,17.9,1.14,131.0,0.01,180.0,30.0,0.0,0.022,,,10.355,,1.877,29.277,,,53.525,,2.759,4.992,36.601,,,,,,,,,,,,,,,,,,,,,,,,,,,,,,,,,,,,,,,,,,,,,,,,,,,,,,,,,,,,,,,,,,,,,,,,,,,,,,,,,,,,,,,,,,,,,,,,,,,,,,,,,,,,,0.0,,,,,,,,,,,,,,,,0.93,1.66,0.9,0.24,,,,,,,sediment,coevolve,,,,,162.2697463039633,,,,,,,,,,,,,,,,,,,,,,,,,,,,,,,,,,,,,,,,,,,,,,,,,,,,,,,,,,,,,,3192320.0,154.0,Cenozoic volcanic rocks,volcanic rocks,,10.0,Pliocene,10.0,Pliocene,#FFFF99,2.588,5.333,Pliocene,subsurface_sediment,subsurface_sample,subsurface
MTZ_240828,MTZ_240828_F6,NMX24,MTZ,Montezuma Spring,6,NAM,USA,2024.0,2024-08-28,intraplate,divergent,rift continental,continental rift,subaerial,Spring,S300AA,NNN,,,,,,35.654485,-105.28467,2056.0,47.03,8.98,0.68,5.0,29.1,1.35,338.0,0.03,100.0,71.0,0.0,0.009,,0.19,153.755,0.799,0.071,39.73,,0.4,175.998,,5.701,,11.341,,,,,,,,,,,,,,,,,,,,,,,,,,,,,,,,,,,,,,,,,,,,,,,,,,,,,,,,,,,,,,,,,,,,,,,,,,,,,,,,,,,,,,,,,,,,,,,,,,,,,,,,,,,,,0.0,,,,,,,,,,,,,,,,,,,,,,,,,,fluid,coevolve,,,,,81.3873687594466,,,,,,,,,,,,,,,,,,,,,,,,,,,,,,,,,,,,,,,,,,,,,,,,,,,,,,,,,,,,,,3191821.0,154.0,Mesozoic sedimentary rocks,sedimentary rocks,,63.0,Triassic,63.0,Triassic,#812B92,201.3,251.902,Mesozoic,subsurface_fluid,subsurface_sample,subsurface
GLR_240904,GLR_240904_F16,NMX24,GLR,Gila River Spring,16,NAM,USA,2024.0,2024-09-04,intraplate,divergent,rift continental,continental rift,subaerial,Spring,S420AA,NNN,,,,,,33.233542,-108.235353,1943.0,65.1,7.69,0.63,16.5,6.0,0.26,315.0,0.03,156.0,71.0,0.0,0.062,,,103.043,,1.009,77.363,,0.38,149.39,,3.159,,32.304,,,,,,,,,,,,,,,,,,,,,,,,,,,,,,,,,,,,,,,,,,,,,,,,,,,,,,,,,,,,,,,,,,,,,,,,,,,,,,,,,,,,,,,,,,,,,,,,,,,,,,,,,,,,,0.0,,,,,,,,,,,,,,,0.000882,0.09,0.09,3125.0,815.0,,,,,,,fluid,coevolve,,,,,142.1141905989193,,,,,,,,,,,,,,,,,,,,,,,,,,,,,,,,,,,,,,,,,,,,,,,,,,,,,,,,,,,,,,2958744.0,133.0,Upper middle Tertiary basaltic andesites and andesites of the Mogollon Group,"Major:{basaltic andesite,andesite}","Original map source: Green, G.N., Jones, G.E., and Anderson, O.J., 1997, The Digital Geologic Map of New Mexico in ARC/INFO Format: U.S. Geological Survey Open-File Report 97-0052, 9 p., scale 1:500,000.",19.0,Aquitanian,22.0,Chattian,#FEE9B2,20.44,28.1,Cenozoic,subsurface_fluid,subsurface_sample,subsurface
GLR_240904,GLR_240904_S16,NMX24,GLR,Gila River Spring,16,NAM,USA,2024.0,2024-09-04,intraplate,divergent,rift continental,continental rift,subaerial,Spring,S420AA,NNN,,,,,,33.233542,-108.235353,1943.0,65.1,7.69,0.63,16.5,6.0,0.26,315.0,0.03,156.0,71.0,0.0,0.062,,,103.043,,1.009,77.363,,0.38,149.39,,3.159,,32.304,,,,,,,,,,,,,,,,,,,,,,,,,,,,,,,,,,,,,,,,,,,,,,,,,,,,,,,,,,,,,,,,,,,,,,,,,,,,,,,,,,,,,,,,,,,,,,,,,,,,,,,,,,,,,0.0,,,,,,,,,,,,,,,0.000882,0.09,0.09,3125.0,815.0,,,,,,,sediment,coevolve,,,,,142.1141905989193,,,,,,,,,,,,,,,,,,,,,,,,,,,,,,,,,,,,,,,,,,,,,,,,,,,,,,,,,,,,,,2958744.0,133.0,Upper middle Tertiary basaltic andesites and andesites of the Mogollon Group,"Major:{basaltic andesite,andesite}","Original map source: Green, G.N., Jones, G.E., and Anderson, O.J., 1997, The Digital Geologic Map of New Mexico in ARC/INFO Format: U.S. Geological Survey Open-File Report 97-0052, 9 p., scale 1:500,000.",19.0,Aquitanian,22.0,Chattian,#FEE9B2,20.44,28.1,Cenozoic,subsurface_sediment,subsurface_sample,subsurface
PJS_240828,PJS_240828_F5,NMX24,PJS,Pajarito Spring,5,NAM,USA,2024.0,2024-08-28,intraplate,divergent,rift continental,continental rift,subaerial,Spring,S100BC,NNN,,,,,,35.805478,-106.197104,1748.0,18.84,6.82,0.16,34.5,34.8,2.77,78.0,0.01,132.0,66.0,0.0,0.0,,,6.801,0.11,4.185,10.041,,,12.973,,2.05,6.874,38.573,,,,,,,,,,,,,,,,,,,,,,,,,,,,,,,,,,,,,,,,,,,,,,,,,,,,,,,,,,,,,,,,,,,,,,,,,,,,,,,,,,,,,,,,,,,,,,,,,,,,,,,,,,,,,0.0,,,,,,,,,,,,,,,,0.69,3.02,0.87,0.23,,,,,,,fluid,coevolve,,,,,159.16735621222833,,,,,,,,,,,,,,,,,,,,,,,,,,,,,,,,,,,,,,,,,,,,,,,,,,,,,,,,,,,,,,2794594.0,133.0,Basaltic to andesitic lava flows,"Major:{basalt,andesite}","Original map source: Green, G.N., Jones, G.E., and Anderson, O.J., 1997, The Digital Geologic Map of New Mexico in ARC/INFO Format: U.S. Geological Survey Open-File Report 97-0052, 9 p., scale 1:500,000.",10.0,Pliocene,10.0,Pliocene,#FFFF99,2.588,5.333,Pliocene,subsurface_fluid,subsurface_sample,subsurface
PJS_240828,PJS_240828_S5,NMX24,PJS,Pajarito Spring,5,NAM,USA,2024.0,2024-08-28,intraplate,divergent,rift continental,continental rift,subaerial,Spring,S100BC,NNN,,,,,,35.805478,-106.197104,1748.0,18.84,6.82,0.16,34.5,34.8,2.77,78.0,0.01,132.0,66.0,0.0,0.0,,,6.801,0.11,4.185,10.041,,,12.973,,2.05,6.874,38.573,,,,,,,,,,,,,,,,,,,,,,,,,,,,,,,,,,,,,,,,,,,,,,,,,,,,,,,,,,,,,,,,,,,,,,,,,,,,,,,,,,,,,,,,,,,,,,,,,,,,,,,,,,,,,0.0,,,,,,,,,,,,,,,,0.69,3.02,0.87,0.23,,,,,,,sediment,coevolve,,,,,159.16735621222833,,,,,,,,,,,,,,,,,,,,,,,,,,,,,,,,,,,,,,,,,,,,,,,,,,,,,,,,,,,,,,2794594.0,133.0,Basaltic to andesitic lava flows,"Major:{basalt,andesite}","Original map source: Green, G.N., Jones, G.E., and Anderson, O.J., 1997, The Digital Geologic Map of New Mexico in ARC/INFO Format: U.S. Geological Survey Open-File Report 97-0052, 9 p., scale 1:500,000.",10.0,Pliocene,10.0,Pliocene,#FFFF99,2.588,5.333,Pliocene,subsurface_sediment,subsurface_sample,subsurface
TAW_240826,TAW_240826_F1,NMX24,TAW,Tierra Amarilla West,1,NAM,USA,2024.0,2024-08-26,intraplate,divergent,rift continental,continental rift,subaerial,Spring,S220BA,NNN,,,,,,35.5368513,-106.8477846,1685.0,24.55,6.5,9.99,20.5,26.0,1.8,4995.0,0.56,1548.0,18.0,0.0,0.029,,,2320.791,4.476,2.171,2603.28,,6.669,2868.645,,88.842,102.96,609.18,,,,,,,,,,,,,,,,,,,,,,,,,,,,,,,,,,,,,,,,,,,,,,,,,,,,,,,,,,,,,,,,,,,,,,,,,,,,,,,,,,,,,,,,,,,,,,,,,,,,,,,,,,,,,0.0,,,,,,,,,,,,,,,,,,,,,,,,,,fluid,coevolve,,,,,2332.6428758729094,,,,,,,,,,,,,,,,,,,,,,,,,,,,,,,,,,,,,,,,,,,,,,,,,,,,,,,,,,,,,,3185972.0,154.0,Mesozoic sedimentary rocks,sandstone-conglomerate,,58.0,Early Jurassic,64.0,Late Triassic,#5B6FAE,174.1,237.0,Mesozoic,subsurface_fluid,subsurface_sample,subsurface
BRH_240830,BRH_240830_F8,NMX24,BRH,Black Rock Hot Spring,8,NAM,USA,2024.0,2024-08-30,intraplate,divergent,rift continental,continental rift,subaerial,Spring,S300BB,GTP,,,,,,36.530719,-105.712175,1978.0,40.1,7.73,0.63,12.7,48.6,2.62,313.0,0.03,188.0,68.0,0.0,0.009,,,51.575,,1.723,153.628,,,145.69,,11.729,6.638,40.021,,,,,,,,,,,,,,,,,,,,,,,,,,,,,,,,,,,,,,,,,,,,,,,,,,,,,,,,,,,,,,,,,,,,,,,,,,,,,,,,,,,,,,,,,,,,,,,,,,,,,,,,,,,,,0.0,,,,,,,,,,,,,,,,0.3,0.3,1987.35,532.61,,,,,,,fluid,coevolve,,,,,170.76838040401762,,,,,,,,,,,,,,,,,,,,,,,,,,,,,,,,,,,,,,,,,,,,,,,,,,,,,,,,,,,,,,3187357.0,154.0,Cenozoic volcanic rocks,volcanic rocks,,10.0,Pliocene,10.0,Pliocene,#FFFF99,2.588,5.333,Pliocene,subsurface_fluid,subsurface_sample,subsurface
BRH_240830,BRH_240830_S8,NMX24,BRH,Black Rock Hot Spring,8,NAM,USA,2024.0,2024-08-30,intraplate,divergent,rift continental,continental rift,subaerial,Spring,S300BB,GTP,,,,,,36.530719,-105.712175,1978.0,40.1,7.73,0.63,12.7,48.6,2.62,313.0,0.03,188.0,68.0,0.0,0.009,,,51.575,,1.723,153.628,,,145.69,,11.729,6.638,40.021,,,,,,,,,,,,,,,,,,,,,,,,,,,,,,,,,,,,,,,,,,,,,,,,,,,,,,,,,,,,,,,,,,,,,,,,,,,,,,,,,,,,,,,,,,,,,,,,,,,,,,,,,,,,,0.0,,,,,,,,,,,,,,,,0.3,0.3,1987.35,532.61,,,,,,,sediment,coevolve,,,,,170.76838040401762,,,,,,,,,,,,,,,,,,,,,,,,,,,,,,,,,,,,,,,,,,,,,,,,,,,,,,,,,,,,,,3187357.0,154.0,Cenozoic volcanic rocks,volcanic rocks,,10.0,Pliocene,10.0,Pliocene,#FFFF99,2.588,5.333,Pliocene,subsurface_sediment,subsurface_sample,subsurface
FYW_240903,FYW_240903_F15,NMX24,FYW,Faywood Hot Spring,15,NAM,USA,2024.0,2024-09-03,intraplate,divergent,rift continental,continental rift,subaerial,Spring,W300AA,NNN,,,,,,32.554785,-107.994886,1759.0,56.8,7.27,0.49,13.5,10.4,0.51,247.0,0.02,278.0,36.0,0.0,0.026,,,13.861,,0.191,50.237,,0.145,85.968,,7.989,8.592,69.078,,,,,,,,,,,,,,,,,,,,,,,,,,,,,,,,,,,,,,,,,,,,,,,,,,,,,,,,,,,,,,,,,,,,,,,,,,,,,,,,,,,,,,,,,,,,,,,,,,,,,,,,,,,,,0.0,,,,,,,,,,,,,,,,0.23,0.23,264.08,70.77,,,,,,,fluid,coevolve,,,,,269.7971269939268,,,,,,,,,,,,,,,,,,,,,,,,,,,,,,,,,,,,,,,,,,,,,,,,,,,,,,,,,,,,,,2777190.0,133.0,"Gila Group, Formation, or Conglomerate","Major:{conglomerate sandstone,volcanic}","Original map source: Green, G.N., Jones, G.E., and Anderson, O.J., 1997, The Digital Geologic Map of New Mexico in ARC/INFO Format: U.S. Geological Survey Open-File Report 97-0052, 9 p., scale 1:500,000.",502.0,Middle Pleistocene,22.0,Chattian,#F9F97F,2.841,4.0333,Pliocene,subsurface_fluid,subsurface_sample,subsurface
MSS_240906,MSS_240906_F18,NMX24,MSS,Mangas Swamp Spring,18,NAM,USA,2024.0,2024-09-06,intraplate,divergent,rift continental,continental rift,subaerial,Spring,S100AA,NNN,,,,,,34.150869,-108.321421,2232.0,17.2,8.38,0.22,17.4,12.1,0.95,110.0,0.01,201.0,42.0,0.002,0.043,,,4.72,,,5.258,,,27.535,,2.65,13.374,54.163,,,,,,,,,,,,,,,,,,,,,,,,,,,,,,,,,,,,,,,,,,,,,,,,,,,,,,,,,,,,,,,,,,,,,,,,,,,,,,,,,,,,,,,,,,,,,,,,,,,,,,,,,,,,,0.0,,,,,,,,,,,,,,,,1.07,0.5,0.87,0.23,,,,,,,fluid,coevolve,,,,,176.89359746553922,,,,,,,,,,,,,,,,,,,,,,,,,,,,,,,,,,,,,,,,,,,,,,,,,,,,,,,,,,,,,,963649.0,7.0,Neogene sedimentary,sedimentary,,2.0,Neogene,2.0,Neogene,#FFFF00,2.588,23.03,Neogene,subsurface_fluid,subsurface_sample,subsurface
RSW_240903,RSW_240903_F14,NMX24,RSW,Radium Spring Well,14,NAM,USA,2024.0,2024-09-03,intraplate,divergent,rift continental,continental rift,subaerial,Well,W300AA,NNN,,,,,,32.500988,-106.925562,1245.0,50.1,6.12,4.85,20.2,5.3,0.29,2426.0,0.25,368.0,61.0,0.005,0.35,,,1648.472,1.077,,266.895,,1.238,1164.87,,159.172,16.646,337.988,,,,,,,,,,,,,,,,,,,,,,,,,,,,,,,,,,,,,,,,,,,,,,,,,,,,,,,,,,,,,,,,,,,,,,,,,,,,,,,,,,,,,,,,,,,,,,,,,,,,,,,,,,,,,0.0,,,,,,,,,,,,,,,,0.27,0.27,11003.42,2948.92,,,,,,,fluid,coevolve,,,,,799.311303152805,,,,,,,,,,,,,,,,,,,,,,,,,,,,,,,,,,,,,,,,,,,,,,,,,,,,,,,,,,,,,,954119.0,7.0,Neogene sedimentary,sedimentary,,2.0,Neogene,2.0,Neogene,#FFFF00,2.588,23.03,Neogene,subsurface_fluid,subsurface_sample,subsurface
JJH_240901,JJH_240901_F11,NMX24,JJH,Joyful Journey Hot Spring,11,NAM,USA,2024.0,2024-09-01,intraplate,divergent,rift continental,continental rift,subaerial,Spring,W300AA,NNN,,,,,,38.1683729,-105.4259426,2324.0,46.85,7.45,0.77,18.5,10.2,0.46,384.0,0.04,324.0,43.0,0.0,0.024,,,33.623,0.227,,170.729,,0.324,145.695,,12.894,16.218,118.51,,,,,,,,,,,,,,,,,,,,,,,,,,,,,,,,,,,,,,,,,,,,,,,,,,,,,,,,,,,,,,,,,,,,,,,,,,,,,,,,,,,,,,,,,,,,,,,,,,,,,,,,,,,,,0.0,,,,,,,,,,,,,,,,0.79,0.78,33.88,9.08,,,,,,,fluid,coevolve,,,,,303.8850276934325,,,,,,,,,,,,,,,,,,,,,,,,,,,,,,,,,,,,,,,,,,,,,,,,,,,,,,,,,,,,,,2722013.0,133.0,"Felsic and hornblendic gneisses, either separate or interlayered","Major:{gneiss}, Minor:{metabasalt,metagraywacke}","Original map source: Green, G.N., 1992, The Digital Geologic Map of Colorado in ARC/INFO Format: U.S. Geological Survey Open-File Report 92-0507, 9 p., scale 1:500,000. Primary reference: Tweto, Ogden, 1979, Geologic Map of Colorado:  U.S. Geological Survey Special Geologic Map, scale 1:500,000.",259.0,Paleoproterozoic,259.0,Paleoproterozoic,#F74370,1600.0,2500.0,Paleoproterozoic,subsurface_fluid,subsurface_sample,subsurface
BST_240902,BST_240902_F13,NMX24,BST,Black Stone Hot Spring,13,NAM,USA,2024.0,2024-09-02,intraplate,divergent,rift continental,continental rift,subaerial,Spring,W300AA,NNN,,,,,,33.127289,-107.25498,1293.0,43.4,6.83,3.64,22.8,12.4,0.66,1822.0,0.19,225.0,53.0,0.0,0.019,,,1354.627,,2.672,85.495,,1.247,810.275,,57.447,19.442,387.383,,,,,,,,,,,,,,,,,,,,,,,,,,,,,,,,,,,,,,,,,,,,,,,,,,,,,,,,,,,,,,,,,,,,,,,,,,,,,,,,,,,,,,,,,,,,,,,,,,,,,,,,,,,,,0.0,,,,,,,,,,,,,,,,0.36,0.36,616.65,165.26,,,,,,,fluid,coevolve,,,,,254.87130147970925,,,,,,,,,,,,,,,,,,,,,,,,,,,,,,,,,,,,,,,,,,,,,,,,,,,,,,,,,,,,,,2871001.0,133.0,Piedmont alluvial deposits,Major:{unconsolidated alluvium},"Original map source: Green, G.N., Jones, G.E., and Anderson, O.J., 1997, The Digital Geologic Map of New Mexico in ARC/INFO Format: U.S. Geological Survey Open-File Report 97-0052, 9 p., scale 1:500,000.",3.0,Holocene,219.0,Gelasian,#F9F97F,0.0,2.588,Cenozoic,subsurface_fluid,subsurface_sample,subsurface
,DRR093002,public_archives,,,,,,,,plate margin,,,,,,,,,,,,,12.93,143.62,-3024.0,2.0,7.7,,,,,,,,,,,,,,,,,,,,,,,,,,,,,,,,,,,,,,,,,,,,,,,,,,,,,,,,,,,,,,,,,,,,,,,,,,,,,,,,,,,,,,,,,,,,,,,,,,,,,,,,,,,,,,,,,,,,,,,,,,,,,,,,,,,,,,,,,,,,,,,,,,,,,,,,,,,,PRJDB5792,10.1111/1462-2920.14032,sediment,public_archives,SAMD00080625,160705-skato-S08_S1,Southern Maria Trough,deep_vent,,EarthChem,160-2,whole_rock,"IGNEOUS,VOLCANIC,INTERMEDIATE,ANDESITE",160-2,13.2367,143.7597,37.15930836677058,97.09,53.7,1.98,13.86,,,11.65,0.24,3.69,7.65,3.77,0.3,,0.25,46.4,33.5,,10.7,396.0,,39.7,,12.02,9.1,5.66,3.47,1.27,18.4,4.97,,1.26,4.31,,0.54,2.56,10.86,1.06,2.07,4.29,33.0,3.66,,157.5,,0.93,0.29,,,0.12,,35.0,3.44,109.0,,,,,,,,,,,,,,subsurface_sediment,subsurface_sample,subsurface
,DRR093003,public_archives,,,,,,,,plate margin,,,,,,,,,,,,,12.93,143.62,-3024.0,2.0,7.7,,,,,,,,,,,,,,,,,,,,,,,,,,,,,,,,,,,,,,,,,,,,,,,,,,,,,,,,,,,,,,,,,,,,,,,,,,,,,,,,,,,,,,,,,,,,,,,,,,,,,,,,,,,,,,,,,,,,,,,,,,,,,,,,,,,,,,,,,,,,,,,,,,,,,,,,,,,,PRJDB5792,10.1111/1462-2920.14032,sediment,public_archives,SAMD00080626,160705-skato-S09_S2,Southern Maria Trough,deep_vent,,EarthChem,160-2,whole_rock,"IGNEOUS,VOLCANIC,INTERMEDIATE,ANDESITE",160-2,13.2367,143.7597,37.15930836677058,97.09,53.7,1.98,13.86,,,11.65,0.24,3.69,7.65,3.77,0.3,,0.25,46.4,33.5,,10.7,396.0,,39.7,,12.02,9.1,5.66,3.47,1.27,18.4,4.97,,1.26,4.31,,0.54,2.56,10.86,1.06,2.07,4.29,33.0,3.66,,157.5,,0.93,0.29,,,0.12,,35.0,3.44,109.0,,,,,,,,,,,,,,subsurface_sediment,subsurface_sample,subsurface
,DRR093004,public_archives,,,,,,,,plate margin,,,,,,,,,,,,,12.93,143.62,-3024.0,2.0,7.7,,,,,,,,,,,,,,,,,,,,,,,,,,,,,,,,,,,,,,,,,,,,,,,,,,,,,,,,,,,,,,,,,,,,,,,,,,,,,,,,,,,,,,,,,,,,,,,,,,,,,,,,,,,,,,,,,,,,,,,,,,,,,,,,,,,,,,,,,,,,,,,,,,,,,,,,,,,,PRJDB5792,10.1111/1462-2920.14032,sediment,public_archives,SAMD00080627,161219skato-S08_S1,Southern Maria Trough,deep_vent,,EarthChem,160-2,whole_rock,"IGNEOUS,VOLCANIC,INTERMEDIATE,ANDESITE",160-2,13.2367,143.7597,37.15930836677058,97.09,53.7,1.98,13.86,,,11.65,0.24,3.69,7.65,3.77,0.3,,0.25,46.4,33.5,,10.7,396.0,,39.7,,12.02,9.1,5.66,3.47,1.27,18.4,4.97,,1.26,4.31,,0.54,2.56,10.86,1.06,2.07,4.29,33.0,3.66,,157.5,,0.93,0.29,,,0.12,,35.0,3.44,109.0,,,,,,,,,,,,,,subsurface_sediment,subsurface_sample,subsurface
,DRR093005,public_archives,,,,,,,,plate margin,,,,,,,,,,,,,12.93,143.62,-3024.0,2.0,7.7,,,,,,,,,,,,,,,,,,,,,,,,,,,,,,,,,,,,,,,,,,,,,,,,,,,,,,,,,,,,,,,,,,,,,,,,,,,,,,,,,,,,,,,,,,,,,,,,,,,,,,,,,,,,,,,,,,,,,,,,,,,,,,,,,,,,,,,,,,,,,,,,,,,,,,,,,,,,PRJDB5792,10.1111/1462-2920.14032,sediment,public_archives,SAMD00080628,161222skato-S09_S1,Southern Maria Trough,deep_vent,,EarthChem,160-2,whole_rock,"IGNEOUS,VOLCANIC,INTERMEDIATE,ANDESITE",160-2,13.2367,143.7597,37.15930836677058,97.09,53.7,1.98,13.86,,,11.65,0.24,3.69,7.65,3.77,0.3,,0.25,46.4,33.5,,10.7,396.0,,39.7,,12.02,9.1,5.66,3.47,1.27,18.4,4.97,,1.26,4.31,,0.54,2.56,10.86,1.06,2.07,4.29,33.0,3.66,,157.5,,0.93,0.29,,,0.12,,35.0,3.44,109.0,,,,,,,,,,,,,,subsurface_sediment,subsurface_sample,subsurface
,DRR163686,public_archives,,,,,,,,plate margin,,,,,,,,,,,,,31.53,130.49,93.5,90.4,4.8,,-192.0,,0.7,,0.01,,,,,,,,,,,,,,,,,,,,,,,,,,,,,,,,,,,,,,,,,,,,,,,,,,,,,,,,,,,,,,,,,,,,,,,,,,,,,,,,,,,,,,,,,,,,,,,,,,,,,,,,,,,,,,,,,,,,,,,,,,,,,,,,,,,,,,,,,,,,,,,,,,,,,,PRJDB7293,10.3389/fbioe.2018.00202,fluid,public_archives,SAMD00155365,"Y1, Yamanoshiro",Kirishima hot springs,hot_spring,,EarthChem,TN62030711,whole_rock,"IGNEOUS,PLIUTONIC,FELSIC,ADAMELLITE",TN62030711,31.5,130.7,20.222742565627083,98.45088790000003,66.9,0.66,15.73,0.59,3.66,4.1908879,0.08,1.52,3.07,2.73,3.45,,0.12,40.0,12.0,,12.0,120.0,,420.0,,,25.0,,,,23.0,,,,,80.0,,,,35.0,,230.0,,,,120.0,,,,,,,,,,,3191225.0,154.0,Mesozoic sedimentary rocks,sedimentary rocks,,33.0,Cretaceous,33.0,Cretaceous,#7FC64E,66.0,145.0,Mesozoic,subsurface_fluid,subsurface_sample,subsurface
,DRR163690,public_archives,,,,,,,,plate margin,,,,,,,,,,,,,31.53,130.5,9.4,88.0,2.9,,303.0,,2.12,,0.1,,,,,,,,,,,,,,,,,,,,,,,,,,,,,,,,,,,,,,,,,,,,,,,,,,,,,,,,,,,,,,,,,,,,,,,,,,,,,,,,,,,,,,,,,,,,,,,,,,,,,,,,,,,,,,,,,,,,,,,,,,,,,,,,,,,,,,,,,,,,,,,,,,,,,,PRJDB7293,10.3389/fbioe.2018.00202,fluid,public_archives,SAMD00155369,"I1, Ioudani",Kirishima hot springs,hot_spring,,EarthChem,TN62030711,whole_rock,"IGNEOUS,PLIUTONIC,FELSIC,ADAMELLITE",TN62030711,31.5,130.7,19.286442094145215,98.45088790000003,66.9,0.66,15.73,0.59,3.66,4.1908879,0.08,1.52,3.07,2.73,3.45,,0.12,40.0,12.0,,12.0,120.0,,420.0,,,25.0,,,,23.0,,,,,80.0,,,,35.0,,230.0,,,,120.0,,,,,,,,,,,3191225.0,154.0,Mesozoic sedimentary rocks,sedimentary rocks,,33.0,Cretaceous,33.0,Cretaceous,#7FC64E,66.0,145.0,Mesozoic,subsurface_fluid,subsurface_sample,subsurface
,DRR163693,public_archives,,,,,,,,plate margin,,,,,,,,,,,,,31.54,130.49,64.3,89.1,2.8,,58.0,,1.9,,0.06,,,,,,,,,,,,,,,,,,,,,,,,,,,,,,,,,,,,,,,,,,,,,,,,,,,,,,,,,,,,,,,,,,,,,,,,,,,,,,,,,,,,,,,,,,,,,,,,,,,,,,,,,,,,,,,,,,,,,,,,,,,,,,,,,,,,,,,,,,,,,,,,,,,,,,PRJDB7293,10.3389/fbioe.2018.00202,fluid,public_archives,SAMD00155372,"N2, Nonoyufunki",Kirishima hot springs,hot_spring,,EarthChem,TN62030711,whole_rock,"IGNEOUS,PLIUTONIC,FELSIC,ADAMELLITE",TN62030711,31.5,130.7,20.433373778940606,98.45088790000003,66.9,0.66,15.73,0.59,3.66,4.1908879,0.08,1.52,3.07,2.73,3.45,,0.12,40.0,12.0,,12.0,120.0,,420.0,,,25.0,,,,23.0,,,,,80.0,,,,35.0,,230.0,,,,120.0,,,,,,,,,,,3191225.0,154.0,Mesozoic sedimentary rocks,sedimentary rocks,,33.0,Cretaceous,33.0,Cretaceous,#7FC64E,66.0,145.0,Mesozoic,subsurface_fluid,subsurface_sample,subsurface
,SRR1556897,public_archives,,,,,,,,intraplate,,,,,,,,,,,,,38.94,-110.14,,17.5,7.6,,,,,11520.0,1.152,,,,,,,,,,,,,,,,,,,,,,,,,,,,,,,,,,,,,,,,,,,,,,,,,,,,,,,,,,,,,,,,,,,,,,,,,,,,,,,,,,,,,,,,,,,,,,,,,,,,,,,,,,,,,,,,,,,,,,,,,,,,,,,,,,,,,,,,,,,,,,,,,,,,,,PRJNA229517,10.1111/1462-2920.12817,fluid,public_archives,SAMN02419148,CG2_0.2A,Crystal Geyser,geyser,,EarthChem,D206323,whole_rock,CALCAREOUS SANDSTONE,D206323,38.93333,-110.08333,4.9689727084144435,45.93962,36.0,0.2,4.5,2.0,,1.79962,,0.48,1.3,0.32,1.3,,0.04,25.0,,,,,,,,,,,,,,,,,,,,,,,,,,,,,,,,,,,,,,,2175724.0,30.0,"Tidwell Member of Morrison Formation and Summerville Formation, undivided",,,53.0,Middle Jurassic,53.0,Middle Jurassic,#34B2C9,157.3,164.15,Jurassic,subsurface_fluid,subsurface_sample,subsurface
,SRR1297186,public_archives,,,,,,,,plate margin,,,,,,,,,,,,,25.2,121.6,306.0,69.0,2.5,1.76,-62.0,,,707.0,0.07,,,52.7,,,,,,,,,,,,,,,,,,,,,,,,,,,,,,,,,,,,,,,,,,,,,,,,,,,,,,,,,,,,,,,,,,,,,,,,,,,,,,,,,,,,,,,,,,,,,,,,,,,,,,,,,,,,,,,,,,,,,,,,,,,,,,,,,,,,,,,,,,,,,,,,,,,PRJNA246126,10.1186/s12864-015-2230-9,fluid,public_archives,SAMN02743532,Shi-Huang-Ping microbes 8 cm,Shi-Huang-Ping hot spring,hot_spring,,EarthChem,KM-6,whole_rock,"IGNEOUS, PLUTONIC, EXOTIC, LAMPROPHYRE",KM-6,25.03,121.67,20.1115537138119,94.43999999999998,52.22,1.36,17.54,,,6.16,0.1,1.69,3.22,7.42,4.73,,,16.0,,,27.5,,,,,,4.0,,,,,,,,,20.0,,,,,,101.0,,,,304.0,,,,,,,,,,,3190736.0,154.0,Cenozoic volcanic rocks,intermediate volcanic rocks,Hoh Xil-South China Domain,421.0,Quaternary,10.0,Pliocene,#F2F91D,0.0,5.333,Cenozoic,subsurface_fluid,subsurface_sample,subsurface
,SRR1297204,public_archives,,,,,,,,plate margin,,,,,,,,,,,,,25.2,121.6,306.0,69.0,2.5,1.76,-62.0,,,707.0,0.07,,,52.7,,,,,,,,,,,,,,,,,,,,,,,,,,,,,,,,,,,,,,,,,,,,,,,,,,,,,,,,,,,,,,,,,,,,,,,,,,,,,,,,,,,,,,,,,,,,,,,,,,,,,,,,,,,,,,,,,,,,,,,,,,,,,,,,,,,,,,,,,,,,,,,,,,,PRJNA246126,10.1186/s12864-015-2230-9,fluid,public_archives,SAMN02786246,Shi-Huang-Ping microbes 0 - 25 cm,Shi-Huang-Ping hot spring,hot_spring,,EarthChem,KM-6,whole_rock,"IGNEOUS, PLUTONIC, EXOTIC, LAMPROPHYRE",KM-6,25.03,121.67,20.1115537138119,94.43999999999998,52.22,1.36,17.54,,,6.16,0.1,1.69,3.22,7.42,4.73,,,16.0,,,27.5,,,,,,4.0,,,,,,,,,20.0,,,,,,101.0,,,,304.0,,,,,,,,,,,3190736.0,154.0,Cenozoic volcanic rocks,intermediate volcanic rocks,Hoh Xil-South China Domain,421.0,Quaternary,10.0,Pliocene,#F2F91D,0.0,5.333,Cenozoic,subsurface_fluid,subsurface_sample,subsurface
,SRR2239652,public_archives,,,,,,,,intraplate,,,,,,,,,,,,,41.86,-8.11,433.0,76.0,8.2,,,,,,,,,,,,,,,,,,,,,,,,,,,,,,,,,,,,,,,,,,,,,,,,,,,,,,,,,,,,,,,,,,,,,,,,,,,,,,,,,,,,,,,,,,,,,,,,,,,,,,,,,,,,,,,,,,,,,,,,,,,,,,,,,,,,,,,,,,,,,,,,,,,,,,,,,,,,PRJNA294671,10.3389/fmicb.2015.01291,fluid,public_archives,SAMN03797534,LLHS,Lobios Hot Spring,hot_spring,,EarthChem,ORV-26,whole_rock,"IGNEOUS, VOLCANIC, FELSIC, RHYOLITE",ORV-26,42.0855,-7.5307,54.15585721556315,98.84943,71.61,0.47,15.52,3.0,,2.69943,0.03,0.64,0.16,2.13,5.43,,0.16,20.0,9.0,,14.0,60.0,48.0,658.0,,46.35,71.0,5.59,3.07,0.8,22.0,4.96,,1.06,22.7,,0.39,12.0,22.38,38.0,5.81,242.0,,4.94,,,0.73,0.87,10.1,,,5.0,,27.0,2.77,85.0,2499206.0,77.0,,other granitoids,Hercynian plutonic rocks,75.0,Permian,94.0,Devonian,#99C08D,251.902,419.2,Paleozoic,subsurface_fluid,subsurface_sample,subsurface
,SRR4453772,public_archives,,,,,,,,plate margin,,,,,,,,,,,,,-21.9892,-176.568,-1876.0,11.0,6.2,,,,,,,,,,,,,,,,,,,,,,,,,,,,,,,,,,,,,,,,,,,,,,,,,,,,,,,,,,,,,,,,,,,,,,,,,,,,,,,,,,,,,,,,,,,,,,,,,,,,,,,,,,,,,,,,,,,,,,,,,,,,,,,,,,,,,,,,,,,,,,,,,,,,,,,,,,,,PRJNA290104,10.3389/fmicb.2015.01425,rock,public_archives,SAMN03859986,2044C,Tu’i Malila vent field,deep_vent,,MORB,BLAU9,whole_rock,BASALT,BLAU9,-21.04,-176.259,109.86701329308278,98.33,53.78,1.61,14.06,,,12.74,0.22,4.19,8.43,2.88,0.25,,0.17,66.0,37.2,0.4,25.0,372.0,100.9,58.1,0.46,8.97,34.0,5.47,3.51,1.12,16.6,4.52,,1.22,2.82,8.1,0.56,1.25,8.81,1.0,1.59,3.88,36.3,3.06,0.76,127.0,0.09,0.81,0.178,1.34,0.042,0.077,0.07,34.5,3.55,78.8,,,,,,,,,,,,,,subsurface_rock,subsurface_sample,subsurface
,SRR3439968,public_archives,,,,,,,,intraplate,,,,,,,,,,,,,25.44,98.44,2524.0,73.8,7.29,,,,,,1.449,,,,,,,,,,,,,,,,,,,,,,,,,,,,,,,,,,,,,,,,,,,,,,,,,,,,,,,,,,,,,,,,,,,,,,,,,,,,,,,,,,,,,,,,,,,,,,,,,,,,,,,,,,,,,,,,,,,,,,,,,,,,,,,,,,,,,,,,,,,,,,,,,,,,,,PRJNA319611,,,public_archives,SAMN04901559,1-87,Gongxiaoshe hot spring,hot_spring,,EarthChem,CZ08-1,whole_rock,"TRACHYANDESITE, BASALTIC",CZ08-1,25.2352,98.5223,24.15287597412324,99.46659530000001,54.03,1.35,16.87,2.13,5.18,7.0965953,0.13,5.91,6.46,3.84,3.23,,0.55,28.99,27.05,,84.32,139.1,76.77,982.1,,124.3,115.2,4.84,2.6,1.93,,6.66,,0.98,69.27,,0.35,32.3,47.76,13.89,13.41,86.42,20.13,7.93,,705.6,1.86,0.91,21.4,,,2.46,,25.48,2.46,224.2,3192131.0,154.0,Paleozoic sedimentary rocks,sedimentary rocks,,992.0,Early Paleozoic,992.0,Early Paleozoic,#409963,443.8,541.0,,subsurface,subsurface_sample,subsurface
,SRR3440026,public_archives,,,,,,,,intraplate,,,,,,,,,,,,,25.44,98.44,2524.0,73.8,7.29,,,,,,1.449,,,,,,,,,,,,,,,,,,,,,,,,,,,,,,,,,,,,,,,,,,,,,,,,,,,,,,,,,,,,,,,,,,,,,,,,,,,,,,,,,,,,,,,,,,,,,,,,,,,,,,,,,,,,,,,,,,,,,,,,,,,,,,,,,,,,,,,,,,,,,,,,,,,,,,PRJNA319611,,,public_archives,SAMN04901560,6-505,Gongxiaoshe hot spring,hot_spring,,EarthChem,CZ08-1,whole_rock,"TRACHYANDESITE, BASALTIC",CZ08-1,25.2352,98.5223,24.15287597412324,99.46659530000001,54.03,1.35,16.87,2.13,5.18,7.0965953,0.13,5.91,6.46,3.84,3.23,,0.55,28.99,27.05,,84.32,139.1,76.77,982.1,,124.3,115.2,4.84,2.6,1.93,,6.66,,0.98,69.27,,0.35,32.3,47.76,13.89,13.41,86.42,20.13,7.93,,705.6,1.86,0.91,21.4,,,2.46,,25.48,2.46,224.2,3192131.0,154.0,Paleozoic sedimentary rocks,sedimentary rocks,,992.0,Early Paleozoic,992.0,Early Paleozoic,#409963,443.8,541.0,,subsurface,subsurface_sample,subsurface
,SRR3961733,public_archives,,,,,,,,intraplate,,,,,,,,,,,,,22.65,78.36,2316.0,52.1,7.8,1.24,,,,620.0,0.062,,,,,,,,,,,,,,,,,,,,,,,,,,,,,,,,,,,,,,,,,,,,,,,,,,,,,,,,,,,,,,,,,,,,,,,,,,,,,,,,,,,,,,,,,,,,,,,,,,,,,,,,,,,,,,,,,,,,,,,,,,,,,,,,,,,,,,,,,,,,,,,,,,,,,,PRJNA335670,10.3389/fmicb.2016.02123,fluid,public_archives,SAMN05449938,CAP,Chhoti Anhoni Petroleum Borehole,hot_spring,,EarthChem,10B,whole_rock,"IGNEOUS,VOLCANIC,MAFIC,THOLEIITE",10B,22.4,78.62,38.495307339377554,100.26,50.73,3.01,12.9,,,15.12,0.23,5.08,10.08,2.47,0.35,,0.29,269.0,,,47.0,415.0,132.0,,,47.96,71.0,7.72,4.67,2.28,24.0,8.55,,1.58,20.35,,0.57,17.0,28.63,,,12.0,35.0,7.3,,222.0,,,,,,,,40.0,3.62,19.0,3190865.0,154.0,Neoproterozoic sedimentary rocks,sedimentary rocks,,257.0,Neoproterozoic,257.0,Neoproterozoic,#FF9BCD,541.0,1000.0,Neoproterozoic,subsurface_fluid,subsurface_sample,subsurface
,SRR3961734,public_archives,,,,,,,,intraplate,,,,,,,,,,,,,22.65,78.36,1760.0,55.0,7.8,1.38,,,,690.0,0.069,,,,,,,,,,,,,,,,,,,,,,,,,,,,,,,,,,,,,,,,,,,,,,,,,,,,,,,,,,,,,,,,,,,,,,,,,,,,,,,,,,,,,,,,,,,,,,,,,,,,,,,,,,,,,,,,,,,,,,,,,,,,,,,,,,,,,,,,,,,,,,,,,,,,,,PRJNA335670,10.3389/fmicb.2016.02123,fluid,public_archives,SAMN05449939,BAN,Badi Anhoni hot spring,hot_spring,,EarthChem,10B,whole_rock,"IGNEOUS,VOLCANIC,MAFIC,THOLEIITE",10B,22.4,78.62,38.495307339377554,100.26,50.73,3.01,12.9,,,15.12,0.23,5.08,10.08,2.47,0.35,,0.29,269.0,,,47.0,415.0,132.0,,,47.96,71.0,7.72,4.67,2.28,24.0,8.55,,1.58,20.35,,0.57,17.0,28.63,,,12.0,35.0,7.3,,222.0,,,,,,,,40.0,3.62,19.0,3190865.0,154.0,Neoproterozoic sedimentary rocks,sedimentary rocks,,257.0,Neoproterozoic,257.0,Neoproterozoic,#FF9BCD,541.0,1000.0,Neoproterozoic,subsurface_fluid,subsurface_sample,subsurface
,SRR3961739,public_archives,,,,,,,,intraplate,,,,,,,,,,,,,22.65,78.36,2316.0,43.5,7.5,1.18,,,,590.0,0.059,,,,,,,,,,,,,,,,,,,,,,,,,,,,,,,,,,,,,,,,,,,,,,,,,,,,,,,,,,,,,,,,,,,,,,,,,,,,,,,,,,,,,,,,,,,,,,,,,,,,,,,,,,,,,,,,,,,,,,,,,,,,,,,,,,,,,,,,,,,,,,,,,,,,,,PRJNA335670,10.3389/fmicb.2016.02123,fluid,public_archives,SAMN05449940,CAN,Chhoti Anhoni hot spring,hot_spring,,EarthChem,10B,whole_rock,"IGNEOUS,VOLCANIC,MAFIC,THOLEIITE",10B,22.4,78.62,38.495307339377554,100.26,50.73,3.01,12.9,,,15.12,0.23,5.08,10.08,2.47,0.35,,0.29,269.0,,,47.0,415.0,132.0,,,47.96,71.0,7.72,4.67,2.28,24.0,8.55,,1.58,20.35,,0.57,17.0,28.63,,,12.0,35.0,7.3,,222.0,,,,,,,,40.0,3.62,19.0,3190865.0,154.0,Neoproterozoic sedimentary rocks,sedimentary rocks,,257.0,Neoproterozoic,257.0,Neoproterozoic,#FF9BCD,541.0,1000.0,Neoproterozoic,subsurface_fluid,subsurface_sample,subsurface
,SRR3961740,public_archives,,,,,,,,intraplate,,,,,,,,,,,,,23.41,83.39,1900.0,98.0,7.5,1.76,,,,880.0,0.088,,,,,,,,,,,,,,,,,,,,,,,,,,,,,,,,,,,,,,,,,,,,,,,,,,,,,,,,,,,,,,,,,,,,,,,,,,,,,,,,,,,,,,,,,,,,,,,,,,,,,,,,,,,,,,,,,,,,,,,,,,,,,,,,,,,,,,,,,,,,,,,,,,,,,,PRJNA335670,10.3389/fmicb.2016.02123,fluid,public_archives,SAMN05449941,TAT-1,Tattapani hot spring Site-1,hot_spring,,EarthChem,M-51,whole_rock,METAMORPHIC,M-51,24.3866,82.8853,119.75374965129853,97.18478149999999,68.26,0.37,17.5,1.15,,1.0347815,0.04,3.68,1.25,0.15,4.88,,0.02,,2.3,,38.0,58.0,,300.0,,158.0,49.0,4.8,2.6,0.71,,8.9,,0.96,86.0,,0.49,19.0,59.0,,16.0,113.0,5.0,11.0,,49.0,1.7,1.1,35.0,,,8.3,,26.0,3.01,13922.0,3191338.0,154.0,Proterozoic crystalline metamorphic rocks,crystalline metamorphic rocks,,131.0,Proterozoic,131.0,Proterozoic,#FF70B8,541.0,2500.0,Proterozoic,subsurface_fluid,subsurface_sample,subsurface
,SRR3961741,public_archives,,,,,,,,intraplate,,,,,,,,,,,,,23.41,83.39,1900.0,61.5,7.6,1.2,,,,600.0,0.06,,,,,,,,,,,,,,,,,,,,,,,,,,,,,,,,,,,,,,,,,,,,,,,,,,,,,,,,,,,,,,,,,,,,,,,,,,,,,,,,,,,,,,,,,,,,,,,,,,,,,,,,,,,,,,,,,,,,,,,,,,,,,,,,,,,,,,,,,,,,,,,,,,,,,,PRJNA335670,10.3389/fmicb.2016.02123,fluid,public_archives,SAMN05449942,TAT-2,Tattapani hot spring Site-2,hot_spring,,EarthChem,M-51,whole_rock,METAMORPHIC,M-51,24.3866,82.8853,119.75374965129853,97.18478149999999,68.26,0.37,17.5,1.15,,1.0347815,0.04,3.68,1.25,0.15,4.88,,0.02,,2.3,,38.0,58.0,,300.0,,158.0,49.0,4.8,2.6,0.71,,8.9,,0.96,86.0,,0.49,19.0,59.0,,16.0,113.0,5.0,11.0,,49.0,1.7,1.1,35.0,,,8.3,,26.0,3.01,13922.0,3191338.0,154.0,Proterozoic crystalline metamorphic rocks,crystalline metamorphic rocks,,131.0,Proterozoic,131.0,Proterozoic,#FF70B8,541.0,2500.0,Proterozoic,subsurface_fluid,subsurface_sample,subsurface
,SRR3961742,public_archives,,,,,,,,intraplate,,,,,,,,,,,,,23.41,83.39,1900.0,69.0,7.0,1.4,,,,700.0,0.07,,,,,,,,,,,,,,,,,,,,,,,,,,,,,,,,,,,,,,,,,,,,,,,,,,,,,,,,,,,,,,,,,,,,,,,,,,,,,,,,,,,,,,,,,,,,,,,,,,,,,,,,,,,,,,,,,,,,,,,,,,,,,,,,,,,,,,,,,,,,,,,,,,,,,,PRJNA335670,10.3389/fmicb.2016.02123,fluid,public_archives,SAMN05449943,TAT-3,Tattapani hot spring Site-3,hot_spring,,EarthChem,M-51,whole_rock,METAMORPHIC,M-51,24.3866,82.8853,119.75374965129853,97.18478149999999,68.26,0.37,17.5,1.15,,1.0347815,0.04,3.68,1.25,0.15,4.88,,0.02,,2.3,,38.0,58.0,,300.0,,158.0,49.0,4.8,2.6,0.71,,8.9,,0.96,86.0,,0.49,19.0,59.0,,16.0,113.0,5.0,11.0,,49.0,1.7,1.1,35.0,,,8.3,,26.0,3.01,13922.0,3191338.0,154.0,Proterozoic crystalline metamorphic rocks,crystalline metamorphic rocks,,131.0,Proterozoic,131.0,Proterozoic,#FF70B8,541.0,2500.0,Proterozoic,subsurface_fluid,subsurface_sample,subsurface
,SRR3961743,public_archives,,,,,,,,intraplate,,,,,,,,,,,,,23.41,83.39,1900.0,67.0,7.8,1.4,,,,700.0,0.07,,,,,,,,,,,,,,,,,,,,,,,,,,,,,,,,,,,,,,,,,,,,,,,,,,,,,,,,,,,,,,,,,,,,,,,,,,,,,,,,,,,,,,,,,,,,,,,,,,,,,,,,,,,,,,,,,,,,,,,,,,,,,,,,,,,,,,,,,,,,,,,,,,,,,,PRJNA335670,10.3389/fmicb.2016.02123,fluid,public_archives,SAMN05449944,TAT-4,Tattapani hot spring Site-4,hot_spring,,EarthChem,M-51,whole_rock,METAMORPHIC,M-51,24.3866,82.8853,119.75374965129853,97.18478149999999,68.26,0.37,17.5,1.15,,1.0347815,0.04,3.68,1.25,0.15,4.88,,0.02,,2.3,,38.0,58.0,,300.0,,158.0,49.0,4.8,2.6,0.71,,8.9,,0.96,86.0,,0.49,19.0,59.0,,16.0,113.0,5.0,11.0,,49.0,1.7,1.1,35.0,,,8.3,,26.0,3.01,13922.0,3191338.0,154.0,Proterozoic crystalline metamorphic rocks,crystalline metamorphic rocks,,131.0,Proterozoic,131.0,Proterozoic,#FF70B8,541.0,2500.0,Proterozoic,subsurface_fluid,subsurface_sample,subsurface
,SRR4030098,public_archives,,,,,,,,intraplate,,,,,,,,,,,,,44.5,-110.75,2238.0,90.5,8.04,,,,,,,,,,,,,,,,,,,,,,,,,,,,,,,,,,,,,,,,,,,,,,,,,,,,,,,,,,,,,,,,,,,,,,,,,,,,,,,,,,,,,,,,,,,,,,,,,,,,,,,,,,,,,,,,,,,,,,,,,,,,,,,,,,,,,,,,,,,,,,,,,,,,,,,,,,,,PRJNA336655,10.1038/s41467-024-55079-z,biofilm,public_archives,SAMN05518655,T=80-84,Octopus Spring,hot_spring,,EarthChem,YL96-13,whole_rock,"IGNEOUS,VOLCANIC,FELSIC,RHYOLITE",YL96-13,44.4431,-110.7189,6.789803948441437,97.83467320000001,75.9,0.157,11.7,1.72,,1.5476732,0.03,0.0,0.39,3.17,4.9,,0.04,,,,,,,335.0,,,,,,,,,,,,,,53.0,,,,174.0,,,,18.0,,,,,,,,52.0,,264.0,2718426.0,133.0,"Rhyolite flows, tuff, and intrusive igneous rocks","Major:{rhyolite}, Minor:{plutonic}","Original map source: Green, Gregory N., and Drouillard, Patricia H., 1994, The Digital Geologic Map of Wyoming in ARC/INFO Format: U.S. Geological Survey Open-File Report 94-0425, scale 1:500,000.",4.0,Pleistocene,4.0,Pleistocene,#FFF2AE,0.0117,2.3304,Pleistocene,subsurface_biofilm,subsurface_sample,subsurface
,SRR5189952,public_archives,,,,,,,,intraplate,,,,,,,,,,,,,18.903,-155.257,-1178.0,25.6,5.5,,,,,,,,,,,,,,,,,,,,,,,,,,,,,,,,,,,,,,,,,,,,,,,,,,,,,,,,,,,,,,,,,,,,,,,,,,,,,,,,,,,,,,,,,,,,,,,,,,,,,,,,,,,,,,,,,,,,,,,,,,,,,,,,,,,,,,,,,,,,,,,,,,,,,,,,,,,,PRJNA361177,10.1038/ismej.2017.40,biofilm,public_archives,SAMN06226860,Marker 57,Marker 57,deep_vent,,EarthChem,1804-19,whole_rock,"IGNEOUS,VOLCANIC,MAFIC,BASALT",1804-19,18.95,-155.27,5.379693921217734,99.19,48.73,3.76,13.82,,,12.75,0.2,5.17,10.21,3.33,0.88,,0.34,100.0,41.0,,50.0,435.0,139.0,227.0,,54.8,46.0,8.07,4.01,2.45,,7.6,,1.25,22.9,,0.45,23.44,32.1,,7.08,16.82,25.0,8.81,,509.0,1.64,1.44,1.61,,,0.46,,37.04,3.02,213.0,,,,,,,,,,,,,,subsurface_biofilm,subsurface_sample,subsurface
,SRR5189948,public_archives,,,,,,,,intraplate,,,,,,,,,,,,,18.902,-155.257,-1300.0,33.0,5.5,,,,,,,,,,,,,,,,,,,,,,,,,,,,,,,,,,,,,,,,,,,,,,,,,,,,,,,,,,,,,,,,,,,,,,,,,,,,,,,,,,,,,,,,,,,,,,,,,,,,,,,,,,,,,,,,,,,,,,,,,,,,,,,,,,,,,,,,,,,,,,,,,,,,,,,,,,,,PRJNA361177,10.1038/ismej.2017.40,biofilm,public_archives,SAMN06226864,Marker 39,Marker 39,deep_vent,,EarthChem,1804-19,whole_rock,"IGNEOUS,VOLCANIC,MAFIC,BASALT",1804-19,18.95,-155.27,5.486812018318183,99.19,48.73,3.76,13.82,,,12.75,0.2,5.17,10.21,3.33,0.88,,0.34,100.0,41.0,,50.0,435.0,139.0,227.0,,54.8,46.0,8.07,4.01,2.45,,7.6,,1.25,22.9,,0.45,23.44,32.1,,7.08,16.82,25.0,8.81,,509.0,1.64,1.44,1.61,,,0.46,,37.04,3.02,213.0,,,,,,,,,,,,,,subsurface_biofilm,subsurface_sample,subsurface
,SRR5214706,public_archives,,,,,,,,intraplate,,,,,,,,,,,,,-22.61,30.17,416.0,58.0,8.85,,,,,,,,,,,,,,,,,,,,,,,,,,,,,,,,,,,,,,,,,,,,,,,,,,,,,,,,,,,,,,,,,,,,,,,,,,,,,,,,,,,,,,,,,,,,,,,,,,,,,,,,,,,,,,,,,,,,,,,,,,,,,,,,,,,,,,,,,,,,,,,,,,,,,,,,,,,,PRJNA364997,10.46936/10.25585/60000876,fluid,public_archives,SAMN06264664,Tshipise hot spring metaG,Tshipise Hot Spring,hot_spring,,EarthChem,Z4,whole_rock,"IGNEOUS,VOLCANIC,PICRITE",Z4,-22.0502,29.6502,81.91642356213403,96.5437504,48.76,3.18,8.18,11.84,,10.6537504,0.14,14.16,7.29,1.38,2.31,,0.49,,63.3,,693.8,241.5,,1051.035258,,132.7896946,960.2,6.055328837,2.490270685,3.609593544,,11.03735472,,0.9708715517,72.40712528,,0.2356664508,15.25337186,71.3085856,7.357989061,17.4949866,31.18219716,29.1,13.39773051,,1068.107158,1.73019999,1.181672408,4.648010441,,,0.9248516463,,24.15302775,1.813332722,399.1855661,2228859.0,41.0,Karoo Supergroup,,,48.0,Jurassic,84.0,Carboniferous,#9AD9DD,145.0,358.9,Phanerozoic,subsurface_fluid,subsurface_sample,subsurface
,SRR5216251,public_archives,,,,,,,,intraplate,,,,,,,,,,,,,37.41,-118.5,2164.0,45.6,8.1,,,,,,,,,,,,,,,,,,,,,,,,,,,,,,,,,,,,,,,,,,,,,,,,,,,,,,,,,,,,,,,,,,,,,,,,,,,,,,,,,,,,,,,,,,,,,,,,,,,,,,,,,,,,,,,,,,,,,,,,,,,,,,,,,,,,,,,,,,,,,,,,,,,,,,,,,,,,PRJNA364778,10.46936/10.25585/60000876,biofilm,public_archives,SAMN06265911,Mat layer C,Cone Pool,hot_spring,,EarthChem,D529473,whole_rock,"IGNEOUS,PLUTONIC,FELSIC,RHYOLITE",D529473,37.40972,-118.52,1.7709052716061024,95.454848,73.7,0.08,12.1,0.8,,0.719848,0.04,0.05,0.54,2.98,5.22,,0.025,,,,,,,,,,,,,,,,,,,,,,,,,,,,,,,,,,,,,,,,2735079.0,133.0,"Quaternary pyroclastic and volcanic mudflow deposits, unit 2 (Long Valley Caldera)",Major:{rhyolite},"Bishop Tuff Original map source: Saucedo, G.J., Bedford, D.R., Raines, G.L., Miller, R.J., and Wentworth, C.M., 2000, GIS Data for the Geologic Map of California, California Department of Conservation, Division of Mines and Geology, CD-ROM 2000-07, scale 1:750,000. Primary reference: Jennings, C.W., with modifications by Gutierrez, C., Bryant, W., Saucedo, G., and Wills, C., 2010, Geologic map of California, Version 2.0 (California Geological Survey 150th Anniversary Edition), Department of Conservation, California Geological Survey: California Geologic Data Map Series, GDM No. 2, scale 1:750,000.",4.0,Pleistocene,490.0,Late Pliocene,#F2F91D,0.0117,3.6,Cenozoic,subsurface_biofilm,subsurface_sample,subsurface
,SRR5216256,public_archives,,,,,,,,intraplate,,,,,,,,,,,,,37.41,-118.5,2164.0,45.6,8.1,,,,,,,,,,,,,,,,,,,,,,,,,,,,,,,,,,,,,,,,,,,,,,,,,,,,,,,,,,,,,,,,,,,,,,,,,,,,,,,,,,,,,,,,,,,,,,,,,,,,,,,,,,,,,,,,,,,,,,,,,,,,,,,,,,,,,,,,,,,,,,,,,,,,,,,,,,,,PRJNA364780 ,10.46936/10.25585/60000876,biofilm,public_archives,SAMN06266020,Mat layer H,Cone Pool,hot_spring,,EarthChem,D529473,whole_rock,"IGNEOUS,PLUTONIC,FELSIC,RHYOLITE",D529473,37.40972,-118.52,1.7709052716061024,95.454848,73.7,0.08,12.1,0.8,,0.719848,0.04,0.05,0.54,2.98,5.22,,0.025,,,,,,,,,,,,,,,,,,,,,,,,,,,,,,,,,,,,,,,,2735079.0,133.0,"Quaternary pyroclastic and volcanic mudflow deposits, unit 2 (Long Valley Caldera)",Major:{rhyolite},"Bishop Tuff Original map source: Saucedo, G.J., Bedford, D.R., Raines, G.L., Miller, R.J., and Wentworth, C.M., 2000, GIS Data for the Geologic Map of California, California Department of Conservation, Division of Mines and Geology, CD-ROM 2000-07, scale 1:750,000. Primary reference: Jennings, C.W., with modifications by Gutierrez, C., Bryant, W., Saucedo, G., and Wills, C., 2010, Geologic map of California, Version 2.0 (California Geological Survey 150th Anniversary Edition), Department of Conservation, California Geological Survey: California Geologic Data Map Series, GDM No. 2, scale 1:750,000.",4.0,Pleistocene,490.0,Late Pliocene,#F2F91D,0.0117,3.6,Cenozoic,subsurface_biofilm,subsurface_sample,subsurface
,SRR5214705,public_archives,,,,,,,,intraplate,,,,,,,,,,,,,-22.53,30.68,841.0,45.0,9.7,,,,,,,,,,,,,,,,,,,,,,,,,,,,,,,,,,,,,,,,,,,,,,,,,,,,,,,,,,,,,,,,,,,,,,,,,,,,,,,,,,,,,,,,,,,,,,,,,,,,,,,,,,,,,,,,,,,,,,,,,,,,,,,,,,,,,,,,,,,,,,,,,,,,,,,,,,,,PRJNA364998,10.46936/10.25585/60000876,fluid,public_archives,SAMN06266162,Sagole hot spring metaG,Sagole Hot Spring,hot_spring,,EarthChem,Z4,whole_rock,"IGNEOUS,VOLCANIC,PICRITE",Z4,-22.0502,29.6502,118.67815099696328,96.5437504,48.76,3.18,8.18,11.84,,10.6537504,0.14,14.16,7.29,1.38,2.31,,0.49,,63.3,,693.8,241.5,,1051.035258,,132.7896946,960.2,6.055328837,2.490270685,3.609593544,,11.03735472,,0.9708715517,72.40712528,,0.2356664508,15.25337186,71.3085856,7.357989061,17.4949866,31.18219716,29.1,13.39773051,,1068.107158,1.73019999,1.181672408,4.648010441,,,0.9248516463,,24.15302775,1.813332722,399.1855661,3189847.0,154.0,Mesozoic volcanic rocks,mafic volcanic rocks,,48.0,Jurassic,48.0,Jurassic,#34B2C9,145.0,201.3,Jurassic,subsurface_fluid,subsurface_sample,subsurface
,SRR5468518,public_archives,,,,,,,,intraplate,,,,,,,,,,,,,40.65,-119.38,1280.0,86.6,7.21,,,,,,,,,,,,,,,,,,,,,,,,,,,,,,,,,,,,,,,,,,,,,,,,,,,,,,,,,,,,,,,,,,,,,,,,,,,,,,,,,,,,,,,,,,,,,,,,,,,,,,,,,,,,,,,,,,,,,,,,,,,,,,,,,,,,,,,,,,,,,,,,,,,,,,,,,,,,PRJNA367352,10.46936/10.25585/60000876,sediment,public_archives,SAMN06267026,SSWsed_matched,Sandys Spring West,hot_spring,,EarthChem,D197541,whole_rock,"IGNEOUS,PLUTONIC,FELSIC",D197541,40.67639,-119.38472,2.957596541689345,99.469658,66.8,0.54,15.8,1.8,1.9,3.519658,0.05,1.6,3.9,4.5,2.6,,0.16,7.8,11.0,2.8,11.0,90.0,120.0,1000.0,1.2,100.0,11.0,,,3.1,16.0,25.0,,,39.0,38.0,,9.6,,14.0,,79.0,11.0,,,520.0,,,,0.37,,,,13.0,1.3,83.0,953401.0,7.0,Quaternary sedimentary,sedimentary,,421.0,Quaternary,421.0,Quaternary,#F9F97F,0.0,2.588,Cenozoic,subsurface_sediment,subsurface_sample,subsurface
,SRR5468531,public_archives,,,,,,,,intraplate,,,,,,,,,,,,,40.65,-119.38,1280.0,86.6,7.21,,,,,,,,,,,,,,,,,,,,,,,,,,,,,,,,,,,,,,,,,,,,,,,,,,,,,,,,,,,,,,,,,,,,,,,,,,,,,,,,,,,,,,,,,,,,,,,,,,,,,,,,,,,,,,,,,,,,,,,,,,,,,,,,,,,,,,,,,,,,,,,,,,,,,,,,,,,,PRJNA367353,10.46936/10.25585/60000876,sediment,public_archives,SAMN06267027,SSWsed_130316,Sandys Spring West,hot_spring,,EarthChem,D197541,whole_rock,"IGNEOUS,PLUTONIC,FELSIC",D197541,40.67639,-119.38472,2.957596541689345,99.469658,66.8,0.54,15.8,1.8,1.9,3.519658,0.05,1.6,3.9,4.5,2.6,,0.16,7.8,11.0,2.8,11.0,90.0,120.0,1000.0,1.2,100.0,11.0,,,3.1,16.0,25.0,,,39.0,38.0,,9.6,,14.0,,79.0,11.0,,,520.0,,,,0.37,,,,13.0,1.3,83.0,953401.0,7.0,Quaternary sedimentary,sedimentary,,421.0,Quaternary,421.0,Quaternary,#F9F97F,0.0,2.588,Cenozoic,subsurface_sediment,subsurface_sample,subsurface
,SRR5468563,public_archives,,,,,,,,intraplate,,,,,,,,,,,,,40.65,-119.38,1280.0,86.6,7.21,,,,,,,,,,,,,,,,,,,,,,,,,,,,,,,,,,,,,,,,,,,,,,,,,,,,,,,,,,,,,,,,,,,,,,,,,,,,,,,,,,,,,,,,,,,,,,,,,,,,,,,,,,,,,,,,,,,,,,,,,,,,,,,,,,,,,,,,,,,,,,,,,,,,,,,,,,,,PRJNA367354,10.46936/10.25585/60000876,fluid,public_archives,SAMN06267028,SSWTFFsm_matched,Sandys Spring West,hot_spring,,EarthChem,D197541,whole_rock,"IGNEOUS,PLUTONIC,FELSIC",D197541,40.67639,-119.38472,2.957596541689345,99.469658,66.8,0.54,15.8,1.8,1.9,3.519658,0.05,1.6,3.9,4.5,2.6,,0.16,7.8,11.0,2.8,11.0,90.0,120.0,1000.0,1.2,100.0,11.0,,,3.1,16.0,25.0,,,39.0,38.0,,9.6,,14.0,,79.0,11.0,,,520.0,,,,0.37,,,,13.0,1.3,83.0,953401.0,7.0,Quaternary sedimentary,sedimentary,,421.0,Quaternary,421.0,Quaternary,#F9F97F,0.0,2.588,Cenozoic,subsurface_fluid,subsurface_sample,subsurface
,SRR5468562,public_archives,,,,,,,,intraplate,,,,,,,,,,,,,37.69,-118.84,2101.0,78.7,6.85,,,,,,,,,,,,,,,,,,,,,,,,,,,,,,,,,,,,,,,,,,,,,,,,,,,,,,,,,,,,,,,,,,,,,,,,,,,,,,,,,,,,,,,,,,,,,,,,,,,,,,,,,,,,,,,,,,,,,,,,,,,,,,,,,,,,,,,,,,,,,,,,,,,,,,,,,,,,PRJNA367355,10.46936/10.25585/60000876,sediment,public_archives,SAMN06267029,LHC4sed_matched,Little Hot Creek,hot_spring,,EarthChem,B-348C,whole_rock,"IGNEOUS,VOLCANIC,FELSIC,RHYOLITE",B-348C,37.62,-118.75,11.1100992768168,99.60000000112001,77.29765356,0.08104023915,12.42336342,,0.7288032905,0.7288032905,0.03473153107,0.0,0.4851889643,3.778369592,4.651920222,,0.1189291821,,,,,,,30.0,,,,,,,,,,,,,,24.0,,,,166.0,,,,11.0,,,,,,,,26.0,,78.0,2838298.0,133.0,Quaternary alluvium and marine deposits,"Major:{coarse alluvium}, Minor:{fine alluvium}","Original map source: Saucedo, G.J., Bedford, D.R., Raines, G.L., Miller, R.J., and Wentworth, C.M., 2000, GIS Data for the Geologic Map of California, California Department of Conservation, Division of Mines and Geology, CD-ROM 2000-07, scale 1:750,000. Primary reference: Jennings, C.W., with modifications by Gutierrez, C., Bryant, W., Saucedo, G., and Wills, C., 2010, Geologic map of California, Version 2.0 (California Geological Survey 150th Anniversary Edition), Department of Conservation, California Geological Survey: California Geologic Data Map Series, GDM No. 2, scale 1:750,000.",3.0,Holocene,10.0,Pliocene,#F2F91D,0.6558,5.333,Cenozoic,subsurface_sediment,subsurface_sample,subsurface
,SRR5468564,public_archives,,,,,,,,intraplate,,,,,,,,,,,,,37.69,-118.84,2101.0,78.7,6.85,,,,,,,,,,,,,,,,,,,,,,,,,,,,,,,,,,,,,,,,,,,,,,,,,,,,,,,,,,,,,,,,,,,,,,,,,,,,,,,,,,,,,,,,,,,,,,,,,,,,,,,,,,,,,,,,,,,,,,,,,,,,,,,,,,,,,,,,,,,,,,,,,,,,,,,,,,,,PRJNA367356,10.46936/10.25585/60000876,,public_archives,SAMN06267030,LHC4sed_replicate,Little Hot Creek,hot_spring,,EarthChem,B-348C,whole_rock,"IGNEOUS,VOLCANIC,FELSIC,RHYOLITE",B-348C,37.62,-118.75,11.1100992768168,99.60000000112001,77.29765356,0.08104023915,12.42336342,,0.7288032905,0.7288032905,0.03473153107,0.0,0.4851889643,3.778369592,4.651920222,,0.1189291821,,,,,,,30.0,,,,,,,,,,,,,,24.0,,,,166.0,,,,11.0,,,,,,,,26.0,,78.0,2838298.0,133.0,Quaternary alluvium and marine deposits,"Major:{coarse alluvium}, Minor:{fine alluvium}","Original map source: Saucedo, G.J., Bedford, D.R., Raines, G.L., Miller, R.J., and Wentworth, C.M., 2000, GIS Data for the Geologic Map of California, California Department of Conservation, Division of Mines and Geology, CD-ROM 2000-07, scale 1:750,000. Primary reference: Jennings, C.W., with modifications by Gutierrez, C., Bryant, W., Saucedo, G., and Wills, C., 2010, Geologic map of California, Version 2.0 (California Geological Survey 150th Anniversary Edition), Department of Conservation, California Geological Survey: California Geologic Data Map Series, GDM No. 2, scale 1:750,000.",3.0,Holocene,10.0,Pliocene,#F2F91D,0.6558,5.333,Cenozoic,subsurface,subsurface_sample,subsurface
,SRR5468566,public_archives,,,,,,,,intraplate,,,,,,,,,,,,,25.44,98.44,2524.0,73.8,7.29,,,,,,,,,,,,,,,,,,,,,,,,,,,,,,,,,,,,,,,,,,,,,,,,,,,,,,,,,,,,,,,,,,,,,,,,,,,,,,,,,,,,,,,,,,,,,,,,,,,,,,,,,,,,,,,,,,,,,,,,,,,,,,,,,,,,,,,,,,,,,,,,,,,,,,,,,,,,PRJNA367357,10.46936/10.25585/60000876,sediment,public_archives,SAMN06267031,GXS 110809B,Gongxiaoshe hot spring,hot_spring,,EarthChem,CZ08-1,whole_rock,"TRACHYANDESITE, BASALTIC",CZ08-1,25.2352,98.5223,24.15287597412324,99.46659530000001,54.03,1.35,16.87,2.13,5.18,7.0965953,0.13,5.91,6.46,3.84,3.23,,0.55,28.99,27.05,,84.32,139.1,76.77,982.1,,124.3,115.2,4.84,2.6,1.93,,6.66,,0.98,69.27,,0.35,32.3,47.76,13.89,13.41,86.42,20.13,7.93,,705.6,1.86,0.91,21.4,,,2.46,,25.48,2.46,224.2,3192131.0,154.0,Paleozoic sedimentary rocks,sedimentary rocks,,992.0,Early Paleozoic,992.0,Early Paleozoic,#409963,443.8,541.0,,subsurface_sediment,subsurface_sample,subsurface
,SRR5468565,public_archives,,,,,,,,intraplate,,,,,,,,,,,,,25.44,98.44,2524.0,73.8,7.29,,,,,,,,,,,,,,,,,,,,,,,,,,,,,,,,,,,,,,,,,,,,,,,,,,,,,,,,,,,,,,,,,,,,,,,,,,,,,,,,,,,,,,,,,,,,,,,,,,,,,,,,,,,,,,,,,,,,,,,,,,,,,,,,,,,,,,,,,,,,,,,,,,,,,,,,,,,,PRJNA367358,10.46936/10.25585/60000876,sediment,public_archives,SAMN06267032,GXS 20120812B,Gongxiaoshe hot spring,hot_spring,,EarthChem,CZ08-1,whole_rock,"TRACHYANDESITE, BASALTIC",CZ08-1,25.2352,98.5223,24.15287597412324,99.46659530000001,54.03,1.35,16.87,2.13,5.18,7.0965953,0.13,5.91,6.46,3.84,3.23,,0.55,28.99,27.05,,84.32,139.1,76.77,982.1,,124.3,115.2,4.84,2.6,1.93,,6.66,,0.98,69.27,,0.35,32.3,47.76,13.89,13.41,86.42,20.13,7.93,,705.6,1.86,0.91,21.4,,,2.46,,25.48,2.46,224.2,3192131.0,154.0,Paleozoic sedimentary rocks,sedimentary rocks,,992.0,Early Paleozoic,992.0,Early Paleozoic,#409963,443.8,541.0,,subsurface_sediment,subsurface_sample,subsurface
,SRR5468568,public_archives,,,,,,,,intraplate,,,,,,,,,,,,,25.44,98.46,2524.0,81.6,6.71,,,,,,,,,,,,,,,,,,,,,,,,,,,,,,,,,,,,,,,,,,,,,,,,,,,,,,,,,,,,,,,,,,,,,,,,,,,,,,,,,,,,,,,,,,,,,,,,,,,,,,,,,,,,,,,,,,,,,,,,,,,,,,,,,,,,,,,,,,,,,,,,,,,,,,,,,,,,PRJNA367359,10.46936/10.25585/60000876,sediment,public_archives,SAMN06267033,JNZ 20120812A,Jinze hot spring,hot_spring,,EarthChem,CZ08-1,whole_rock,"TRACHYANDESITE, BASALTIC",CZ08-1,25.2352,98.5223,23.53829198247641,99.46659530000001,54.03,1.35,16.87,2.13,5.18,7.0965953,0.13,5.91,6.46,3.84,3.23,,0.55,28.99,27.05,,84.32,139.1,76.77,982.1,,124.3,115.2,4.84,2.6,1.93,,6.66,,0.98,69.27,,0.35,32.3,47.76,13.89,13.41,86.42,20.13,7.93,,705.6,1.86,0.91,21.4,,,2.46,,25.48,2.46,224.2,3192131.0,154.0,Paleozoic sedimentary rocks,sedimentary rocks,,992.0,Early Paleozoic,992.0,Early Paleozoic,#409963,443.8,541.0,,subsurface_sediment,subsurface_sample,subsurface
,SRR5468567,public_archives,,,,,,,,intraplate,,,,,,,,,,,,,25.44,98.46,2524.0,81.6,6.71,,,,,,,,,,,,,,,,,,,,,,,,,,,,,,,,,,,,,,,,,,,,,,,,,,,,,,,,,,,,,,,,,,,,,,,,,,,,,,,,,,,,,,,,,,,,,,,,,,,,,,,,,,,,,,,,,,,,,,,,,,,,,,,,,,,,,,,,,,,,,,,,,,,,,,,,,,,,PRJNA367360,10.46936/10.25585/60000876,sediment,public_archives,SAMN06267034,JNZ 110809A,Jinze hot spring,hot_spring,,EarthChem,CZ08-1,whole_rock,"TRACHYANDESITE, BASALTIC",CZ08-1,25.2352,98.5223,23.53829198247641,99.46659530000001,54.03,1.35,16.87,2.13,5.18,7.0965953,0.13,5.91,6.46,3.84,3.23,,0.55,28.99,27.05,,84.32,139.1,76.77,982.1,,124.3,115.2,4.84,2.6,1.93,,6.66,,0.98,69.27,,0.35,32.3,47.76,13.89,13.41,86.42,20.13,7.93,,705.6,1.86,0.91,21.4,,,2.46,,25.48,2.46,224.2,3192131.0,154.0,Paleozoic sedimentary rocks,sedimentary rocks,,992.0,Early Paleozoic,992.0,Early Paleozoic,#409963,443.8,541.0,,subsurface_sediment,subsurface_sample,subsurface
,SRR5468438,public_archives,,,,,,,,intraplate,,,,,,,,,,,,,44.73,-110.71,2288.0,67.0,2.9,,,,,,,,,,,,,,,,,,,,,,,,,,,,,,,,,,,,,,,,,,,,,,,,,,,,,,,,,,,,,,,,,,,,,,,,,,,,,,,,,,,,,,,,,,,,,,,,,,,,,,,,,,,,,,,,,,,,,,,,,,,,,,,,,,,,,,,,,,,,,,,,,,,,,,,,,,,,PRJNA367340,10.46936/10.25585/60001042,biofilm,public_archives,SAMN06267143,BED_Mat_host_6_15,Beowulf Spring,hot_spring,,EarthChem,BN154A,whole_rock,"IGNEOUS,VOLCANIC,FELSIC,RHYOLITE",BN154A,44.5442,-110.8222,22.484384450277766,96.90700000000001,73.81,0.245,11.96,,,1.62,0.04,0.2,0.68,3.08,5.24,0.0831,0.032,,,,,,,758.0,,151.0,,10.7,6.19,1.12,18.6,10.1,,2.11,75.7,,0.84,44.6,58.1,30.8,16.1,189.0,,11.3,,46.3,,1.7,24.5,,,5.8,,60.3,6.03,280.0,3186305.0,154.0,Cenozoic volcanic rocks,flood basalt(s); mafic volcanic rocks; basalt,Columbia Plateau,2.0,Neogene,2.0,Neogene,#FFFF00,2.588,23.03,Neogene,subsurface_biofilm,subsurface_sample,subsurface
,SRR5468440,public_archives,,,,,,,,intraplate,,,,,,,,,,,,,44.73,-110.71,2288.0,67.0,2.9,,,,,,,,,,,,,,,,,,,,,,,,,,,,,,,,,,,,,,,,,,,,,,,,,,,,,,,,,,,,,,,,,,,,,,,,,,,,,,,,,,,,,,,,,,,,,,,,,,,,,,,,,,,,,,,,,,,,,,,,,,,,,,,,,,,,,,,,,,,,,,,,,,,,,,,,,,,,PRJNA367341,10.46936/10.25585/60001042,biofilm,public_archives,SAMN06267144,BED_Slide_host_7_15,Beowulf Spring,hot_spring,,EarthChem,BN154A,whole_rock,"IGNEOUS,VOLCANIC,FELSIC,RHYOLITE",BN154A,44.5442,-110.8222,22.484384450277766,96.90700000000001,73.81,0.245,11.96,,,1.62,0.04,0.2,0.68,3.08,5.24,0.0831,0.032,,,,,,,758.0,,151.0,,10.7,6.19,1.12,18.6,10.1,,2.11,75.7,,0.84,44.6,58.1,30.8,16.1,189.0,,11.3,,46.3,,1.7,24.5,,,5.8,,60.3,6.03,280.0,3186305.0,154.0,Cenozoic volcanic rocks,flood basalt(s); mafic volcanic rocks; basalt,Columbia Plateau,2.0,Neogene,2.0,Neogene,#FFFF00,2.588,23.03,Neogene,subsurface_biofilm,subsurface_sample,subsurface
,SRR5723982,public_archives,,,,,,,,intraplate,,,,,,,,,,,,,44.73,-110.71,2288.0,67.0,2.9,,,,,,,,,,,,,,,,,,,,,,,,,,,,,,,,,,,,,,,,,,,,,,,,,,,,,,,,,,,,,,,,,,,,,,,,,,,,,,,,,,,,,,,,,,,,,,,,,,,,,,,,,,,,,,,,,,,,,,,,,,,,,,,,,,,,,,,,,,,,,,,,,,,,,,,,,,,,PRJNA367343,10.46936/10.25585/60001042,biofilm,public_archives,SAMN06267146,BED_Mat_host_9_15,Beowulf Spring,hot_spring,,EarthChem,BN154A,whole_rock,"IGNEOUS,VOLCANIC,FELSIC,RHYOLITE",BN154A,44.5442,-110.8222,22.484384450277766,96.90700000000001,73.81,0.245,11.96,,,1.62,0.04,0.2,0.68,3.08,5.24,0.0831,0.032,,,,,,,758.0,,151.0,,10.7,6.19,1.12,18.6,10.1,,2.11,75.7,,0.84,44.6,58.1,30.8,16.1,189.0,,11.3,,46.3,,1.7,24.5,,,5.8,,60.3,6.03,280.0,3186305.0,154.0,Cenozoic volcanic rocks,flood basalt(s); mafic volcanic rocks; basalt,Columbia Plateau,2.0,Neogene,2.0,Neogene,#FFFF00,2.588,23.03,Neogene,subsurface_biofilm,subsurface_sample,subsurface
,SRR5468447,public_archives,,,,,,,,intraplate,,,,,,,,,,,,,44.73,-110.71,2288.0,72.0,3.5,,,,,,,,,,,,,,,,,,,,,,,,,,,,,,,,,,,,,,,,,,,,,,,,,,,,,,,,,,,,,,,,,,,,,,,,,,,,,,,,,,,,,,,,,,,,,,,,,,,,,,,,,,,,,,,,,,,,,,,,,,,,,,,,,,,,,,,,,,,,,,,,,,,,,,,,,,,,PRJNA367344,10.46936/10.25585/60001042,biofilm,public_archives,SAMN06267147,OSPB_Slides-mat_host_7_15,One Hundred Spring,hot_spring,,EarthChem,BN154A,whole_rock,"IGNEOUS,VOLCANIC,FELSIC,RHYOLITE",BN154A,44.5442,-110.8222,22.484384450277766,96.90700000000001,73.81,0.245,11.96,,,1.62,0.04,0.2,0.68,3.08,5.24,0.0831,0.032,,,,,,,758.0,,151.0,,10.7,6.19,1.12,18.6,10.1,,2.11,75.7,,0.84,44.6,58.1,30.8,16.1,189.0,,11.3,,46.3,,1.7,24.5,,,5.8,,60.3,6.03,280.0,3186305.0,154.0,Cenozoic volcanic rocks,flood basalt(s); mafic volcanic rocks; basalt,Columbia Plateau,2.0,Neogene,2.0,Neogene,#FFFF00,2.588,23.03,Neogene,subsurface_biofilm,subsurface_sample,subsurface
,SRR5468448,public_archives,,,,,,,,intraplate,,,,,,,,,,,,,44.73,-110.71,2288.0,72.0,3.5,,,,,,,,,,,,,,,,,,,,,,,,,,,,,,,,,,,,,,,,,,,,,,,,,,,,,,,,,,,,,,,,,,,,,,,,,,,,,,,,,,,,,,,,,,,,,,,,,,,,,,,,,,,,,,,,,,,,,,,,,,,,,,,,,,,,,,,,,,,,,,,,,,,,,,,,,,,,PRJNA367345,10.46936/10.25585/60001042,biofilm,public_archives,SAMN06267148,OSPB_Mat_virus_9_15,One Hundred Spring,hot_spring,,EarthChem,BN154A,whole_rock,"IGNEOUS,VOLCANIC,FELSIC,RHYOLITE",BN154A,44.5442,-110.8222,22.484384450277766,96.90700000000001,73.81,0.245,11.96,,,1.62,0.04,0.2,0.68,3.08,5.24,0.0831,0.032,,,,,,,758.0,,151.0,,10.7,6.19,1.12,18.6,10.1,,2.11,75.7,,0.84,44.6,58.1,30.8,16.1,189.0,,11.3,,46.3,,1.7,24.5,,,5.8,,60.3,6.03,280.0,3186305.0,154.0,Cenozoic volcanic rocks,flood basalt(s); mafic volcanic rocks; basalt,Columbia Plateau,2.0,Neogene,2.0,Neogene,#FFFF00,2.588,23.03,Neogene,subsurface_biofilm,subsurface_sample,subsurface
,SRR5723934,public_archives,,,,,,,,intraplate,,,,,,,,,,,,,44.73,-110.71,2288.0,72.0,3.5,,,,,,,,,,,,,,,,,,,,,,,,,,,,,,,,,,,,,,,,,,,,,,,,,,,,,,,,,,,,,,,,,,,,,,,,,,,,,,,,,,,,,,,,,,,,,,,,,,,,,,,,,,,,,,,,,,,,,,,,,,,,,,,,,,,,,,,,,,,,,,,,,,,,,,,,,,,,PRJNA367346,10.46936/10.25585/60001042,biofilm,public_archives,SAMN06267149,OSPB_Mat_host_9_15,One Hundred Spring,hot_spring,,EarthChem,BN154A,whole_rock,"IGNEOUS,VOLCANIC,FELSIC,RHYOLITE",BN154A,44.5442,-110.8222,22.484384450277766,96.90700000000001,73.81,0.245,11.96,,,1.62,0.04,0.2,0.68,3.08,5.24,0.0831,0.032,,,,,,,758.0,,151.0,,10.7,6.19,1.12,18.6,10.1,,2.11,75.7,,0.84,44.6,58.1,30.8,16.1,189.0,,11.3,,46.3,,1.7,24.5,,,5.8,,60.3,6.03,280.0,3186305.0,154.0,Cenozoic volcanic rocks,flood basalt(s); mafic volcanic rocks; basalt,Columbia Plateau,2.0,Neogene,2.0,Neogene,#FFFF00,2.588,23.03,Neogene,subsurface_biofilm,subsurface_sample,subsurface
,SRR5747860,public_archives,,,,,,,,intraplate,,,,,,,,,,,,,36.96,-116.72,2273.0,29.53,7.91,,,,,,,,,,,,,,,,,,,,,,,,,,,,,,,,,,,,,,,,,,,,,,,,,,,,,,,,,,,,,,,,,,,,,,,,,,,,,,,,,,,,,,,,,,,,,,,,,,,,,,,,,,,,,,,,,,,,,,,,,,,,,,,,,,,,,,,,,,,,,,,,,,,,,,,,,,,,PRJNA367387,10.46936/10.25585/60000876,,public_archives,SAMN06267238,OV2 TP1,Well OV2,hot_spring,,EarthChem,TM2FVP,whole_rock,"IGNEOUS,VOLCANIC,MAFIC,BASALT",TM2FVP,37.13,-116.37,36.405613326637884,98.67721209999999,50.89,1.86,17.39,9.41,,8.4672121,0.17,4.74,7.1,4.23,2.85,,0.98,,24.8,,,167.0,,1390.0,,142.2,57.0,,,2.58,,,,,70.7,,0.402,,,,,48.0,14.97,10.06,,949.0,1.9,1.04,4.47,,,,,32.0,2.64,371.0,3186305.0,154.0,Cenozoic volcanic rocks,flood basalt(s); mafic volcanic rocks; basalt,Columbia Plateau,2.0,Neogene,2.0,Neogene,#FFFF00,2.588,23.03,Neogene,subsurface,subsurface_sample,subsurface
,SRR5747841,public_archives,,,,,,,,intraplate,,,,,,,,,,,,,36.96,-116.72,2273.0,29.53,7.91,,,,,,,,,,,,,,,,,,,,,,,,,,,,,,,,,,,,,,,,,,,,,,,,,,,,,,,,,,,,,,,,,,,,,,,,,,,,,,,,,,,,,,,,,,,,,,,,,,,,,,,,,,,,,,,,,,,,,,,,,,,,,,,,,,,,,,,,,,,,,,,,,,,,,,,,,,,,PRJNA367388,10.46936/10.25585/60000876,,public_archives,SAMN06267239,OV2 TP2,Well OV2,hot_spring,,EarthChem,TM2FVP,whole_rock,"IGNEOUS,VOLCANIC,MAFIC,BASALT",TM2FVP,37.13,-116.37,36.405613326637884,98.67721209999999,50.89,1.86,17.39,9.41,,8.4672121,0.17,4.74,7.1,4.23,2.85,,0.98,,24.8,,,167.0,,1390.0,,142.2,57.0,,,2.58,,,,,70.7,,0.402,,,,,48.0,14.97,10.06,,949.0,1.9,1.04,4.47,,,,,32.0,2.64,371.0,3186305.0,154.0,Cenozoic volcanic rocks,flood basalt(s); mafic volcanic rocks; basalt,Columbia Plateau,2.0,Neogene,2.0,Neogene,#FFFF00,2.588,23.03,Neogene,subsurface,subsurface_sample,subsurface
,SRR5747861,public_archives,,,,,,,,intraplate,,,,,,,,,,,,,36.96,-116.72,2273.0,29.53,7.91,,,,,,,,,,,,,,,,,,,,,,,,,,,,,,,,,,,,,,,,,,,,,,,,,,,,,,,,,,,,,,,,,,,,,,,,,,,,,,,,,,,,,,,,,,,,,,,,,,,,,,,,,,,,,,,,,,,,,,,,,,,,,,,,,,,,,,,,,,,,,,,,,,,,,,,,,,,,PRJNA367389,10.46936/10.25585/60000876,,public_archives,SAMN06267240,OV2 TP3,Well OV2,hot_spring,,EarthChem,TM2FVP,whole_rock,"IGNEOUS,VOLCANIC,MAFIC,BASALT",TM2FVP,37.13,-116.37,36.405613326637884,98.67721209999999,50.89,1.86,17.39,9.41,,8.4672121,0.17,4.74,7.1,4.23,2.85,,0.98,,24.8,,,167.0,,1390.0,,142.2,57.0,,,2.58,,,,,70.7,,0.402,,,,,48.0,14.97,10.06,,949.0,1.9,1.04,4.47,,,,,32.0,2.64,371.0,3186305.0,154.0,Cenozoic volcanic rocks,flood basalt(s); mafic volcanic rocks; basalt,Columbia Plateau,2.0,Neogene,2.0,Neogene,#FFFF00,2.588,23.03,Neogene,subsurface,subsurface_sample,subsurface
,SRR5211068,public_archives,,,,,,,,plate margin,,,,,,,,,,,,,36.53,25.49,-470.0,,,,,,,,,,,,,,,,,,,,,,,,,,,,,,,,,,,,,,,,,,,,,,,,,,,,,,,,,,,,,,,,,,,,,,,,,,,,,,,,,,,,,,,,,,,,,,,,,,,,,,,,,,,,,,,,,,,,,,,,,,,,,,,,,,,,,,,,,,,,,,,,,,,,,,,,,,,,,,PRJNA367443 ,10.46936/10.25585/60000621,fluid,public_archives,SAMN06267294,2SBTROV12_ACTIVE470,chimney V59,deep_vent,,Publication,https://doi.org/10.1002/2016GC006398,whole_rock,ANDESITE,NA007-115,36.518321,25.480971,1.527602077901733,99.95600000000002,60.15,0.84,17.66,,6.23,6.23,0.15,2.5,6.33,3.82,2.1,0.042,0.176,13.6,12.57,0.38,1.69,124.7,,357.4,1.37,34.08,1.11,3.9,2.42,1.18,17.81,3.82,,0.82,16.55,9.65,0.377,9.76,17.17,10.0,4.2,35.5,20.89,3.81,,538.6,0.614,0.628,5.0,4122.0,0.48,1.37,0.15,24.22,2.47,151.1,3149154.0,147.0,submarine continental crust,,,,,,,,,,,subsurface_fluid,subsurface_sample,subsurface
,SRR5273315,public_archives,,,,,,,,intraplate,,,,,,,,,,,,,44.38,-110.69,2288.0,89.8,6.7,,,,,,,,,,,,,,,,,,,,,,,,,,,,,,,,,,,,,,,,,,,,,,,,,,,,,,,,,,,,,,,,,,,,,,,,,,,,,,,,,,,,,,,,,,,,,,,,,,,,,,,,,,,,,,,,,,,,,,,,,,,,,,,,,,,,,,,,,,,,,,,,,,,,,,,,,,,,PRJNA365750 ,10.46936/10.25585/60000772,,public_archives,SAMN06267627,G2,Perpetual Spouter,hot_spring,,EarthChem,D101812,whole_rock,"IGNEOUS,VOLCANIC,FELSIC,RHYOLITE",D101811,44.3667,-110.617,6.002977889633653,99.3039126,76.44,0.14,12.09,0.46,1.0,1.4139126,0.04,,0.45,3.55,5.16,,0.02,2.0,1.0,6.0,2.0,2.5,10.0,190.0,,,0.5,,,,17.0,,,,120.0,,,57.0,,26.0,,,3.0,,0.5,10.0,,,,0.094,,,,88.0,8.0,250.0,958230.0,7.0,Quaternary volcanic: felsic rocks,volcanic: felsic rocks,,421.0,Quaternary,421.0,Quaternary,#F9F97F,0.0,2.588,Cenozoic,subsurface,subsurface_sample,subsurface
,SRR5273316,public_archives,,,,,,,,intraplate,,,,,,,,,,,,,44.38,-110.69,2288.0,89.8,6.7,,,,,,,,,,,,,,,,,,,,,,,,,,,,,,,,,,,,,,,,,,,,,,,,,,,,,,,,,,,,,,,,,,,,,,,,,,,,,,,,,,,,,,,,,,,,,,,,,,,,,,,,,,,,,,,,,,,,,,,,,,,,,,,,,,,,,,,,,,,,,,,,,,,,,,,,,,,,PRJNA365751,10.46936/10.25585/60000772,,public_archives,SAMN06267628,5D1_ECH,Perpetual Spouter,hot_spring,,EarthChem,D101812,whole_rock,"IGNEOUS,VOLCANIC,FELSIC,RHYOLITE",D101811,44.3667,-110.617,6.002977889633653,99.3039126,76.44,0.14,12.09,0.46,1.0,1.4139126,0.04,,0.45,3.55,5.16,,0.02,2.0,1.0,6.0,2.0,2.5,10.0,190.0,,,0.5,,,,17.0,,,,120.0,,,57.0,,26.0,,,3.0,,0.5,10.0,,,,0.094,,,,88.0,8.0,250.0,958230.0,7.0,Quaternary volcanic: felsic rocks,volcanic: felsic rocks,,421.0,Quaternary,421.0,Quaternary,#F9F97F,0.0,2.588,Cenozoic,subsurface,subsurface_sample,subsurface
,SRR5273245,public_archives,,,,,,,,intraplate,,,,,,,,,,,,,44.38,-110.69,2288.0,89.8,6.7,,,,,,,,,,,,,,,,,,,,,,,,,,,,,,,,,,,,,,,,,,,,,,,,,,,,,,,,,,,,,,,,,,,,,,,,,,,,,,,,,,,,,,,,,,,,,,,,,,,,,,,,,,,,,,,,,,,,,,,,,,,,,,,,,,,,,,,,,,,,,,,,,,,,,,,,,,,,PRJNA365746,10.46936/10.25585/60000772,,public_archives,SAMN06267762,PS_A,Perpetual Spouter,hot_spring,,EarthChem,D101812,whole_rock,"IGNEOUS,VOLCANIC,FELSIC,RHYOLITE",D101811,44.3667,-110.617,6.002977889633653,99.3039126,76.44,0.14,12.09,0.46,1.0,1.4139126,0.04,,0.45,3.55,5.16,,0.02,2.0,1.0,6.0,2.0,2.5,10.0,190.0,,,0.5,,,,17.0,,,,120.0,,,57.0,,26.0,,,3.0,,0.5,10.0,,,,0.094,,,,88.0,8.0,250.0,958230.0,7.0,Quaternary volcanic: felsic rocks,volcanic: felsic rocks,,421.0,Quaternary,421.0,Quaternary,#F9F97F,0.0,2.588,Cenozoic,subsurface,subsurface_sample,subsurface
,SRR5273271,public_archives,,,,,,,,intraplate,,,,,,,,,,,,,44.38,-110.69,2288.0,89.8,6.7,,,,,,,,,,,,,,,,,,,,,,,,,,,,,,,,,,,,,,,,,,,,,,,,,,,,,,,,,,,,,,,,,,,,,,,,,,,,,,,,,,,,,,,,,,,,,,,,,,,,,,,,,,,,,,,,,,,,,,,,,,,,,,,,,,,,,,,,,,,,,,,,,,,,,,,,,,,,PRJNA365747,10.46936/10.25585/60000772,,public_archives,SAMN06267763,PS_B,Perpetual Spouter,hot_spring,,EarthChem,D101812,whole_rock,"IGNEOUS,VOLCANIC,FELSIC,RHYOLITE",D101811,44.3667,-110.617,6.002977889633653,99.3039126,76.44,0.14,12.09,0.46,1.0,1.4139126,0.04,,0.45,3.55,5.16,,0.02,2.0,1.0,6.0,2.0,2.5,10.0,190.0,,,0.5,,,,17.0,,,,120.0,,,57.0,,26.0,,,3.0,,0.5,10.0,,,,0.094,,,,88.0,8.0,250.0,958230.0,7.0,Quaternary volcanic: felsic rocks,volcanic: felsic rocks,,421.0,Quaternary,421.0,Quaternary,#F9F97F,0.0,2.588,Cenozoic,subsurface,subsurface_sample,subsurface
,SRR5273272,public_archives,,,,,,,,intraplate,,,,,,,,,,,,,44.38,-110.69,2288.0,89.8,6.7,,,,,,,,,,,,,,,,,,,,,,,,,,,,,,,,,,,,,,,,,,,,,,,,,,,,,,,,,,,,,,,,,,,,,,,,,,,,,,,,,,,,,,,,,,,,,,,,,,,,,,,,,,,,,,,,,,,,,,,,,,,,,,,,,,,,,,,,,,,,,,,,,,,,,,,,,,,,PRJNA365748,10.46936/10.25585/60000772,,public_archives,SAMN06267764,PS_C,Perpetual Spouter,hot_spring,,EarthChem,D101812,whole_rock,"IGNEOUS,VOLCANIC,FELSIC,RHYOLITE",D101811,44.3667,-110.617,6.002977889633653,99.3039126,76.44,0.14,12.09,0.46,1.0,1.4139126,0.04,,0.45,3.55,5.16,,0.02,2.0,1.0,6.0,2.0,2.5,10.0,190.0,,,0.5,,,,17.0,,,,120.0,,,57.0,,26.0,,,3.0,,0.5,10.0,,,,0.094,,,,88.0,8.0,250.0,958230.0,7.0,Quaternary volcanic: felsic rocks,volcanic: felsic rocks,,421.0,Quaternary,421.0,Quaternary,#F9F97F,0.0,2.588,Cenozoic,subsurface,subsurface_sample,subsurface
,SRR5248875,public_archives,,,,,,,,intraplate,,,,,,,,,,,,,44.61,-110.44,2396.0,56.0,5.7,,,,,,,,,,,,,,,,,,,,,,,,,,,,,,,,,,,,,,,,,,,,,,,,,,,,,,,,,,,,,,,,,,,,,,,,,,,,,,,,,,,,,,,,,,,,,,,,,,,,,,,,,,,,,,,,,,,,,,,,,,,,,,,,,,,,,,,,,,,,,,,,,,,,,,,,,,,,PRJNA366136,10.46936/10.25585/60007560,,public_archives,SAMN06268369,OP-RAMG-01,Obsidian Pool,hot_spring,,EarthChem,08CP39,whole_rock,"IGNEOUS,VOLCANIC,FELSIC,RHYOLITE",08CP39,44.733,-110.4458,13.676154550460796,99.99999999838,76.02947143,0.3455296669,12.5636267,,,1.934763715,0.02184103753,0.0266788577,0.658986003,3.394196417,4.993490703,,0.03141546825,0.5,,,0.3360906463,3.6,56.8,1083.609687,,146.8,3.1,12.67779673,6.67443179,1.950485326,20.5,12.48464798,,2.48913948,77.20333599,,0.9002606461,49.40169468,66.12158842,30.4,18.01976937,173.9158838,5.9,13.90374048,,76.14910452,3.405900219,2.12221546,24.23505446,,,5.802778734,,62.49148187,5.896444724,375.4,3019877.0,133.0,Undivided surficial deposits,Major:{unconsolidated siliciclastic},"Original map source: Green, Gregory N., and Drouillard, Patricia H., 1994, The Digital Geologic Map of Wyoming in ARC/INFO Format: U.S. Geological Survey Open-File Report 94-0425, scale 1:500,000.",3.0,Holocene,4.0,Pleistocene,#F9F97F,0.0,2.588,Cenozoic,subsurface,subsurface_sample,subsurface
,SRR5248301,public_archives,,,,,,,,intraplate,,,,,,,,,,,,,44.61,-110.44,2396.0,56.0,5.7,,,,,,,,,,,,,,,,,,,,,,,,,,,,,,,,,,,,,,,,,,,,,,,,,,,,,,,,,,,,,,,,,,,,,,,,,,,,,,,,,,,,,,,,,,,,,,,,,,,,,,,,,,,,,,,,,,,,,,,,,,,,,,,,,,,,,,,,,,,,,,,,,,,,,,,,,,,,PRJNA366344,10.46936/10.25585/60007560,,public_archives,SAMN06268446,site 1 bottle 13,Obsidian Pool,hot_spring,,EarthChem,08CP39,whole_rock,"IGNEOUS,VOLCANIC,FELSIC,RHYOLITE",08CP39,44.733,-110.4458,13.676154550460796,99.99999999838,76.02947143,0.3455296669,12.5636267,,,1.934763715,0.02184103753,0.0266788577,0.658986003,3.394196417,4.993490703,,0.03141546825,0.5,,,0.3360906463,3.6,56.8,1083.609687,,146.8,3.1,12.67779673,6.67443179,1.950485326,20.5,12.48464798,,2.48913948,77.20333599,,0.9002606461,49.40169468,66.12158842,30.4,18.01976937,173.9158838,5.9,13.90374048,,76.14910452,3.405900219,2.12221546,24.23505446,,,5.802778734,,62.49148187,5.896444724,375.4,3019877.0,133.0,Undivided surficial deposits,Major:{unconsolidated siliciclastic},"Original map source: Green, Gregory N., and Drouillard, Patricia H., 1994, The Digital Geologic Map of Wyoming in ARC/INFO Format: U.S. Geological Survey Open-File Report 94-0425, scale 1:500,000.",3.0,Holocene,4.0,Pleistocene,#F9F97F,0.0,2.588,Cenozoic,subsurface,subsurface_sample,subsurface
,SRR5248302,public_archives,,,,,,,,intraplate,,,,,,,,,,,,,44.61,-110.44,2396.0,56.0,5.7,,,,,,,,,,,,,,,,,,,,,,,,,,,,,,,,,,,,,,,,,,,,,,,,,,,,,,,,,,,,,,,,,,,,,,,,,,,,,,,,,,,,,,,,,,,,,,,,,,,,,,,,,,,,,,,,,,,,,,,,,,,,,,,,,,,,,,,,,,,,,,,,,,,,,,,,,,,,PRJNA366345,10.46936/10.25585/60007560,,public_archives,SAMN06268447,site 1 bottle 14,Obsidian Pool,hot_spring,,EarthChem,08CP39,whole_rock,"IGNEOUS,VOLCANIC,FELSIC,RHYOLITE",08CP39,44.733,-110.4458,13.676154550460796,99.99999999838,76.02947143,0.3455296669,12.5636267,,,1.934763715,0.02184103753,0.0266788577,0.658986003,3.394196417,4.993490703,,0.03141546825,0.5,,,0.3360906463,3.6,56.8,1083.609687,,146.8,3.1,12.67779673,6.67443179,1.950485326,20.5,12.48464798,,2.48913948,77.20333599,,0.9002606461,49.40169468,66.12158842,30.4,18.01976937,173.9158838,5.9,13.90374048,,76.14910452,3.405900219,2.12221546,24.23505446,,,5.802778734,,62.49148187,5.896444724,375.4,3019877.0,133.0,Undivided surficial deposits,Major:{unconsolidated siliciclastic},"Original map source: Green, Gregory N., and Drouillard, Patricia H., 1994, The Digital Geologic Map of Wyoming in ARC/INFO Format: U.S. Geological Survey Open-File Report 94-0425, scale 1:500,000.",3.0,Holocene,4.0,Pleistocene,#F9F97F,0.0,2.588,Cenozoic,subsurface,subsurface_sample,subsurface
,SRR5248365,public_archives,,,,,,,,intraplate,,,,,,,,,,,,,44.61,-110.44,2396.0,56.0,5.7,,,,,,,,,,,,,,,,,,,,,,,,,,,,,,,,,,,,,,,,,,,,,,,,,,,,,,,,,,,,,,,,,,,,,,,,,,,,,,,,,,,,,,,,,,,,,,,,,,,,,,,,,,,,,,,,,,,,,,,,,,,,,,,,,,,,,,,,,,,,,,,,,,,,,,,,,,,,PRJNA366346,10.46936/10.25585/60007560,,public_archives,SAMN06268448,site 1 bottle C1,Obsidian Pool,hot_spring,,EarthChem,08CP39,whole_rock,"IGNEOUS,VOLCANIC,FELSIC,RHYOLITE",08CP39,44.733,-110.4458,13.676154550460796,99.99999999838,76.02947143,0.3455296669,12.5636267,,,1.934763715,0.02184103753,0.0266788577,0.658986003,3.394196417,4.993490703,,0.03141546825,0.5,,,0.3360906463,3.6,56.8,1083.609687,,146.8,3.1,12.67779673,6.67443179,1.950485326,20.5,12.48464798,,2.48913948,77.20333599,,0.9002606461,49.40169468,66.12158842,30.4,18.01976937,173.9158838,5.9,13.90374048,,76.14910452,3.405900219,2.12221546,24.23505446,,,5.802778734,,62.49148187,5.896444724,375.4,3019877.0,133.0,Undivided surficial deposits,Major:{unconsolidated siliciclastic},"Original map source: Green, Gregory N., and Drouillard, Patricia H., 1994, The Digital Geologic Map of Wyoming in ARC/INFO Format: U.S. Geological Survey Open-File Report 94-0425, scale 1:500,000.",3.0,Holocene,4.0,Pleistocene,#F9F97F,0.0,2.588,Cenozoic,subsurface,subsurface_sample,subsurface
,SRR5248300,public_archives,,,,,,,,intraplate,,,,,,,,,,,,,44.61,-110.44,2396.0,56.0,5.7,,,,,,,,,,,,,,,,,,,,,,,,,,,,,,,,,,,,,,,,,,,,,,,,,,,,,,,,,,,,,,,,,,,,,,,,,,,,,,,,,,,,,,,,,,,,,,,,,,,,,,,,,,,,,,,,,,,,,,,,,,,,,,,,,,,,,,,,,,,,,,,,,,,,,,,,,,,,PRJNA366342,10.46936/10.25585/60007560,,public_archives,SAMN06268588,site 2 bottle 7,Obsidian Pool,hot_spring,,EarthChem,08CP39,whole_rock,"IGNEOUS,VOLCANIC,FELSIC,RHYOLITE",08CP39,44.733,-110.4458,13.676154550460796,99.99999999838,76.02947143,0.3455296669,12.5636267,,,1.934763715,0.02184103753,0.0266788577,0.658986003,3.394196417,4.993490703,,0.03141546825,0.5,,,0.3360906463,3.6,56.8,1083.609687,,146.8,3.1,12.67779673,6.67443179,1.950485326,20.5,12.48464798,,2.48913948,77.20333599,,0.9002606461,49.40169468,66.12158842,30.4,18.01976937,173.9158838,5.9,13.90374048,,76.14910452,3.405900219,2.12221546,24.23505446,,,5.802778734,,62.49148187,5.896444724,375.4,3019877.0,133.0,Undivided surficial deposits,Major:{unconsolidated siliciclastic},"Original map source: Green, Gregory N., and Drouillard, Patricia H., 1994, The Digital Geologic Map of Wyoming in ARC/INFO Format: U.S. Geological Survey Open-File Report 94-0425, scale 1:500,000.",3.0,Holocene,4.0,Pleistocene,#F9F97F,0.0,2.588,Cenozoic,subsurface,subsurface_sample,subsurface
,SRR5248299,public_archives,,,,,,,,intraplate,,,,,,,,,,,,,44.61,-110.44,2396.0,56.0,5.7,,,,,,,,,,,,,,,,,,,,,,,,,,,,,,,,,,,,,,,,,,,,,,,,,,,,,,,,,,,,,,,,,,,,,,,,,,,,,,,,,,,,,,,,,,,,,,,,,,,,,,,,,,,,,,,,,,,,,,,,,,,,,,,,,,,,,,,,,,,,,,,,,,,,,,,,,,,,PRJNA366343,10.46936/10.25585/60007560,,public_archives,SAMN06268589,site 3 bottle 8,Obsidian Pool,hot_spring,,EarthChem,08CP39,whole_rock,"IGNEOUS,VOLCANIC,FELSIC,RHYOLITE",08CP39,44.733,-110.4458,13.676154550460796,99.99999999838,76.02947143,0.3455296669,12.5636267,,,1.934763715,0.02184103753,0.0266788577,0.658986003,3.394196417,4.993490703,,0.03141546825,0.5,,,0.3360906463,3.6,56.8,1083.609687,,146.8,3.1,12.67779673,6.67443179,1.950485326,20.5,12.48464798,,2.48913948,77.20333599,,0.9002606461,49.40169468,66.12158842,30.4,18.01976937,173.9158838,5.9,13.90374048,,76.14910452,3.405900219,2.12221546,24.23505446,,,5.802778734,,62.49148187,5.896444724,375.4,3019877.0,133.0,Undivided surficial deposits,Major:{unconsolidated siliciclastic},"Original map source: Green, Gregory N., and Drouillard, Patricia H., 1994, The Digital Geologic Map of Wyoming in ARC/INFO Format: U.S. Geological Survey Open-File Report 94-0425, scale 1:500,000.",3.0,Holocene,4.0,Pleistocene,#F9F97F,0.0,2.588,Cenozoic,subsurface,subsurface_sample,subsurface
,SRR5247127,public_archives,,,,,,,,intraplate,,,,,,,,,,,,,44.73883,-110.32578,2743.0,88.0,2.6,,,,,,,,,,,,,,,,,,,,,,,,,,,,,,,,,,,,,,,,,,,,,,,,,,,,,,,,,,,,,,,,,,,,,,,,,,,,,,,,,,,,,,,,,,,,,,,,,,,,,,,,,,,,,,,,,,,,,,,,,,,,,,,,,,,,,,,,,,,,,,,,,,,,,,,,,,,,PRJNA366310,10.46936/10.25585/60000772,biofilm,public_archives,SAMN06268698,JC2_E,Joseph's Coat,hot_spring,,EarthChem,923,whole_rock,"IGNEOUS,VOLCANIC,FELSIC,RHYOLITE",923,44.6978,-110.2935,5.227861646356099,100.00001024213,75.99150812,0.3412263288,12.51351381,,,2.158470404,0.0224273963,0.08238405374,0.6457942638,3.277196881,4.932418643,,0.03507034149,1.3,,,2.0,,63.6,1001.482644,,156.4,2.8,13.21563362,7.040013771,1.892736746,20.0,12.91054128,,2.614780679,82.72333345,,0.9317781193,48.8,67.14719156,26.3,18.45594284,171.1,,13.82864469,,70.3,3.44244731,2.175955396,23.71871299,,,5.331135967,,66.48903613,6.2556595,372.7249514,2828591.0,133.0,Undivided surficial deposits,Major:{unconsolidated siliciclastic},"Original map source: Green, Gregory N., and Drouillard, Patricia H., 1994, The Digital Geologic Map of Wyoming in ARC/INFO Format: U.S. Geological Survey Open-File Report 94-0425, scale 1:500,000.",3.0,Holocene,4.0,Pleistocene,#F9F97F,0.0,2.588,Cenozoic,subsurface_biofilm,subsurface_sample,subsurface
,SRR6207163,public_archives,,,,,,,,intraplate,,,,,,,,,,,,,44.38,-110.69,2154.0,92.3,9.0,,,,,,,,,,,,,,,,,,,,,,,,,,,,,,,,,,,,,,,,,,,,,,,,,,,,,,,,,,,,,,,,,,,,,,,,,,,,,,,,,,,,,,,,,,,,,,,,,,,,,,,,,,,,,,,,,,,,,,,,,,,,,,,,,,,,,,,,,,,,,,,,,,,,,,,,,,,,PRJNA366311,10.46936/10.25585/60000772,sediment,public_archives,SAMN06268699,Con_C,Conch Hot Spring,hot_spring,,EarthChem,D101812,whole_rock,"IGNEOUS,VOLCANIC,FELSIC,RHYOLITE",D101811,44.3667,-110.617,6.002977889633653,99.3039126,76.44,0.14,12.09,0.46,1.0,1.4139126,0.04,,0.45,3.55,5.16,,0.02,2.0,1.0,6.0,2.0,2.5,10.0,190.0,,,0.5,,,,17.0,,,,120.0,,,57.0,,26.0,,,3.0,,0.5,10.0,,,,0.094,,,,88.0,8.0,250.0,958230.0,7.0,Quaternary volcanic: felsic rocks,volcanic: felsic rocks,,421.0,Quaternary,421.0,Quaternary,#F9F97F,0.0,2.588,Cenozoic,subsurface_sediment,subsurface_sample,subsurface
,SRR5681517,public_archives,,,,,,,,intraplate,,,,,,,,,,,,,44.72,-110.7,2288.0,63.5,3.3,,,,,,,,,,,,,,,,,,,,,,,,,,,,,,,,,,,,,,,,,,,,,,,,,,,,,,,,,,,,,,,,,,,,,,,,,,,,,,,,,,,,,,,,,,,,,,,,,,,,,,,,,,,,,,,,,,,,,,,,,,,,,,,,,,,,,,,,,,,,,,,,,,,,,,,,,,,,PRJNA375677,10.46936/10.25585/60001042,biofilm,public_archives,SAMN06343747,ECH_B host_MetaG,Echinus Geyser,geyser,,EarthChem,C131957,whole_rock,UNKNOWN,C131957,44.75333,-110.725,4.199954551187343,98.42969599999999,75.7,0.17,12.7,1.6,,1.439696,0.01,0.05,0.3,2.98,5.01,,0.07,8.0,0.2,2.2,0.5,6.0,61.0,430.0,4.8,59.0,0.5,4.9,3.3,0.87,20.0,3.8,,1.0,35.0,14.0,,72.0,23.0,,6.5,,,4.8,5.6,14.0,3.8,0.75,26.0,,0.7,2.1,1.0,20.0,0.51,220.0,2718426.0,133.0,"Rhyolite flows, tuff, and intrusive igneous rocks","Major:{rhyolite}, Minor:{plutonic}","Original map source: Green, Gregory N., and Drouillard, Patricia H., 1994, The Digital Geologic Map of Wyoming in ARC/INFO Format: U.S. Geological Survey Open-File Report 94-0425, scale 1:500,000.",4.0,Pleistocene,4.0,Pleistocene,#FFF2AE,0.0117,2.3304,Pleistocene,subsurface_biofilm,subsurface_sample,subsurface
,SRR5682117,public_archives,,,,,,,,intraplate,,,,,,,,,,,,,44.72,-110.7,2288.0,63.5,3.3,,,,,,,,,,,,,,,,,,,,,,,,,,,,,,,,,,,,,,,,,,,,,,,,,,,,,,,,,,,,,,,,,,,,,,,,,,,,,,,,,,,,,,,,,,,,,,,,,,,,,,,,,,,,,,,,,,,,,,,,,,,,,,,,,,,,,,,,,,,,,,,,,,,,,,,,,,,,PRJNA375678,10.46936/10.25585/60001042,biofilm,public_archives,SAMN06343748,ECH_B host_MetaG,Echinus Geyser,geyser,,EarthChem,C131957,whole_rock,UNKNOWN,C131957,44.75333,-110.725,4.199954551187343,98.42969599999999,75.7,0.17,12.7,1.6,,1.439696,0.01,0.05,0.3,2.98,5.01,,0.07,8.0,0.2,2.2,0.5,6.0,61.0,430.0,4.8,59.0,0.5,4.9,3.3,0.87,20.0,3.8,,1.0,35.0,14.0,,72.0,23.0,,6.5,,,4.8,5.6,14.0,3.8,0.75,26.0,,0.7,2.1,1.0,20.0,0.51,220.0,2718426.0,133.0,"Rhyolite flows, tuff, and intrusive igneous rocks","Major:{rhyolite}, Minor:{plutonic}","Original map source: Green, Gregory N., and Drouillard, Patricia H., 1994, The Digital Geologic Map of Wyoming in ARC/INFO Format: U.S. Geological Survey Open-File Report 94-0425, scale 1:500,000.",4.0,Pleistocene,4.0,Pleistocene,#FFF2AE,0.0117,2.3304,Pleistocene,subsurface_biofilm,subsurface_sample,subsurface
,SRR5682124,public_archives,,,,,,,,intraplate,,,,,,,,,,,,,44.72,-110.7,2288.0,63.5,3.3,,,,,,,,,,,,,,,,,,,,,,,,,,,,,,,,,,,,,,,,,,,,,,,,,,,,,,,,,,,,,,,,,,,,,,,,,,,,,,,,,,,,,,,,,,,,,,,,,,,,,,,,,,,,,,,,,,,,,,,,,,,,,,,,,,,,,,,,,,,,,,,,,,,,,,,,,,,,PRJNA375679,10.46936/10.25585/60001042,biofilm,public_archives,SAMN06343749,ECH_C virus_MetaG,Echinus Geyser,geyser,,EarthChem,C131957,whole_rock,UNKNOWN,C131957,44.75333,-110.725,4.199954551187343,98.42969599999999,75.7,0.17,12.7,1.6,,1.439696,0.01,0.05,0.3,2.98,5.01,,0.07,8.0,0.2,2.2,0.5,6.0,61.0,430.0,4.8,59.0,0.5,4.9,3.3,0.87,20.0,3.8,,1.0,35.0,14.0,,72.0,23.0,,6.5,,,4.8,5.6,14.0,3.8,0.75,26.0,,0.7,2.1,1.0,20.0,0.51,220.0,2718426.0,133.0,"Rhyolite flows, tuff, and intrusive igneous rocks","Major:{rhyolite}, Minor:{plutonic}","Original map source: Green, Gregory N., and Drouillard, Patricia H., 1994, The Digital Geologic Map of Wyoming in ARC/INFO Format: U.S. Geological Survey Open-File Report 94-0425, scale 1:500,000.",4.0,Pleistocene,4.0,Pleistocene,#FFF2AE,0.0117,2.3304,Pleistocene,subsurface_biofilm,subsurface_sample,subsurface
,SRR5682125,public_archives,,,,,,,,intraplate,,,,,,,,,,,,,44.72,-110.7,2288.0,63.5,3.3,,,,,,,,,,,,,,,,,,,,,,,,,,,,,,,,,,,,,,,,,,,,,,,,,,,,,,,,,,,,,,,,,,,,,,,,,,,,,,,,,,,,,,,,,,,,,,,,,,,,,,,,,,,,,,,,,,,,,,,,,,,,,,,,,,,,,,,,,,,,,,,,,,,,,,,,,,,,PRJNA375680,10.46936/10.25585/60001042,biofilm,public_archives,SAMN06343750,ECH_C host_MetaG,Echinus Geyser,geyser,,EarthChem,C131957,whole_rock,UNKNOWN,C131957,44.75333,-110.725,4.199954551187343,98.42969599999999,75.7,0.17,12.7,1.6,,1.439696,0.01,0.05,0.3,2.98,5.01,,0.07,8.0,0.2,2.2,0.5,6.0,61.0,430.0,4.8,59.0,0.5,4.9,3.3,0.87,20.0,3.8,,1.0,35.0,14.0,,72.0,23.0,,6.5,,,4.8,5.6,14.0,3.8,0.75,26.0,,0.7,2.1,1.0,20.0,0.51,220.0,2718426.0,133.0,"Rhyolite flows, tuff, and intrusive igneous rocks","Major:{rhyolite}, Minor:{plutonic}","Original map source: Green, Gregory N., and Drouillard, Patricia H., 1994, The Digital Geologic Map of Wyoming in ARC/INFO Format: U.S. Geological Survey Open-File Report 94-0425, scale 1:500,000.",4.0,Pleistocene,4.0,Pleistocene,#FFF2AE,0.0117,2.3304,Pleistocene,subsurface_biofilm,subsurface_sample,subsurface
,SRR5682141,public_archives,,,,,,,,intraplate,,,,,,,,,,,,,44.73,-110.71,2288.0,67.0,2.9,,,,,,,,,,,,,,,,,,,,,,,,,,,,,,,,,,,,,,,,,,,,,,,,,,,,,,,,,,,,,,,,,,,,,,,,,,,,,,,,,,,,,,,,,,,,,,,,,,,,,,,,,,,,,,,,,,,,,,,,,,,,,,,,,,,,,,,,,,,,,,,,,,,,,,,,,,,,PRJNA375183,10.46936/10.25585/60001042,biofilm,public_archives,SAMN06343751,BED_virus_MetaG,Beowulf Spring,hot_spring,,EarthChem,BN154A,whole_rock,"IGNEOUS,VOLCANIC,FELSIC,RHYOLITE",BN154A,44.5442,-110.8222,22.484384450277766,96.90700000000001,73.81,0.245,11.96,,,1.62,0.04,0.2,0.68,3.08,5.24,0.0831,0.032,,,,,,,758.0,,151.0,,10.7,6.19,1.12,18.6,10.1,,2.11,75.7,,0.84,44.6,58.1,30.8,16.1,189.0,,11.3,,46.3,,1.7,24.5,,,5.8,,60.3,6.03,280.0,3186305.0,154.0,Cenozoic volcanic rocks,flood basalt(s); mafic volcanic rocks; basalt,Columbia Plateau,2.0,Neogene,2.0,Neogene,#FFFF00,2.588,23.03,Neogene,subsurface_biofilm,subsurface_sample,subsurface
,SRR5682896,public_archives,,,,,,,,intraplate,,,,,,,,,,,,,44.9,-110.7,2288.0,67.0,2.9,,,,,,,,,,,,,,,,,,,,,,,,,,,,,,,,,,,,,,,,,,,,,,,,,,,,,,,,,,,,,,,,,,,,,,,,,,,,,,,,,,,,,,,,,,,,,,,,,,,,,,,,,,,,,,,,,,,,,,,,,,,,,,,,,,,,,,,,,,,,,,,,,,,,,,,,,,,,PRJNA375184,10.46936/10.25585/60001042,biofilm,public_archives,SAMN06343752,BED_host_MetaG,Beowulf Spring,hot_spring,,EarthChem,SM9721,whole_rock,"IGNEOUS,VOLCANIC",SM9721,44.99,-110.77,11.42610880240448,98.508575,58.38,0.71,15.92,7.5,,6.748575,0.1,4.37,6.54,3.33,2.17,,0.24,,,,48.0,142.0,,1383.0,,63.86,146.0,,,1.33,,,,,31.33,,0.18,7.2,21.0,17.0,,37.0,19.37,4.29,,775.0,0.33,0.5,4.54,,,1.04,,15.0,1.3,149.0,2773574.0,133.0,Basalt flows and intrusive igneous rocks,"Major:{basalt,plutonic}, Incidental:{gravel, sand, silt}","Original map source: Green, Gregory N., and Drouillard, Patricia H., 1994, The Digital Geologic Map of Wyoming in ARC/INFO Format: U.S. Geological Survey Open-File Report 94-0425, scale 1:500,000.",4.0,Pleistocene,4.0,Pleistocene,#F9F97F,0.0117,1.6219,Pleistocene,subsurface_biofilm,subsurface_sample,subsurface
,SRR5682979,public_archives,,,,,,,,intraplate,,,,,,,,,,,,,44.73,-110.71,2288.0,72.0,3.5,,,,,,,,,,,,,,,,,,,,,,,,,,,,,,,,,,,,,,,,,,,,,,,,,,,,,,,,,,,,,,,,,,,,,,,,,,,,,,,,,,,,,,,,,,,,,,,,,,,,,,,,,,,,,,,,,,,,,,,,,,,,,,,,,,,,,,,,,,,,,,,,,,,,,,,,,,,,PRJNA375185,10.46936/10.25585/60001042,biofilm,public_archives,SAMN06343753,OSPB_host_MetaG,One Hundred Spring,hot_spring,,EarthChem,BN154A,whole_rock,"IGNEOUS,VOLCANIC,FELSIC,RHYOLITE",BN154A,44.5442,-110.8222,22.484384450277766,96.90700000000001,73.81,0.245,11.96,,,1.62,0.04,0.2,0.68,3.08,5.24,0.0831,0.032,,,,,,,758.0,,151.0,,10.7,6.19,1.12,18.6,10.1,,2.11,75.7,,0.84,44.6,58.1,30.8,16.1,189.0,,11.3,,46.3,,1.7,24.5,,,5.8,,60.3,6.03,280.0,3186305.0,154.0,Cenozoic volcanic rocks,flood basalt(s); mafic volcanic rocks; basalt,Columbia Plateau,2.0,Neogene,2.0,Neogene,#FFFF00,2.588,23.03,Neogene,subsurface_biofilm,subsurface_sample,subsurface
,SRR5650826,public_archives,,,,,,,,intraplate,,,,,,,,,,,,,44.56007742,-110.86,2278.0,94.5,8.99,,,,,,,,,,,,,,,,,,,,,,,,,,,,,,,,,,,,,,,,,,,,,,,,,,,,,,,,,,,,,,,,,,,,,,,,,,,,,,,,,,,,,,,,,,,,,,,,,,,,,,,,,,,,,,,,,,,,,,,,,,,,,,,,,,,,,,,,,,,,,,,,,,,,,,,,,,,,PRJNA378813,10.7554/eLife.26580,sediment,public_archives,SAMN06562582,YNP Mound Spring,Mound Spring,hot_spring,,EarthChem,BN154A,whole_rock,"IGNEOUS,VOLCANIC,FELSIC,RHYOLITE",BN154A,44.5442,-110.8222,3.483411365277876,96.90700000000001,73.81,0.245,11.96,,,1.62,0.04,0.2,0.68,3.08,5.24,0.0831,0.032,,,,,,,758.0,,151.0,,10.7,6.19,1.12,18.6,10.1,,2.11,75.7,,0.84,44.6,58.1,30.8,16.1,189.0,,11.3,,46.3,,1.7,24.5,,,5.8,,60.3,6.03,280.0,2828616.0,133.0,Undivided surficial deposits,Major:{unconsolidated siliciclastic},"Original map source: Green, Gregory N., and Drouillard, Patricia H., 1994, The Digital Geologic Map of Wyoming in ARC/INFO Format: U.S. Geological Survey Open-File Report 94-0425, scale 1:500,000.",3.0,Holocene,4.0,Pleistocene,#F9F97F,0.0,2.588,Cenozoic,subsurface_sediment,subsurface_sample,subsurface
,SRR5451033,public_archives,,,,,,,,plate margin,,,,,,,,,,,,,-42.27,-72.27,1292.0,48.0,7.1,,,,,,,,,,,,,,,,,,,,,,,,,,,,,,,,,,,,,,,,,,,,,,,,,,,,,,,,,,,,,,,,,,,,,,,,,,,,,,,,,,,,,,,,,,,,,,,,,,,,,,,,,,,,,,,,,,,,,,,,,,,,,,,,,,,,,,,,,,,,,,,,,,,,,,,,,,,,PRJNA382437,10.3389/fmicb.2018.02039,biofilm,public_archives,SAMN06706385,Porcela 48D,Porcela Hot Spring,hot_spring,,EarthChem,822-6C,whole_rock,Igneous - Intermediate - Andesite,822-6C,-42.4,-72.6,30.792736349787155,98.828347,53.1,0.8,19.5,8.7,,7.828347,0.2,4.6,8.8,3.3,0.5,,0.2,30.0,15.0,0.8,8.0,172.0,80.0,178.0,,18.1,13.0,3.2,1.9,,20.0,3.3,,0.6,7.4,,0.3,5.0,12.1,,2.6,10.0,22.0,3.1,0.5,390.0,0.3,0.5,,,,0.3,,20.0,1.9,85.0,3192580.0,154.0,Mesozoic-Cenozoic intrusive rocks,intrusive igneous rocks,,474.0,Tertiary,48.0,Jurassic,#9AD9DD,2.588,201.3,Phanerozoic,subsurface_biofilm,subsurface_sample,subsurface
,SRR5451032,public_archives,,,,,,,,plate margin,,,,,,,,,,,,,-42.27,-72.27,1292.0,58.0,6.8,,,,,,,,,,,,,,,,,,,,,,,,,,,,,,,,,,,,,,,,,,,,,,,,,,,,,,,,,,,,,,,,,,,,,,,,,,,,,,,,,,,,,,,,,,,,,,,,,,,,,,,,,,,,,,,,,,,,,,,,,,,,,,,,,,,,,,,,,,,,,,,,,,,,,,,,,,,,PRJNA382437,10.3389/fmicb.2018.02039,biofilm,public_archives,SAMN06706403,Porcela 58D,Porcela Hot Spring,hot_spring,,EarthChem,822-6C,whole_rock,Igneous - Intermediate - Andesite,822-6C,-42.4,-72.6,30.792736349787155,98.828347,53.1,0.8,19.5,8.7,,7.828347,0.2,4.6,8.8,3.3,0.5,,0.2,30.0,15.0,0.8,8.0,172.0,80.0,178.0,,18.1,13.0,3.2,1.9,,20.0,3.3,,0.6,7.4,,0.3,5.0,12.1,,2.6,10.0,22.0,3.1,0.5,390.0,0.3,0.5,,,,0.3,,20.0,1.9,85.0,3192580.0,154.0,Mesozoic-Cenozoic intrusive rocks,intrusive igneous rocks,,474.0,Tertiary,48.0,Jurassic,#9AD9DD,2.588,201.3,Phanerozoic,subsurface_biofilm,subsurface_sample,subsurface
,SRR5451031,public_archives,,,,,,,,plate margin,,,,,,,,,,,,,-42.27,-72.27,1292.0,66.0,6.8,,,,,,,,,,,,,,,,,,,,,,,,,,,,,,,,,,,,,,,,,,,,,,,,,,,,,,,,,,,,,,,,,,,,,,,,,,,,,,,,,,,,,,,,,,,,,,,,,,,,,,,,,,,,,,,,,,,,,,,,,,,,,,,,,,,,,,,,,,,,,,,,,,,,,,,,,,,,PRJNA382437,10.3389/fmicb.2018.02039,biofilm,public_archives,SAMN06706421,Porcela 66D,Porcela Hot Spring,hot_spring,,EarthChem,822-6C,whole_rock,Igneous - Intermediate - Andesite,822-6C,-42.4,-72.6,30.792736349787155,98.828347,53.1,0.8,19.5,8.7,,7.828347,0.2,4.6,8.8,3.3,0.5,,0.2,30.0,15.0,0.8,8.0,172.0,80.0,178.0,,18.1,13.0,3.2,1.9,,20.0,3.3,,0.6,7.4,,0.3,5.0,12.1,,2.6,10.0,22.0,3.1,0.5,390.0,0.3,0.5,,,,0.3,,20.0,1.9,85.0,3192580.0,154.0,Mesozoic-Cenozoic intrusive rocks,intrusive igneous rocks,,474.0,Tertiary,48.0,Jurassic,#9AD9DD,2.588,201.3,Phanerozoic,subsurface_biofilm,subsurface_sample,subsurface
,SRR6056608,public_archives,,,,,,,,plate margin,,,,,,,,,,,,,36.53,25.49,-505.0,22.0,5.0,,,,,,,,,,,,,,,,,,,,,,,,,,,,,,,,,,,,,,,,,,,,,,,,,,,,,,,,,,,,,,,,,,,,,,,,,,,,,,,,,,,,,,,,,,,,,,,,,,,,,,,,,,,,,,,,,,,,,,,,,,,,,,,,,,,,,,,,,,,,,,,,,,,,,,,,,,,,PRJNA405472,10.46936/10.25585/60000621,biofilm,public_archives,SAMN07631022,2SBTROV14_V59a,chimney V59,deep_vent,,Publication,https://doi.org/10.1002/2016GC006398,whole_rock,ANDESITE,NA007-115,36.518321,25.480971,1.527602077901733,99.95600000000002,60.15,0.84,17.66,,6.23,6.23,0.15,2.5,6.33,3.82,2.1,0.042,0.176,13.6,12.57,0.38,1.69,124.7,,357.4,1.37,34.08,1.11,3.9,2.42,1.18,17.81,3.82,,0.82,16.55,9.65,0.377,9.76,17.17,10.0,4.2,35.5,20.89,3.81,,538.6,0.614,0.628,5.0,4122.0,0.48,1.37,0.15,24.22,2.47,151.1,3149154.0,147.0,submarine continental crust,,,,,,,,,,,subsurface_biofilm,subsurface_sample,subsurface
,SRR6056610,public_archives,,,,,,,,plate margin,,,,,,,,,,,,,36.53,25.49,-505.0,70.0,5.0,,,,,,,,,,,,,,,,,,,,,,,,,,,,,,,,,,,,,,,,,,,,,,,,,,,,,,,,,,,,,,,,,,,,,,,,,,,,,,,,,,,,,,,,,,,,,,,,,,,,,,,,,,,,,,,,,,,,,,,,,,,,,,,,,,,,,,,,,,,,,,,,,,,,,,,,,,,,PRJNA588800,10.46936/10.25585/60000621,biofilm,public_archives,SAMN07631024,4SBTROV10_white,ictive area of Kolumbo,deep_vent,,Publication,https://doi.org/10.1002/2016GC006398,whole_rock,ANDESITE,NA007-115,36.518321,25.480971,1.527602077901733,99.95600000000002,60.15,0.84,17.66,,6.23,6.23,0.15,2.5,6.33,3.82,2.1,0.042,0.176,13.6,12.57,0.38,1.69,124.7,,357.4,1.37,34.08,1.11,3.9,2.42,1.18,17.81,3.82,,0.82,16.55,9.65,0.377,9.76,17.17,10.0,4.2,35.5,20.89,3.81,,538.6,0.614,0.628,5.0,4122.0,0.48,1.37,0.15,24.22,2.47,151.1,3149154.0,147.0,submarine continental crust,,,,,,,,,,,subsurface_biofilm,subsurface_sample,subsurface
,SRR6049666,public_archives,,,,,,,,intraplate,,,,,,,,,,,,,44.61,-110.44,2396.0,56.0,5.7,,,,,,,,,,,,,,,,,,,,,,,,,,,,,,,,,,,,,,,,,,,,,,,,,,,,,,,,,,,,,,,,,,,,,,,,,,,,,,,,,,,,,,,,,,,,,,,,,,,,,,,,,,,,,,,,,,,,,,,,,,,,,,,,,,,,,,,,,,,,,,,,,,,,,,,,,,,,PRJNA405918,10.46936/10.25585/60007560,sediment,public_archives,SAMN07631051,OP-RAMG-02,Obsidian Pool,hot_spring,,EarthChem,08CP39,whole_rock,"IGNEOUS,VOLCANIC,FELSIC,RHYOLITE",08CP39,44.733,-110.4458,13.676154550460796,99.99999999838,76.02947143,0.3455296669,12.5636267,,,1.934763715,0.02184103753,0.0266788577,0.658986003,3.394196417,4.993490703,,0.03141546825,0.5,,,0.3360906463,3.6,56.8,1083.609687,,146.8,3.1,12.67779673,6.67443179,1.950485326,20.5,12.48464798,,2.48913948,77.20333599,,0.9002606461,49.40169468,66.12158842,30.4,18.01976937,173.9158838,5.9,13.90374048,,76.14910452,3.405900219,2.12221546,24.23505446,,,5.802778734,,62.49148187,5.896444724,375.4,3019877.0,133.0,Undivided surficial deposits,Major:{unconsolidated siliciclastic},"Original map source: Green, Gregory N., and Drouillard, Patricia H., 1994, The Digital Geologic Map of Wyoming in ARC/INFO Format: U.S. Geological Survey Open-File Report 94-0425, scale 1:500,000.",3.0,Holocene,4.0,Pleistocene,#F9F97F,0.0,2.588,Cenozoic,subsurface_sediment,subsurface_sample,subsurface
,SRR6344962,public_archives,,,,,,,,plate margin,,,,,,,,,,,,,54.29,160.05,5305.0,74.0,5.5,,,,,,,,,,,,,,,,,,,,,,,,,,,,,,,,,,,,,,,,,,,,,,,,,,,,,,,,,,,,,,,,,,,,,,,,,,,,,,,,,,,,,,,,,,,,,,,,,,,,,,,,,,,,,,,,,,,,,,,,,,,,,,,,,,,,,,,,,,,,,,,,,,,,,,,,,,,,PRJNA419931,10.1038/s41598-019-39576-6,sediment,public_archives,SAMN08105287,Zavarzin (Z05),Zavarzin Spring,hot_spring,,EarthChem,1988 L-80,whole_rock,"IGNEOUS,VOLCANIC",1988 L-80,54.27,159.98,5.073905859034642,98.15899999999999,74.44,0.21,13.06,,,1.49,0.064,0.4,1.74,3.98,2.74,,0.035,3.0,,,,10.0,23.0,741.0,,16.0,4.0,,,,11.0,,,,11.0,,,1.6,8.0,5.0,,52.0,177.0,,,,,,2.0,,,1.0,,,,87.0,3187536.0,154.0,Cenozoic volcanic rocks,mafic volcanic rocks,,421.0,Quaternary,421.0,Quaternary,#F9F97F,0.0,2.588,Cenozoic,subsurface_sediment,subsurface_sample,subsurface
,SRR6344961,public_archives,,,,,,,,plate margin,,,,,,,,,,,,,54.3,160.02,5305.0,99.0,3.7,,,,,,,,,,,,,,,,,,,,,,,,,,,,,,,,,,,,,,,,,,,,,,,,,,,,,,,,,,,,,,,,,,,,,,,,,,,,,,,,,,,,,,,,,,,,,,,,,,,,,,,,,,,,,,,,,,,,,,,,,,,,,,,,,,,,,,,,,,,,,,,,,,,,,,,,,,,,PRJNA419931,10.1038/s41598-019-39576-6,sediment,public_archives,SAMN08105301,A04,Arkashin,hot_spring,,EarthChem,1988 L-80,whole_rock,"IGNEOUS,VOLCANIC",1988 L-80,54.27,159.98,4.235260899720654,98.15899999999999,74.44,0.21,13.06,,,1.49,0.064,0.4,1.74,3.98,2.74,,0.035,3.0,,,,10.0,23.0,741.0,,16.0,4.0,,,,11.0,,,,11.0,,,1.6,8.0,5.0,,52.0,177.0,,,,,,2.0,,,1.0,,,,87.0,3187536.0,154.0,Cenozoic volcanic rocks,mafic volcanic rocks,,421.0,Quaternary,421.0,Quaternary,#F9F97F,0.0,2.588,Cenozoic,subsurface_sediment,subsurface_sample,subsurface
,SRR6439356,public_archives,,,,,,,,plate margin,,,,,,,,,,,,,-49.39,37.78,-2742.0,,,,,,,,,,,,,,,,,,,,,,,,,,,,,,,,,,,,,,,,,,,,,,,,,,,,,,,,,,,,,,,,,,,,,,,,,,,,,,,,,,,,,,,,,,,,,,,,,,,,,,,,,,,,,,,,,,,,,,,,,,,,,,,,,,,,,,,,,,,,,,,,,,,,,,,,,,,,,,PRJNA428436,,,public_archives,SAMN08290428,SWIR2_deep_sea_vent_2x101bp_30iiirov01,SWIR4,deep_vent,,EarthChem,LC28,whole_rock,"IGNEOUS,VOLCANIC,MAFIC,BASALT",LC28,-46.75,37.75,293.5545010958064,98.3193663663,46.699,2.558,13.08333333,12.10666667,,10.8936997,0.1646666667,11.05366667,10.238,3.083333333,0.2413333333,,0.3043333333,87.526,63.601,,232.555,238.612,84.508,345.0,,69.135,420.352,,,,,,,,30.225,,,27.92,38.675,,,9.85,24.5,,,429.06,,,4.0,,,,,22.34,,189.31,,,,,,,,,,,,,,subsurface,subsurface_sample,subsurface
,SRR6439355,public_archives,,,,,,,,plate margin,,,,,,,,,,,,,-49.38,37.52,-2822.0,,,,,,,,,,,,,,,,,,,,,,,,,,,,,,,,,,,,,,,,,,,,,,,,,,,,,,,,,,,,,,,,,,,,,,,,,,,,,,,,,,,,,,,,,,,,,,,,,,,,,,,,,,,,,,,,,,,,,,,,,,,,,,,,,,,,,,,,,,,,,,,,,,,,,,,,,,,,,,PRJNA428436,,,public_archives,SAMN08290429,SWIR3_deep_sea_vent_2x101bp_30ivtvg01,SWIR4,deep_vent,,EarthChem,LC28,whole_rock,"IGNEOUS,VOLCANIC,MAFIC,BASALT",LC28,-46.75,37.75,292.9354084347086,98.3193663663,46.699,2.558,13.08333333,12.10666667,,10.8936997,0.1646666667,11.05366667,10.238,3.083333333,0.2413333333,,0.3043333333,87.526,63.601,,232.555,238.612,84.508,345.0,,69.135,420.352,,,,,,,,30.225,,,27.92,38.675,,,9.85,24.5,,,429.06,,,4.0,,,,,22.34,,189.31,,,,,,,,,,,,,,subsurface,subsurface_sample,subsurface
,SRR6439354,public_archives,,,,,,,,plate margin,,,,,,,,,,,,,-49.48,37.99,-2328.0,,,,,,,,,,,,,,,,,,,,,,,,,,,,,,,,,,,,,,,,,,,,,,,,,,,,,,,,,,,,,,,,,,,,,,,,,,,,,,,,,,,,,,,,,,,,,,,,,,,,,,,,,,,,,,,,,,,,,,,,,,,,,,,,,,,,,,,,,,,,,,,,,,,,,,,,,,,,,,PRJNA428436,,,public_archives,SAMN08290430,SWIR4_deep_sea_vent_2x101bp_df,SWIR4,deep_vent,,EarthChem,LC28,whole_rock,"IGNEOUS,VOLCANIC,MAFIC,BASALT",LC28,-46.75,37.75,304.08071074101133,98.3193663663,46.699,2.558,13.08333333,12.10666667,,10.8936997,0.1646666667,11.05366667,10.238,3.083333333,0.2413333333,,0.3043333333,87.526,63.601,,232.555,238.612,84.508,345.0,,69.135,420.352,,,,,,,,30.225,,,27.92,38.675,,,9.85,24.5,,,429.06,,,4.0,,,,,22.34,,189.31,,,,,,,,,,,,,,subsurface,subsurface_sample,subsurface
,SRR6439361,public_archives,,,,,,,,plate margin,,,,,,,,,,,,,-49.66,37.47,-1753.0,,,,,,,,,,,,,,,,,,,,,,,,,,,,,,,,,,,,,,,,,,,,,,,,,,,,,,,,,,,,,,,,,,,,,,,,,,,,,,,,,,,,,,,,,,,,,,,,,,,,,,,,,,,,,,,,,,,,,,,,,,,,,,,,,,,,,,,,,,,,,,,,,,,,,,,,,,,,,,PRJNA428436,,,public_archives,SAMN08290431,SWIR5_deep_sea_vent_2x150bp_vent5,SWIR4,deep_vent,,EarthChem,LC28,whole_rock,"IGNEOUS,VOLCANIC,MAFIC,BASALT",LC28,-46.75,37.75,324.2433048913927,98.3193663663,46.699,2.558,13.08333333,12.10666667,,10.8936997,0.1646666667,11.05366667,10.238,3.083333333,0.2413333333,,0.3043333333,87.526,63.601,,232.555,238.612,84.508,345.0,,69.135,420.352,,,,,,,,30.225,,,27.92,38.675,,,9.85,24.5,,,429.06,,,4.0,,,,,22.34,,189.31,,,,,,,,,,,,,,subsurface,subsurface_sample,subsurface
,SRR6439360,public_archives,,,,,,,,plate margin,,,,,,,,,,,,,-49.48,37.52,-1973.0,,,,,,,,,,,,,,,,,,,,,,,,,,,,,,,,,,,,,,,,,,,,,,,,,,,,,,,,,,,,,,,,,,,,,,,,,,,,,,,,,,,,,,,,,,,,,,,,,,,,,,,,,,,,,,,,,,,,,,,,,,,,,,,,,,,,,,,,,,,,,,,,,,,,,,,,,,,,,,PRJNA428436,,,public_archives,SAMN08290432,SWIR6_deep_sea_vent_2x150bp_vent8,SWIR4,deep_vent,,EarthChem,LC28,whole_rock,"IGNEOUS,VOLCANIC,MAFIC,BASALT",LC28,-46.75,37.75,304.0378994993882,98.3193663663,46.699,2.558,13.08333333,12.10666667,,10.8936997,0.1646666667,11.05366667,10.238,3.083333333,0.2413333333,,0.3043333333,87.526,63.601,,232.555,238.612,84.508,345.0,,69.135,420.352,,,,,,,,30.225,,,27.92,38.675,,,9.85,24.5,,,429.06,,,4.0,,,,,22.34,,189.31,,,,,,,,,,,,,,subsurface,subsurface_sample,subsurface
,SRR6439359,public_archives,,,,,,,,plate margin,,,,,,,,,,,,,-51.73,37.47,-1592.0,,,,,,,,,,,,,,,,,,,,,,,,,,,,,,,,,,,,,,,,,,,,,,,,,,,,,,,,,,,,,,,,,,,,,,,,,,,,,,,,,,,,,,,,,,,,,,,,,,,,,,,,,,,,,,,,,,,,,,,,,,,,,,,,,,,,,,,,,,,,,,,,,,,,,,,,,,,,,,PRJNA428436,,,public_archives,SAMN08290433,SWIR7_deep_sea_vent_2x150bp_vent9,SWIR4,deep_vent,,EarthChem,LC28,whole_rock,"IGNEOUS,VOLCANIC,MAFIC,BASALT",LC28,-46.75,37.75,554.2211417559737,98.3193663663,46.699,2.558,13.08333333,12.10666667,,10.8936997,0.1646666667,11.05366667,10.238,3.083333333,0.2413333333,,0.3043333333,87.526,63.601,,232.555,238.612,84.508,345.0,,69.135,420.352,,,,,,,,30.225,,,27.92,38.675,,,9.85,24.5,,,429.06,,,4.0,,,,,22.34,,189.31,,,,,,,,,,,,,,subsurface,subsurface_sample,subsurface
,SRR6439358,public_archives,,,,,,,,plate margin,,,,,,,,,,,,,-48.85,37.99,-1711.0,,,,,,,,,,,,,,,,,,,,,,,,,,,,,,,,,,,,,,,,,,,,,,,,,,,,,,,,,,,,,,,,,,,,,,,,,,,,,,,,,,,,,,,,,,,,,,,,,,,,,,,,,,,,,,,,,,,,,,,,,,,,,,,,,,,,,,,,,,,,,,,,,,,,,,,,,,,,,,PRJNA428436,,,public_archives,SAMN08290434,SWIR8_deep_sea_vent_2x150bp_vent10,SWIR4,deep_vent,,EarthChem,LC28,whole_rock,"IGNEOUS,VOLCANIC,MAFIC,BASALT",LC28,-46.75,37.75,234.18231073005938,98.3193663663,46.699,2.558,13.08333333,12.10666667,,10.8936997,0.1646666667,11.05366667,10.238,3.083333333,0.2413333333,,0.3043333333,87.526,63.601,,232.555,238.612,84.508,345.0,,69.135,420.352,,,,,,,,30.225,,,27.92,38.675,,,9.85,24.5,,,429.06,,,4.0,,,,,22.34,,189.31,,,,,,,,,,,,,,subsurface,subsurface_sample,subsurface
,SRR6439363,public_archives,,,,,,,,plate margin,,,,,,,,,,,,,-14.35,-14.04,-3034.0,,,,,,,,,,,,,,,,,,,,,,,,,,,,,,,,,,,,,,,,,,,,,,,,,,,,,,,,,,,,,,,,,,,,,,,,,,,,,,,,,,,,,,,,,,,,,,,,,,,,,,,,,,,,,,,,,,,,,,,,,,,,,,,,,,,,,,,,,,,,,,,,,,,,,,,,,,,,,,PRJNA428436,,,public_archives,SAMN08290435,SMAR1,SMAR-1,deep_vent,,MORB,MARR189,whole_rock,BASALT,MARR189,-15.014,-13.415,99.64544984771305,98.85999999999999,49.8,1.63,15.77,,,8.66,0.19,7.2,10.64,3.29,0.62,,1.06,76.0,41.1,0.36,105.0,265.0,86.4,92.8,,24.69,249.0,5.33,3.23,1.38,16.7,4.49,,1.15,11.02,5.7,0.44,16.02,14.74,0.84,3.25,9.02,36.7,1.09,1.25,243.0,1.33,0.84,1.158,1.62,0.03,0.338,0.29,30.7,2.96,135.6,,,,,,,,,,,,,,subsurface,subsurface_sample,subsurface
,SRR6439362,public_archives,,,,,,,,plate margin,,,,,,,,,,,,,-13.35,-15.01,-2891.0,,,,,,,,,,,,,,,,,,,,,,,,,,,,,,,,,,,,,,,,,,,,,,,,,,,,,,,,,,,,,,,,,,,,,,,,,,,,,,,,,,,,,,,,,,,,,,,,,,,,,,,,,,,,,,,,,,,,,,,,,,,,,,,,,,,,,,,,,,,,,,,,,,,,,,,,,,,,,,PRJNA428436,,,public_archives,SAMN08290436,SMAR2,SMAR-2,deep_vent,,MORB,MARR187,whole_rock,BASALT,MARR187,-12.919,-14.611,64.3831097379459,99.64,50.33,1.18,16.11,,,8.67,0.18,8.65,11.33,2.69,0.11,,0.39,82.0,46.5,0.31,185.0,253.0,87.4,21.5,,9.79,354.0,4.83,3.02,1.09,15.8,3.77,1.82,1.05,3.25,4.6,0.42,3.58,8.5,0.37,1.61,1.58,35.3,2.96,0.76,127.0,0.23,0.73,0.217,1.34,0.017,0.06,0.08,28.2,2.8,84.8,,,,,,,,,,,,,,subsurface,subsurface_sample,subsurface
,SRR6439365,public_archives,,,,,,,,plate margin,,,,,,,,,,,,,-14.06,-13.02,-2773.0,,,,,,,,,,,,,,,,,,,,,,,,,,,,,,,,,,,,,,,,,,,,,,,,,,,,,,,,,,,,,,,,,,,,,,,,,,,,,,,,,,,,,,,,,,,,,,,,,,,,,,,,,,,,,,,,,,,,,,,,,,,,,,,,,,,,,,,,,,,,,,,,,,,,,,,,,,,,,,PRJNA428436,,,public_archives,SAMN08290437,SMAR3,SMAR-3,deep_vent,,MORB,MARR189,whole_rock,BASALT,MARR189,-15.014,-13.415,113.81629799749211,98.85999999999999,49.8,1.63,15.77,,,8.66,0.19,7.2,10.64,3.29,0.62,,1.06,76.0,41.1,0.36,105.0,265.0,86.4,92.8,,24.69,249.0,5.33,3.23,1.38,16.7,4.49,,1.15,11.02,5.7,0.44,16.02,14.74,0.84,3.25,9.02,36.7,1.09,1.25,243.0,1.33,0.84,1.158,1.62,0.03,0.338,0.29,30.7,2.96,135.6,,,,,,,,,,,,,,subsurface,subsurface_sample,subsurface
,SRR6439364,public_archives,,,,,,,,plate margin,,,,,,,,,,,,,-14.31,-13.35,-2194.0,,,,,,,,,,,,,,,,,,,,,,,,,,,,,,,,,,,,,,,,,,,,,,,,,,,,,,,,,,,,,,,,,,,,,,,,,,,,,,,,,,,,,,,,,,,,,,,,,,,,,,,,,,,,,,,,,,,,,,,,,,,,,,,,,,,,,,,,,,,,,,,,,,,,,,,,,,,,,,PRJNA428436,,,public_archives,SAMN08290438,SMAR4,SMAR-4,deep_vent,,MORB,MARR189,whole_rock,BASALT,MARR189,-15.014,-13.415,78.20844430308449,98.85999999999999,49.8,1.63,15.77,,,8.66,0.19,7.2,10.64,3.29,0.62,,1.06,76.0,41.1,0.36,105.0,265.0,86.4,92.8,,24.69,249.0,5.33,3.23,1.38,16.7,4.49,,1.15,11.02,5.7,0.44,16.02,14.74,0.84,3.25,9.02,36.7,1.09,1.25,243.0,1.33,0.84,1.158,1.62,0.03,0.338,0.29,30.7,2.96,135.6,,,,,,,,,,,,,,subsurface,subsurface_sample,subsurface
,SRR6439367,public_archives,,,,,,,,plate margin,,,,,,,,,,,,,-14.51,-13.58,-2400.0,,,,,,,,,,,,,,,,,,,,,,,,,,,,,,,,,,,,,,,,,,,,,,,,,,,,,,,,,,,,,,,,,,,,,,,,,,,,,,,,,,,,,,,,,,,,,,,,,,,,,,,,,,,,,,,,,,,,,,,,,,,,,,,,,,,,,,,,,,,,,,,,,,,,,,,,,,,,,,PRJNA428436,,,public_archives,SAMN08290439,SMAR5,SMAR-5,deep_vent,,MORB,MARR189,whole_rock,BASALT,MARR189,-15.014,-13.415,58.52714821673949,98.85999999999999,49.8,1.63,15.77,,,8.66,0.19,7.2,10.64,3.29,0.62,,1.06,76.0,41.1,0.36,105.0,265.0,86.4,92.8,,24.69,249.0,5.33,3.23,1.38,16.7,4.49,,1.15,11.02,5.7,0.44,16.02,14.74,0.84,3.25,9.02,36.7,1.09,1.25,243.0,1.33,0.84,1.158,1.62,0.03,0.338,0.29,30.7,2.96,135.6,,,,,,,,,,,,,,subsurface,subsurface_sample,subsurface
,SRR6439366,public_archives,,,,,,,,plate margin,,,,,,,,,,,,,-14.51,-13.35,-1820.0,,,,,,,,,,,,,,,,,,,,,,,,,,,,,,,,,,,,,,,,,,,,,,,,,,,,,,,,,,,,,,,,,,,,,,,,,,,,,,,,,,,,,,,,,,,,,,,,,,,,,,,,,,,,,,,,,,,,,,,,,,,,,,,,,,,,,,,,,,,,,,,,,,,,,,,,,,,,,,PRJNA428436,,,public_archives,SAMN08290440,SMAR6,SMAR-6,deep_vent,,MORB,MARR189,whole_rock,BASALT,MARR189,-15.014,-13.415,56.20321527180477,98.85999999999999,49.8,1.63,15.77,,,8.66,0.19,7.2,10.64,3.29,0.62,,1.06,76.0,41.1,0.36,105.0,265.0,86.4,92.8,,24.69,249.0,5.33,3.23,1.38,16.7,4.49,,1.15,11.02,5.7,0.44,16.02,14.74,0.84,3.25,9.02,36.7,1.09,1.25,243.0,1.33,0.84,1.158,1.62,0.03,0.338,0.29,30.7,2.96,135.6,,,,,,,,,,,,,,subsurface,subsurface_sample,subsurface
,SRR6439369,public_archives,,,,,,,,plate margin,,,,,,,,,,,,,-14.51,-13.58,-2785.0,,,,,,,,,,,,,,,,,,,,,,,,,,,,,,,,,,,,,,,,,,,,,,,,,,,,,,,,,,,,,,,,,,,,,,,,,,,,,,,,,,,,,,,,,,,,,,,,,,,,,,,,,,,,,,,,,,,,,,,,,,,,,,,,,,,,,,,,,,,,,,,,,,,,,,,,,,,,,,PRJNA428436,,,public_archives,SAMN08290441,SMAR7,SMAR-7,deep_vent,,MORB,MARR189,whole_rock,BASALT,MARR189,-15.014,-13.415,58.52714821673949,98.85999999999999,49.8,1.63,15.77,,,8.66,0.19,7.2,10.64,3.29,0.62,,1.06,76.0,41.1,0.36,105.0,265.0,86.4,92.8,,24.69,249.0,5.33,3.23,1.38,16.7,4.49,,1.15,11.02,5.7,0.44,16.02,14.74,0.84,3.25,9.02,36.7,1.09,1.25,243.0,1.33,0.84,1.158,1.62,0.03,0.338,0.29,30.7,2.96,135.6,,,,,,,,,,,,,,subsurface,subsurface_sample,subsurface
,SRR6439368,public_archives,,,,,,,,plate margin,,,,,,,,,,,,,-14.51,-13.58,-2785.0,,,,,,,,,,,,,,,,,,,,,,,,,,,,,,,,,,,,,,,,,,,,,,,,,,,,,,,,,,,,,,,,,,,,,,,,,,,,,,,,,,,,,,,,,,,,,,,,,,,,,,,,,,,,,,,,,,,,,,,,,,,,,,,,,,,,,,,,,,,,,,,,,,,,,,,,,,,,,,PRJNA428436,,,public_archives,SAMN08290442,SMAR8,SMAR-8,deep_vent,,MORB,MARR189,whole_rock,BASALT,MARR189,-15.014,-13.415,58.52714821673949,98.85999999999999,49.8,1.63,15.77,,,8.66,0.19,7.2,10.64,3.29,0.62,,1.06,76.0,41.1,0.36,105.0,265.0,86.4,92.8,,24.69,249.0,5.33,3.23,1.38,16.7,4.49,,1.15,11.02,5.7,0.44,16.02,14.74,0.84,3.25,9.02,36.7,1.09,1.25,243.0,1.33,0.84,1.158,1.62,0.03,0.338,0.29,30.7,2.96,135.6,,,,,,,,,,,,,,subsurface,subsurface_sample,subsurface
,SRR6439371,public_archives,,,,,,,,plate margin,,,,,,,,,,,,,47.56,-129.06,-2182.0,,,,,,,,,,,,,,,,,,,,,,,,,,,,,,,,,,,,,,,,,,,,,,,,,,,,,,,,,,,,,,,,,,,,,,,,,,,,,,,,,,,,,,,,,,,,,,,,,,,,,,,,,,,,,,,,,,,,,,,,,,,,,,,,,,,,,,,,,,,,,,,,,,,,,,,,,,,,,,PRJNA428436,,rock,public_archives,SAMN08290443,JDF1,MilliQ-S10 chimney JDF1,deep_vent,,MORB,JUAN8,whole_rock,BASALT,JUAN10,47.025,-129.184,60.21440401396793,99.55999999999999,50.33,1.87,14.05,,,11.8,0.2,6.95,11.47,2.57,0.15,,0.17,66.0,44.8,0.55,77.0,385.0,93.0,22.8,0.67,12.78,206.0,6.74,4.38,1.39,17.6,5.23,3.01,1.46,4.4,6.2,0.64,4.06,11.19,0.52,2.13,2.24,43.4,3.96,,96.0,0.3,0.99,0.287,,,0.11,,38.3,4.27,105.9,954279.0,7.0,Quaternary volcanic: mafic rocks,volcanic: mafic rocks,Mafic volcanics at recent or active spreading centers,421.0,Quaternary,421.0,Quaternary,#F9F97F,0.0,2.588,Cenozoic,subsurface_rock,subsurface_sample,subsurface
,SRR6439370,public_archives,,,,,,,,plate margin,,,,,,,,,,,,,47.56,-129.06,-2182.0,,,,,,,,,,,,,,,,,,,,,,,,,,,,,,,,,,,,,,,,,,,,,,,,,,,,,,,,,,,,,,,,,,,,,,,,,,,,,,,,,,,,,,,,,,,,,,,,,,,,,,,,,,,,,,,,,,,,,,,,,,,,,,,,,,,,,,,,,,,,,,,,,,,,,,,,,,,,,,PRJNA428436,,rock,public_archives,SAMN08290444,JDF2,MilliQ-S10 chimney JDF2,deep_vent,,MORB,JUAN8,whole_rock,BASALT,JUAN10,47.025,-129.184,60.21440401396793,99.55999999999999,50.33,1.87,14.05,,,11.8,0.2,6.95,11.47,2.57,0.15,,0.17,66.0,44.8,0.55,77.0,385.0,93.0,22.8,0.67,12.78,206.0,6.74,4.38,1.39,17.6,5.23,3.01,1.46,4.4,6.2,0.64,4.06,11.19,0.52,2.13,2.24,43.4,3.96,,96.0,0.3,0.99,0.287,,,0.11,,38.3,4.27,105.9,954279.0,7.0,Quaternary volcanic: mafic rocks,volcanic: mafic rocks,Mafic volcanics at recent or active spreading centers,421.0,Quaternary,421.0,Quaternary,#F9F97F,0.0,2.588,Cenozoic,subsurface_rock,subsurface_sample,subsurface
,SRR6439372,public_archives,,,,,,,,plate margin,,,,,,,,,,,,,47.56,-129.06,-2182.0,,,,,,,,,,,,,,,,,,,,,,,,,,,,,,,,,,,,,,,,,,,,,,,,,,,,,,,,,,,,,,,,,,,,,,,,,,,,,,,,,,,,,,,,,,,,,,,,,,,,,,,,,,,,,,,,,,,,,,,,,,,,,,,,,,,,,,,,,,,,,,,,,,,,,,,,,,,,,,PRJNA428436,,rock,public_archives,SAMN08290445,JDF3,MilliQ-S10 chimney JDF3,deep_vent,,MORB,JUAN8,whole_rock,BASALT,JUAN10,47.025,-129.184,60.21440401396793,99.55999999999999,50.33,1.87,14.05,,,11.8,0.2,6.95,11.47,2.57,0.15,,0.17,66.0,44.8,0.55,77.0,385.0,93.0,22.8,0.67,12.78,206.0,6.74,4.38,1.39,17.6,5.23,3.01,1.46,4.4,6.2,0.64,4.06,11.19,0.52,2.13,2.24,43.4,3.96,,96.0,0.3,0.99,0.287,,,0.11,,38.3,4.27,105.9,954279.0,7.0,Quaternary volcanic: mafic rocks,volcanic: mafic rocks,Mafic volcanics at recent or active spreading centers,421.0,Quaternary,421.0,Quaternary,#F9F97F,0.0,2.588,Cenozoic,subsurface_rock,subsurface_sample,subsurface
,SRR7905024,public_archives,,,,,,,,plate margin,,,,,,,,,,,,,34.32,139.22,0.0,54.0,6.5,,,,,,,,,,,,,,,,,,,,,,,,,,,,,,,,,,,,,,,,,,,,,,,,,,,,,,,,,,,,,,,,,,,,,,,,,,,,,,,,,,,,,,,,,,,,,,,,,,,,,,,,,,,,,,,,,,,,,,,,,,,,,,,,,,,,,,,,,,,,,,,,,,,,,,,,,,,,PRJNA392119,10.3389/fmicb.2020.00037,sediment,public_archives,SAMN10130912,Jita Pool 2,JP2,hot_spring,,EarthChem,UJ-10B,whole_rock,"IGNEOUS, VOLCANIC, MAFIC, BASALT",UJ-10B,34.45,139.3,16.18917405841294,98.71549774900001,50.792,0.742,15.482,10.60501411,,9.542497749,0.154,9.912,9.966,1.682,0.315,,0.128,,,,102.2393093,239.320509,,109.5252438,0.427,14.95,,3.183,1.772,0.98,15.17475485,3.037,,0.652,6.128,8.85,0.274,1.591,10.02,2.27,,5.12,,2.684,,481.8099727,0.1074,0.491,0.684,,0.025,0.184,,16.8,1.813,54.9,,,,,,,,,,,,,,subsurface_sediment,subsurface_sample,subsurface
,SRR7905022,public_archives,,,,,,,,plate margin,,,,,,,,,,,,,34.32,139.22,0.0,59.5,5.8,,,,,,,,,,,,,,,,,,,,,,,,,,,,,,,,,,,,,,,,,,,,,,,,,,,,,,,,,,,,,,,,,,,,,,,,,,,,,,,,,,,,,,,,,,,,,,,,,,,,,,,,,,,,,,,,,,,,,,,,,,,,,,,,,,,,,,,,,,,,,,,,,,,,,,,,,,,,PRJNA392119,10.3389/fmicb.2020.00037,sediment,public_archives,SAMN10130913,Jita Pool 1L,JP1L,hot_spring,,EarthChem,UJ-10B,whole_rock,"IGNEOUS, VOLCANIC, MAFIC, BASALT",UJ-10B,34.45,139.3,16.18917405841294,98.71549774900001,50.792,0.742,15.482,10.60501411,,9.542497749,0.154,9.912,9.966,1.682,0.315,,0.128,,,,102.2393093,239.320509,,109.5252438,0.427,14.95,,3.183,1.772,0.98,15.17475485,3.037,,0.652,6.128,8.85,0.274,1.591,10.02,2.27,,5.12,,2.684,,481.8099727,0.1074,0.491,0.684,,0.025,0.184,,16.8,1.813,54.9,,,,,,,,,,,,,,subsurface_sediment,subsurface_sample,subsurface
,SRR7905023,public_archives,,,,,,,,plate margin,,,,,,,,,,,,,34.32,139.22,0.0,59.5,5.8,,,,,,,,,,,,,,,,,,,,,,,,,,,,,,,,,,,,,,,,,,,,,,,,,,,,,,,,,,,,,,,,,,,,,,,,,,,,,,,,,,,,,,,,,,,,,,,,,,,,,,,,,,,,,,,,,,,,,,,,,,,,,,,,,,,,,,,,,,,,,,,,,,,,,,,,,,,,PRJNA392119,10.3389/fmicb.2020.00037,sediment,public_archives,SAMN10130914,Jita Pool 1,JP1,hot_spring,,EarthChem,UJ-10B,whole_rock,"IGNEOUS, VOLCANIC, MAFIC, BASALT",UJ-10B,34.45,139.3,16.18917405841294,98.71549774900001,50.792,0.742,15.482,10.60501411,,9.542497749,0.154,9.912,9.966,1.682,0.315,,0.128,,,,102.2393093,239.320509,,109.5252438,0.427,14.95,,3.183,1.772,0.98,15.17475485,3.037,,0.652,6.128,8.85,0.274,1.591,10.02,2.27,,5.12,,2.684,,481.8099727,0.1074,0.491,0.684,,0.025,0.184,,16.8,1.813,54.9,,,,,,,,,,,,,,subsurface_sediment,subsurface_sample,subsurface
,SRR7905025,public_archives,,,,,,,,plate margin,,,,,,,,,,,,,34.32,139.22,0.0,46.0,6.7,,,,,,,,,,,,,,,,,,,,,,,,,,,,,,,,,,,,,,,,,,,,,,,,,,,,,,,,,,,,,,,,,,,,,,,,,,,,,,,,,,,,,,,,,,,,,,,,,,,,,,,,,,,,,,,,,,,,,,,,,,,,,,,,,,,,,,,,,,,,,,,,,,,,,,,,,,,,PRJNA392119,10.3389/fmicb.2020.00037,sediment,public_archives,SAMN10130915,Jita Pool 3,JP3,hot_spring,,EarthChem,UJ-10B,whole_rock,"IGNEOUS, VOLCANIC, MAFIC, BASALT",UJ-10B,34.45,139.3,16.18917405841294,98.71549774900001,50.792,0.742,15.482,10.60501411,,9.542497749,0.154,9.912,9.966,1.682,0.315,,0.128,,,,102.2393093,239.320509,,109.5252438,0.427,14.95,,3.183,1.772,0.98,15.17475485,3.037,,0.652,6.128,8.85,0.274,1.591,10.02,2.27,,5.12,,2.684,,481.8099727,0.1074,0.491,0.684,,0.025,0.184,,16.8,1.813,54.9,,,,,,,,,,,,,,subsurface_sediment,subsurface_sample,subsurface
,SRR8554436,public_archives,,,,,,,,intraplate,,,,,,,,,,,,,44.58,-110.79,2288.0,73.1,2.91,,,,,,,,,,,,,,,,,,,,,,,,,,,,,,,,,,,,,,,,,,,,,,,,,,,,,,,,,,,,,,,,,,,,,,,,,,,,,,,,,,,,,,,,,,,,,,,,,,,,,,,,,,,,,,,,,,,,,,,,,,,,,,,,,,,,,,,,,,,,,,,,,,,,,,,,,,,,PRJNA518326,10.46936/fics.proj.2017.49972/60000022,biofilm,public_archives,SAMN10863906,YNP-CB-006-1,,hot_spring,,EarthChem,BM7-3,whole_rock,"IGNEOUS, VOLCANIC, FELSIC, RHYOLITE",BM7-3,44.5225,-110.8268,7.026886584857331,96.70599999999999,73.57,0.263,12.07,,,1.59,0.041,0.17,0.72,3.07,5.18,0.0925,0.032,,,,,,,800.0,,146.0,,10.4,5.97,1.16,,9.88,,,73.4,,0.83,45.4,56.6,30.6,15.7,187.0,,11.1,,49.2,,1.72,24.7,,,5.9,,60.1,5.81,292.0,2828616.0,133.0,Undivided surficial deposits,Major:{unconsolidated siliciclastic},"Original map source: Green, Gregory N., and Drouillard, Patricia H., 1994, The Digital Geologic Map of Wyoming in ARC/INFO Format: U.S. Geological Survey Open-File Report 94-0425, scale 1:500,000.",3.0,Holocene,4.0,Pleistocene,#F9F97F,0.0,2.588,Cenozoic,subsurface_biofilm,subsurface_sample,subsurface
,SRR8863384,public_archives,,,,,,,,intraplate,,,,,,,,,,,,,44.53,-110.8,2238.0,90.5,8.04,,,,,,,,,,,,,,,,,,,,,,,,,,,,,,,,,,,,,,,,,,,,,,,,,,,,,,,,,,,,,,,,,,,,,,,,,,,,,,,,,,,,,,,,,,,,,,,,,,,,,,,,,,,,,,,,,,,,,,,,,,,,,,,,,,,,,,,,,,,,,,,,,,,,,,,,,,,,PRJNA518219,10.46936/10.25585/60001132,biofilm,public_archives,SAMN10864101,20050624_m2,Octopus Spring,hot_spring,,EarthChem,BM7-3,whole_rock,"IGNEOUS, VOLCANIC, FELSIC, RHYOLITE",BM7-3,44.5225,-110.8268,2.2876501758837553,96.70599999999999,73.57,0.263,12.07,,,1.59,0.041,0.17,0.72,3.07,5.18,0.0925,0.032,,,,,,,800.0,,146.0,,10.4,5.97,1.16,,9.88,,,73.4,,0.83,45.4,56.6,30.6,15.7,187.0,,11.1,,49.2,,1.72,24.7,,,5.9,,60.1,5.81,292.0,2828616.0,133.0,Undivided surficial deposits,Major:{unconsolidated siliciclastic},"Original map source: Green, Gregory N., and Drouillard, Patricia H., 1994, The Digital Geologic Map of Wyoming in ARC/INFO Format: U.S. Geological Survey Open-File Report 94-0425, scale 1:500,000.",3.0,Holocene,4.0,Pleistocene,#F9F97F,0.0,2.588,Cenozoic,subsurface_biofilm,subsurface_sample,subsurface
,SRR8863378,public_archives,,,,,,,,intraplate,,,,,,,,,,,,,44.54,-110.8,2278.0,69.0,7.96,,,,,,,,,,,,,,,,,,,,,,,,,,,,,,,,,,,,,,,,,,,,,,,,,,,,,,,,,,,,,,,,,,,,,,,,,,,,,,,,,,,,,,,,,,,,,,,,,,,,,,,,,,,,,,,,,,,,,,,,,,,,,,,,,,,,,,,,,,,,,,,,,,,,,,,,,,,,PRJNA518217,10.46936/10.25585/60001132,biofilm,public_archives,SAMN10864102,20040719_149,Mushroom Spring,hot_spring,,EarthChem,BM7-3,whole_rock,"IGNEOUS, VOLCANIC, FELSIC, RHYOLITE",BM7-3,44.5225,-110.8268,2.8843763598121104,96.70599999999999,73.57,0.263,12.07,,,1.59,0.041,0.17,0.72,3.07,5.18,0.0925,0.032,,,,,,,800.0,,146.0,,10.4,5.97,1.16,,9.88,,,73.4,,0.83,45.4,56.6,30.6,15.7,187.0,,11.1,,49.2,,1.72,24.7,,,5.9,,60.1,5.81,292.0,2828616.0,133.0,Undivided surficial deposits,Major:{unconsolidated siliciclastic},"Original map source: Green, Gregory N., and Drouillard, Patricia H., 1994, The Digital Geologic Map of Wyoming in ARC/INFO Format: U.S. Geological Survey Open-File Report 94-0425, scale 1:500,000.",3.0,Holocene,4.0,Pleistocene,#F9F97F,0.0,2.588,Cenozoic,subsurface_biofilm,subsurface_sample,subsurface
,SRR8581213,public_archives,,,,,,,,plate margin,,,,,,,,,,,,,31.59,77.3,3050.0,45.0,7.6,,,,,,,,,,,,,,,,,,,,,,,,,,,,,,,,,,,,,,,,,,,,,,,,,,,,,,,,,,,,,,,,,,,,,,,,,,,,,,,,,,,,,,,,,,,,,,,,,,,,,,,,,,,,,,,,,,,,,,,,,,,,,,,,,,,,,,,,,,,,,,,,,,,,,,,,,,,,PRJNA522671,,biofilm,public_archives,SAMN10948629,HS_Bank,Kheerganga,hot_spring,,EarthChem,V300,whole_rock,"IGNEOUS, VOLCANIC, MAFIC, BASALT",V300,32.8,77.3,134.17719745595267,96.21000000000001,43.5,3.35,14.85,,5.4,16.35,0.22,6.25,7.55,3.0,0.58,,0.56,13.0,0.5,,1.0,420.0,5.0,,0.5,75.0,46.0,,,8.0,16.0,,,,22.0,1.0,,175.0,44.0,450.0,,,9.0,,,5.0,,,,,,8200.0,,280.0,70.0,,3189341.0,154.0,Precambrian-Phanerozoic crystalline metamorphic rocks,crystalline metamorphic rocks,,992.0,Early Paleozoic,257.0,Neoproterozoic,#B5B5B5,443.8,1000.0,,subsurface_biofilm,subsurface_sample,subsurface
