sample_ID,station,depth,latitude,longitude,INSDC_ID,sample_accession,Depth_Nominal,Biome,Date_Time,Seafloor (m),temp,sal,sigma_theta,Distance_coast (km),Chlorophyll_A (mg/m**3),PAR (mol quanta/m**2/day),Iron_5m* (µmol/l),Ammonium_5m* (µmol/l),Nitrite_5m* (µmol/l),Nitrate_5m* (µmol/l),CDOM* (ppb (QSE)),NPP_C* (mg/m**2/day),POC* (µg/kg),PIC* (mol/m3),NO2 (µmol/l),NO3_NO2 (µmol/l),Si (µmol/l),MLD (m),DCM (m),Depth_max_Brunt_Väisälä_freq (m),Depth_max_O2 (m),Depth_min_O2 (m),Depth_nitracline (m),Shannon_Darwin* (-),Shannon_Physat* (-),miTAG_SILVA_Chao (-),miTAG_SILVA_Shannon (-),OG_Richness (-),OG_Evenness (-),Chlorophyll c3 (mg/m**3),Peridinin (mg/m**3),Fucoxanthin (mg/m**3),Prasinoxanthin (mg/m**3),19-Hexanoyloxyfucoxanthin (mg/m**3),Alloxanthin (mg/m**3),Zeaxanthin (mg/m**3),Lutein (mg/m**3),Season,Season_subperiod,Okubo-Weiss* (-),Lyapunov* (l/day),Residence_time* (days),selected_run,readcount,ExpID,source,elevation,Chl_a (mg/m3),Chl_b (mg/m3),Chl_c1c2 (mg/m3),DV_Chl_a (mg/m3),DV_Chl_b (mg/m3),Total_Chl_a (mg/m3),Total_Chl_b (mg/m3),Bacteriochlorophyll_a (mg/m3),19-Butanoyloxyfucoxanthin (mg/m3),Diadinoxanthin (mg/m3),Diatoxanthin (mg/m3),Neoxanthin (mg/m3),Violaxanthin (mg/m3),Carotene_ab (mg/m3),Chlorophyllid_a (mg/m3),Phaeophorbid_a (mg/m3),Phaeophytin_a (mg/m3),bbp470 (m-1),cp660 (m-1),beta117_470 (m-1 Sr-1),bbp470_factory (m-1),spc,depth_sampling (m),ph,HCO3 (µmol/kg),CO3 (µmol/kg),OmegaArag,OmegaCalc,pCO2 (µatm),fCO2 (µatm),AT_OGA (µmol/kg),DIC_OGA (µmol/kg),CO3_OGA (µmol/kg),HCO3_OGA (µmol/kg),o2_dis,no3,co2_dis,po4,alk_tot,dic,sample_group,sample_subgroup,surface_subsurface,tds,project,doi
TARA_X000000368,TARA_004,DCM,36.5533,-6.5669,ERR599095|ERR598950,SAMEA2619399,DCM,Westerlies Biome,2009-09-15 18:00,-49.0,16.3584,3.6581099999999998,26.8866,15.1848,0.6324,0.662801,0.001387698,0.022870243,0.044259438,0.008067715,1.15753,-4330.89,72.95794296,0.00025195122,,,,11.0,38.0,36.0,,,,,0.602176,4173.586521,6.849890504,14607.3,0.746714862,,,,,,,,,summer,late,,0.031746,4.0,ERR599095,206216019.0,tara,tara,-40.0,,,,,,,,,,,,,,,,,,,,,,,,,,,,,,,,,,,,,,,,,marine_water,marine_surface,surface,36581.1,PRJEB7988,10.1038/nature16942 ; 10.1126/science.1261359
TARA_X000000263,TARA_004,SRF,36.5533,-6.5669,ERR599003|ERR598955,SAMEA2619376,SRF,Westerlies Biome,2009-09-15 11:30,-62.0,20.238088,3.6599199,25.909909,18.5085,0.094049,14.83481,0.001387698,0.022870243,0.044259438,0.008067715,1.17632,832.628,72.95794296,0.00025195122,,,,12.0,36.0,25.0,,,,,0.602176,3762.955009,6.635940557,14590.9,0.745266014,,,,,,,,,summer,late,,0.031746,4.0,ERR598955,172718018.0,tara,tara,-9.0,,,,,,,,,,,,,,,,,,,,,,,,,,,,,,,,,,,,,,,,,marine_water,marine_surface,surface,36599.199,PRJEB7988,10.1038/nature16942 ; 10.1126/science.1261359
TARA_A200000159,TARA_007,DCM,37.0541,1.9478,ERR315856,SAMEA2591074,DCM,Westerlies Biome,2009-09-23 16:08,-2784.0,17.521075,3.71036,27.003675,48.0551,0.33747,0.188942,0.001387777,0.01524472,0.033489773,0.006918471,,356.9545,,,0.0,0.028,0.4985,18.0,43.0,45.0,,,,0.635715,0.5693,4786.075692,6.801171081,16416.5,0.750016278,0.0181,0.0204,0.0256,0.0539,0.0778,0.0169,0.1317,0.0,autumn,early,-1.3813,0.0,0.0,ERR315856,,tara,tara,-42.0,0.20948,0.02452,0.01148,0.0143,0.0,0.22392,0.02452,0.00096,0.01192,0.005,0.0,0.00586,0.0023399999999999,0.01774,0.00016,0.00486,0.00318,,,,,49.724615799999995,54.0,,,,,,,,0.0265,0.0256,0.0273,0.0243,,,,0.0006173141,,,marine_water,marine_surface,surface,37103.6,PRJEB7988,10.1038/nature16942 ; 10.1126/science.1261359
TARA_A200000113,TARA_007,SRF,37.051,1.9378,ERR315857,SAMEA2591057,SRF,Westerlies Biome,2009-09-23 12:50,-2784.0,23.8141,3.7521999999999998,25.61115,48.0551,0.065832,1.794369,0.001387777,0.01524472,0.033489773,0.006918471,,356.9545,,,0.0445,0.14325,0.7935,18.0,43.0,45.0,,,,0.635715,0.5693,3872.353048,6.525141459,15495.1,0.746406446,0.0045,0.002,0.00695,0.0,0.02065,0.0,0.0507,0.0,autumn,early,-1.3813,0.0,0.0,ERR315857,,tara,tara,-9.0,0.08895,0.00645,0.00735,0.02305,0.0,0.112,0.00645,0.00105,0.0066999999999999,0.0046999999999999,0.0,0.00065,0.00095,0.0084,0.0,0.0,0.0,,,,,55.114851,7.5,,,,,,,,0.00065,0.00695,0.0067,0.0,,,,0.0045111414999999995,,,marine_water,marine_surface,surface,37522.0,PRJEB7988,10.1038/nature16942 ; 10.1126/science.1261359
TARA_X000001036,TARA_009,DCM,39.0609,5.9422,ERR594315|ERR594329,SAMEA2619548,DCM,Westerlies Biome,2009-09-28 16:59,-2866.0,15.9708,3.768195,27.81605,157.8376,0.4575,1.233359,0.00138773,0.015086659,0.048709321,0.01675451,,240.841,35.80424881,8.1e-05,,,,,56.0,25.0,,,,0.600831,0.52087,4462.68593,6.907613079,15318.4,0.742404217,0.01,0.0124,0.0067,0.0025,0.0557,0.0014,0.0569,0.0,autumn,early,0.021447,0.190651,0.0,ERR594329,,tara,tara,-55.0,0.1287,0.0095666666666666,0.0144333333333333,0.0489333333333333,0.0,0.1787,0.0095666666666666,0.0006333333333333,0.0150333333333333,0.0039666666666666,0.0,0.0014666666666666,0.0005,0.0124999999999999,0.0011,0.005,0.0038666666666666,,,,,45.95082933333333,88.33333333333333,,,,,,,,0.002,0.0067,0.0169,0.0071,,,,,,,marine_water,marine_surface,surface,37681.95,PRJEB7988,10.1038/nature16942 ; 10.1126/science.1261359
TARA_X000000950,TARA_009,SRF,39.1633,5.916,ERR594288|ERR594316|ERR594317,SAMEA2619531,SRF,Westerlies Biome,2009-09-28 12:18,-2913.0,24.4828,3.7804200000000003,25.621,156.9683,0.0058,19.939398,0.00138773,0.015086659,0.048709321,0.01675451,,240.841,35.93962097,8.31e-05,,,,25.0,54.0,35.0,,,,0.600831,0.52087,3982.789601,6.62496839,15315.1,0.749529591,0.0,0.0,0.0003,0.0,0.0016,0.0,0.0089,0.0,autumn,early,0.021447,0.190651,0.0,ERR594316,,tara,tara,-9.0,0.0115,0.0,0.0,0.0,0.0,0.0115,0.0,0.0,0.0003,0.0002,0.0,0.0,0.0,0.0008,0.0,0.0,0.0,,,,,56.301291,5.0,,,,,,,,0.0,0.0003,0.0003,0.0,,,,,,,marine_water,marine_surface,surface,37804.200000000004,PRJEB7988,10.1038/nature16942 ; 10.1126/science.1261359
TARA_S200000501,TARA_018,DCM,35.7528,14.2765,ERR599073|ERR599092,SAMEA2619678,DCM,Westerlies Biome,2009-11-02 14:07,-818.0,18.30575,3.7849449999999996,27.375,14.2151,0.024,0.437326,0.001387895,0.009119561,0.030015622,0.010272223,,315.859,43.87895775,9.24e-05,0.0263,0.038,0.58135,50.0,82.0,60.0,58.0,580.0,,,0.455844,,,,,0.0136,0.0055,0.0118,0.0,0.0825,0.0,0.0821,0.0,autumn,middle,-0.124391,0.066158,15.222222,ERR599092,168907978.0,tara,tara,-60.0,,,,,,,,,,,,,,,,,,0.0010061666666666,0.0360878333333333,4.916666666666667e-05,-0.0001948333333333,50.615721666666666,70.24091666666666,,,,,,,,0.0017,0.0118,0.0452,0.0,0.245228890359375,,,0.0012441253400000002,,,marine_water,marine_surface,surface,37849.45,PRJEB7988,10.1038/nature16942 ; 10.1126/science.1261359
TARA_A100000164,TARA_018,SRF,35.759,14.2574,ERR599140|ERR598993,SAMEA2619667,SRF,Westerlies Biome,2009-11-02 8:13,-793.0,21.48665,3.789575,26.565263,13.8783,0.0018,19.262582,0.001387895,0.009119561,0.030015622,0.010272223,,315.859,43.04259491,8.9e-05,0.01833,0.118,0.5571,51.0,80.0,61.0,60.0,221.0,,,0.455844,,,,,0.0053,0.0033,0.0103,0.0,0.0428,0.0006,0.0541,0.0,autumn,middle,-0.124391,0.066158,15.222222,ERR598993,178744268.0,tara,tara,-5.0,,,,,,,,,,,,,,,,,,0.0010825,0.0567079999999999,5.9e-05,-0.000184,53.0741145,6.45875,,,,,,,,0.001,0.0103,0.0228,0.0,0.213777083193435,,,0.00243126784,,,marine_water,marine_surface,surface,37895.75,PRJEB7988,10.1038/nature16942 ; 10.1126/science.1261359
TARA_E500000081,TARA_023,DCM,42.1735,17.7252,ERR315859|ERR315860,SAMEA2591098,DCM,Westerlies Biome,2009-11-18 13:50,-1183.0,15.180558,3.8473750000000004,28.613475,57.9209,0.0656,0.054743,0.001387878,0.001431253,0.027064617,0.077471482,,468.419,,,0.013,0.05,1.0505,12.0,58.0,58.0,43.0,160.0,,0.309499,0.542748,,,,,,,,,,,,,autumn,middle,-0.354776,0.078584,3.583333,ERR315859,37138932.0,tara,tara,-55.0,,,,,,,,,,,,,,,,,,0.0011164,0.0217972,7.18e-05,-0.000174,46.727684,78.50750000000001,,,,,,,,,,,,0.2306814012892191,,,0.0011396568,,,marine_water,marine_surface,surface,38473.75000000001,PRJEB7988,10.1038/nature16942 ; 10.1126/science.1261359
TARA_E500000075,TARA_023,SRF,42.2038,17.715,ERR315858|ERR315861,SAMEA2591084,SRF,Westerlies Biome,2009-11-18 8:41,-1184.0,17.211742,3.8228050000000002,27.9429,54.4621,0.0338,10.129158,0.001387878,0.001431253,0.027064617,0.077471482,,468.419,,,0.009125,0.040875,1.372375,16.0,58.0,3.0,37.0,115.0,,0.309499,0.542748,3734.949352,6.583423185,14477.2,0.744611238,,,,,,,,,autumn,middle,-0.354776,0.078584,3.583333,ERR315858,37425169.0,tara,tara,-5.0,,,,,,,,,,,,,,,,,,0.0016546666666666,0.071672,0.0001486666666666,-9.633333333333332e-05,48.43326866666666,10.767666666666663,,,,,,,,,,,,0.2279793175670607,,,0.0011396568,,,marine_water,marine_surface,surface,38228.05,PRJEB7988,10.1038/nature16942 ; 10.1126/science.1261359
TARA_E500000331,TARA_025,DCM,39.3991,19.3997,ERR599153|ERR599094,SAMEA2619782,DCM,Westerlies Biome,2009-11-23 13:52,-1274.0,15.181967,3.8489083,28.626442,38.5477,0.06,0.04793,0.001387952,0.002326648,0.028696594,0.048666991,,420.545,72.95928574,0.0001364533964,0.1055,0.3595,1.354,31.0,47.0,44.0,39.0,785.0,,0.276219,0.500541,,,,,,,,,,,,,autumn,late,0.369749,0.0,0.0,ERR599094,163486756.0,tara,tara,-50.0,,,,,,,,,,,,,,,,,,0.000882,0.0275784999999999,3.95e-05,-0.0002066666666666,47.10786916666667,75.998,,,,,,,,,,,,0.23649039127778332,,,,,,marine_water,marine_surface,surface,38489.083,PRJEB7988,10.1038/nature16942 ; 10.1126/science.1261359
TARA_E500000178,TARA_025,SRF,39.3888,19.3905,ERR598951|ERR599043,SAMEA2619766,SRF,Westerlies Biome,2009-11-23 9:12,-1273.0,18.319192,3.8185333,27.633617,39.754,0.0366,4.662947,0.001387952,0.002326648,0.028696594,0.048666991,,420.545,66.73049164,9.16e-05,0.00425,0.03525,1.0505,30.0,54.0,41.0,37.0,174.0,,0.276219,0.500541,,,,,,,,,,,,,autumn,late,0.369749,0.0,0.0,ERR599043,197568344.0,tara,tara,-5.0,,,,,,,,,,,,,,,,,,0.0013185,0.070998,0.0001005,-0.0001435,49.992892,6.485250000000001,8.136645,1991.359906,247.178778,3.737609,5.75562,344.759164,343.58112,,,,,0.22382870650395595,,0.011778033616659972,0.00049859985,133.67383283346848,101.73572808299998,marine_water,marine_surface,surface,38185.333,PRJEB7988,10.1038/nature16942 ; 10.1126/science.1261359
TARA_A100001011,TARA_030,DCM,33.9235,32.8118,ERR318619|ERR318621|ERR318618|ERR318620,SAMEA2591122,DCM,Westerlies Biome,2009-12-15 15:23,-1537.0,18.61621,3.9234560000000003,28.36135,73.8658,0.03168,0.152948,0.001388157,0.003270233,0.034886073,0.054155687,,291.834,45.09284973,0.0001910085284,0.005,,0.6655,52.0,64.0,67.0,61.0,129.0,131.0,0.239124,0.393525,,,,,0.0209,0.0017,0.00395,0.0,0.06235,0.0,0.054,0.0,autumn,late,-0.309549,0.097233,2.777778,ERR318620,79400577.0,tara,tara,-70.0,0.1536799999999999,0.05748,0.01956,0.10672,0.0,0.26042,0.05748,0.0008399999999999,0.01958,0.00396,0.0,0.0001799999999999,0.0001199999999999,0.02818,0.0,0.00038,0.0009599999999999,0.0009212173913043,0.0427127608695652,5.084782608695652e-05,-0.0001943913043478,51.856940173913046,70.51923913043478,,,,,,,,0.00045,0.00395,0.0227,0.0,0.22495522792805248,0.004887474237600001,,0.0,,,marine_water,marine_surface,surface,39234.560000000005,PRJEB7988,10.1038/nature16942 ; 10.1126/science.1261359
TARA_A100001015,TARA_030,SRF,33.9179,32.898,ERR315863|ERR315862,SAMEA2591108,SRF,Westerlies Biome,2009-12-15 10:41,-1497.0,20.4425,3.942311,28.0195,72.8349,0.01488,14.994186,0.001388157,0.003270233,0.034886073,0.054155687,,288.505,36.40458679,3.84e-05,0.00125,0.0455,0.816,50.0,73.0,59.0,55.0,151.0,193.0,0.239124,0.393525,3185.33354,6.378839697,12611.5,0.753523663,0.0104,0.0012,0.005,0.0,0.0354,0.0,0.0369,0.0,autumn,late,-0.309549,0.097233,2.777778,ERR315862,157483801.0,tara,tara,-5.0,0.1431,0.0084,0.0118,0.0165,0.0,0.1595,0.0084,0.001,0.0106,0.0043,0.0,0.0,0.0,0.0087,0.0,0.0,0.0,0.000987,0.053815,6e-05,-0.000185,53.7697945,6.628,,,,,,,,0.0,0.005,0.0106,0.0,0.21343077786422504,0.0117006346545,,2.3742850000000003e-05,,,marine_water,marine_surface,surface,39423.11,PRJEB7988,10.1038/nature16942 ; 10.1126/science.1261359
TARA_A100001403,TARA_031,SRF,27.16,34.835,ERR598969|ERR599106,SAMEA2619802,SRF,Coastal Biome,2010-01-09 7:15,-1019.0,25.0281,3.996035,27.086225,71.862,0.0,20.015134,0.001387113,0.011221905,0.040771591,0.284178823,2.20208,338.461,42.8037014,8.23e-05,0.00925,0.036,0.8825,53.0,80.0,89.0,60.0,293.0,160.0,0.518846,0.457792,,,,,0.00615,0.00205,0.00475,0.0,0.0179,0.0,0.13445,0.0,winter,early,0.162621,0.028165,1.194444,ERR599106,165520827.0,tara,tara,-5.0,0.08825,0.0115,0.00775,0.09955,0.0,0.1878,0.0115,0.0012,0.0044,0.00315,0.0,0.0,0.0007999999999999,0.01465,0.0,0.0,0.0,0.0011095,0.051325,8.5e-05,-0.0001599999999999,59.5511395,6.513249999999999,8.086712,1821.916414,267.633472,4.080453,6.164717,367.833816,366.675701,0.0,0.00475,0.0044,0.0,0.19506087782176876,0.0,0.01042504227157965,0.00116339965,127.8125901639504,94.88920965182999,marine_water,marine_surface,surface,39960.35,PRJEB7988,10.1038/nature16942 ; 10.1126/science.1261359
TARA_A100001037,TARA_032,DCM,23.4183,37.245,ERR599061|ERR599097,SAMEA2619840,DCM,Coastal Biome,2010-01-11 14:17,-947.0,26.12925,4.0187042,26.917092,80.7753,0.0782,0.073201,0.001387787,0.020147547,0.010496082,0.00528441,,328.502,47.78584671,0.0001679674679,0.01,,0.85,96.0,76.0,191.0,14.0,202.0,204.0,0.492752,0.522515,,,,,0.0463,0.0046,0.0082,0.0103,0.1212,0.0038,0.1282,0.0,winter,early,-0.014886,,0.0,ERR599097,166474751.0,tara,tara,-80.0,0.21075,0.0540166666666666,0.0229833333333333,0.1707,0.0,0.3814666666666667,0.0540166666666666,0.0011333333333333,0.02045,0.0049499999999999,0.0,0.0021333333333333,0.00085,0.0360833333333333,0.0,0.00455,0.0011166666666666,0.0011075,0.036228,8.533333333333332e-05,-0.0001596666666666,60.73655566666667,76.05758333333334,,,,,,,,0.0061,0.0082,0.0427,0.0102,0.18638647911509199,0.029304755837999998,,0.002374285,,,marine_water,marine_surface,surface,40187.042,PRJEB7988,10.1038/nature16942 ; 10.1126/science.1261359
TARA_A100001035,TARA_032,SRF,23.36,37.2183,ERR599155|ERR599041|ERR599116,SAMEA2619818,SRF,Coastal Biome,2010-01-11 7:21,-1010.0,25.811708,3.9770899999999996,26.698217,88.3462,0.0024,21.787103,0.001387787,0.020147547,0.010496082,0.00528441,1.94753,330.698,46.90872192,0.0001627010861,0.01075,0.0,0.8775,104.0,78.0,170.0,13.0,216.0,208.0,0.492752,0.522515,,,,,0.00595,0.00195,0.00435,0.0,0.01545,0.0,0.1032,0.0,winter,early,-0.014886,,0.0,ERR599116,127604288.0,tara,tara,-5.0,0.09175,0.01465,0.0068,0.0854999999999999,0.0,0.17725,0.01465,0.0009,0.00405,0.0024999999999999,0.0,0.0,0.00075,0.0142499999999999,0.0,0.0,0.0,0.0010715,0.043269,7.950000000000001e-05,-0.000165,60.437905,6.51225,7.845202,2025.858544,176.101846,2.700515,4.067518,717.154657,714.923146,0.0,0.00435,0.00405,0.0,0.193370310370262,0.017345684760300004,0.019855943104475374,0.0008309997500000002,126.50038085202827,100.34660897457242,marine_water,marine_surface,surface,39770.899999999994,PRJEB7988,10.1038/nature16942 ; 10.1126/science.1261359
TARA_A100001234,TARA_033,SRF,21.9467,38.2517,ERR599134|ERR599049,SAMEA2619857,SRF,Coastal Biome,2010-01-13 7:16,-987.0,27.3097,3.89435,25.59125,61.5397,0.0369,14.642101,0.001387791,0.01949049,0.006877633,0.006859351,1.35803,466.189,63.10803223,0.0001250092682,0.003,0.006,1.12025,56.0,30.0,77.0,45.0,153.0,153.0,0.501863,0.528461,2993.087996,6.469166693,13578.1,0.752880222,0.01355,0.0019,0.007,0.00305,0.03885,0.00295,0.20015,0.0,winter,early,0.450777,0.0,0.0,ERR599049,84799058.0,tara,tara,-5.0,0.2659,0.0265,0.01575,0.07105,0.0,0.3369999999999999,0.0265,0.00105,0.00775,0.0051,0.0,0.0019,0.0015999999999999,0.0311,0.0,0.0,0.0,0.001363,0.076665,0.0001215,-0.000122,60.9879975,6.458500000000001,7.80708,2040.889305,167.872658,2.607532,3.91135,794.898869,792.464886,0.0019,0.007,0.00775,0.0,0.18828740019515622,0.015718304154899998,0.021371307388784996,0.00434494155,126.01755575982953,100.61296304399998,marine_water,marine_surface,surface,38943.5,PRJEB7988,10.1038/nature16942 ; 10.1126/science.1261359
TARA_B100000029,TARA_034,DCM,18.4417,39.8567,ERR599111|ERR598975,SAMEA2619907,DCM,Coastal Biome,2010-01-20 11:50,-1400.0,27.558763,3.8895025,25.47435,74.2982,0.0717,0.011577,0.001387755,0.015265826,0.004066339,0.004693778,1.36093,421.174,,,0.269,0.635,1.3525,63.0,22.0,81.0,13.0,244.0,150.0,0.261065,0.549026,,,,,0.0528,0.0064,0.0312,0.012,0.1249,0.0,0.0377,0.0,winter,early,0.007657,0.0,9.972222,ERR599111,186394659.0,tara,tara,-60.0,0.249375,0.049475,0.02475,0.070425,0.0,0.3198,0.049475,0.000525,0.03005,0.006375,0.0,0.00285,0.00065,0.0266,0.0,0.0,0.0,0.0007852,0.023509,4.06e-05,-0.0002038,59.7144516,83.55019999999999,,,,,,,,0.0052,0.0312,0.0471,0.0,0.17997997769414997,0.0,,0.0084049689,,,marine_water,marine_surface,surface,38895.025,PRJEB7988,10.1038/nature16942 ; 10.1126/science.1261359
TARA_B100000003,TARA_034,SRF,18.3967,39.875,ERR598991|ERR598959,SAMEA2619879,SRF,Coastal Biome,2010-01-20 4:27,-1419.0,27.635025,3.864,25.2559,73.7963,0.066,2.864579,0.001387755,0.015265826,0.004066339,0.004693778,1.36093,421.174,,,0.011,0.029,2.6405,64.0,60.0,75.0,28.0,201.0,147.0,0.261065,0.549026,,,,,0.0393,0.0054,0.0332,0.0076,0.1074,0.003,0.097,0.0,winter,early,0.007657,0.0,9.972222,ERR598991,80815798.0,tara,tara,-5.0,0.4602,0.0479,0.0434,0.0569,0.0,0.5171,0.0479,0.0013,0.0311,0.0114,0.0,0.0037,0.0018,0.0302,0.0,0.0108,0.0036,0.001202,0.062121,0.0001,-0.000143,60.98310600000001,6.580500000000001,,,,,,,,0.0037,0.0332,0.0311,0.0108,0.18848945250537502,0.0,,0.013675881599999998,,,marine_water,marine_surface,surface,38640.0,PRJEB7988,10.1038/nature16942 ; 10.1126/science.1261359
TARA_B100000035,TARA_036,DCM,20.8222,63.5133,ERR598974|ERR599028,SAMEA2619952,DCM,Coastal Biome,2010-03-12 12:23,-3403.0,25.329231,3.6535819,24.403813,416.3323,0.14115,2.527903,0.001387736,0.028902045,0.006235578,0.002674747,2.76706,1455.03,224.6708984,0.0004154217604,0.277,1.115,1.4395,17.0,25.0,3.0,13.0,184.0,90.0,0.660173,0.513223,,,,,0.0377,0.00925,0.03175,0.00365,0.0819,0.00045,0.0544,0.00725,winter,late,-0.03061,0.074837,0.0,ERR599028,167815601.0,tara,tara,-17.0,0.1189,0.0301,0.010725,0.0,0.0,0.1189,0.0301,0.00035,0.008425,0.0019,0.0,0.003225,0.000575,0.00365,0.0,0.0029,0.000875,0.0007533333333333,0.0160321666666666,4.7333333333333336e-05,-0.0001933333333333,52.671916333333336,91.76983333333334,,,,,,,,0.0068,0.03175,0.02395,0.00705,0.21160990017216022,0.0903819385242,,0.0409326734,,,marine_water,marine_surface,surface,36535.818999999996,PRJEB7988,10.1038/nature16942 ; 10.1126/science.1261359
TARA_B100000034,TARA_036,SRF,20.8183,63.5047,ERR598966|ERR599143,SAMEA2619927,SRF,Coastal Biome,2010-03-12 6:06,-3404.0,25.681369,3.6525962,24.284594,415.5842,0.06795,17.265706,0.001387736,0.028902045,0.006235578,0.002674747,2.69396,1455.03,224.6708984,0.0004154217604,0.0455,0.1415,1.143,18.0,21.0,24.0,13.0,596.0,,0.660173,0.513223,,,,,0.0208,0.0065,0.0169,0.00045,0.05395,0.0,0.07005,0.00845,winter,late,-0.03061,0.074837,0.0,ERR599143,82259771.0,tara,tara,-5.0,0.3489666666666666,0.0625333333333333,0.0313333333333333,0.0,0.0,0.3501333333333333,0.0625333333333333,0.0007,0.0198666666666666,0.0081,0.0009333333333333,0.0053,0.0025666666666666,0.0107999999999999,0.0011333333333333,0.0046999999999999,0.0034999999999999,0.0022196,0.1582518,0.0002592,1.9e-05,55.820198000000005,7.7433,8.054263,1810.585706,235.524685,3.704993,5.596969,397.011643,395.772094,0.00285,0.0169,0.01325,0.00225,0.2149021628289793,0.0958153659063,0.01122575967924834,0.0339522755,122.6338826473511,92.70910483030153,marine_water,marine_surface,surface,36525.962,PRJEB7988,10.1038/nature16942 ; 10.1126/science.1261359
TARA_B100000315,TARA_037,MES,20.8457,63.5851,ERR599062|ERR599031,SAMEA2619970,MES,Coastal Biome,2010-03-12 17:08,-3391.0,11.984006,3.5672725,27.130513,422.5596,0.00135,0.0,0.001387737,0.028889008,0.005607758,0.000920977,2.88692,1261.87,233.2970734,0.0004453408328,,,,,49.0,30.0,13.0,587.0,95.0,,,,,,,0.0,0.0,0.0,0.0,0.0,0.0,0.0004,0.0002,winter,late,-0.087532,0.06187,0.0,ERR599062,169599279.0,tara,tara,-600.0,0.0011,0.0,0.0,0.0,0.0,0.0011,0.0,0.0,0.0,0.0,0.0,0.0,0.0,0.0,0.0,0.0,0.0,0.00048865,0.011600975,1.252e-05,-0.00023135,41.025961925,595.1060699999999,,,,,,,,0.0,0.0,0.0,0.0,0.0028926563072362507,1.9401831729396002,,,,,marine_water,marine_surface,surface,35672.725,PRJEB7988,10.1038/nature16942 ; 10.1126/science.1261359
TARA_B100000073,TARA_038,DCM,19.0284,64.5126,ERR599082|ERR598949,SAMEA2620021,DCM,Trades Biome,2010-03-15 11:18,-3341.0,25.607735,3.6549506000000003,24.3126,575.1294,0.17892,1.879871,0.001387726,0.030032598,0.004277769,0.001138785,4.24259,847.091,116.9999161,0.0002442871628,0.7,1.858,1.625,45.0,23.0,162.0,53.0,289.0,117.0,0.542872,0.579343,,,,,0.0435,0.0085,0.0262,0.0056,0.1067,0.0,0.1518,0.0,winter,late,0.005785,0.069484,0.0,ERR599082,177998509.0,tara,tara,-25.0,0.1767857142857143,0.0382571428571428,0.0203,0.0158142857142857,0.0,0.1925714285714285,0.0382571428571428,0.0006,0.0238285714285714,0.0036,0.0,0.0051285714285714,0.0010571428571428,0.0078285714285714,0.0,0.0020571428571428,0.0007142857142857,0.0011365714285714,0.0432109047619047,0.0001013809523809,-0.000137,54.127829000000006,80.88250000000001,,,,,,,,0.0135,0.0262,0.0589,0.0068,0.19361894788358,0.041716338675899994,,0.0396030738,,,marine_water,marine_surface,surface,36549.506,PRJEB7988,10.1038/nature16942 ; 10.1126/science.1261359
TARA_B100000066,TARA_038,SRF,19.0393,64.4913,ERR599102|ERR599158,SAMEA2620000,SRF,Trades Biome,2010-03-15 3:35,-3344.0,26.313595,3.6618044,24.148331,584.8344,0.05004,23.003181,0.001387726,0.030032598,0.004277769,0.001138785,4.12012,851.496,116.9999161,0.0002442871628,0.107,0.4195,1.278,20.0,27.0,126.0,13.0,704.0,120.0,0.542872,0.579343,,,,,0.0114,0.0019,0.00775,0.0009,0.02745,0.0,0.1641,0.0,winter,late,0.005785,0.069484,0.0,ERR599102,90915151.0,tara,tara,-5.0,0.1898,0.0389,0.0161,0.0769,0.0,0.2667,0.0389,0.00245,0.01315,0.00345,0.0,0.00375,0.00115,0.0194,0.0,0.0,0.0,0.001727,0.0952434285714285,0.0001885714285714,-5.18e-05,56.4930356,6.711857142857143,,,,,,,,0.00375,0.00775,0.01315,0.0,0.1922730955877745,0.0392289501075,,0.0320053618,,,marine_water,marine_surface,surface,36618.044,PRJEB7988,10.1038/nature16942 ; 10.1126/science.1261359
TARA_B100000085,TARA_039,DCM,18.5839,66.4727,ERR599145,SAMEA2620081,DCM,Trades Biome,2010-03-18 11:33,-3265.0,26.692435,3.640162,23.87718,468.2075,0.12402,4.100441,0.00138772,0.0255102,0.004728645,0.003323513,2.1758,533.091,81.80855179,0.0002288970427,0.011,0.0675,1.2415,26.0,41.0,3.0,13.0,480.0,124.0,0.386281,0.51759,,,,,0.01255,0.00495,0.00545,0.00095,0.03505,0.0,0.0962,0.0,winter,late,0.403157,,2.25,ERR599145,168689263.0,tara,tara,-25.0,0.2429,0.0656,0.0246166666666666,0.0343,0.0,0.2772166666666666,0.0656,0.0006333333333333,0.0247,0.0050833333333333,0.0,0.0069999999999999,0.0014333333333333,0.0128166666666666,0.0,0.0058833333333333,0.0014833333333333,0.0012475,0.05326675,0.0001205833333333,-0.00012025,54.82077508333333,74.40237499999999,,,,,,,,0.00115,0.00545,0.00925,0.0,0.191952551779257,0.0,,0.0234104501,,,marine_water,marine_surface,surface,36401.62,PRJEB7988,10.1038/nature16942 ; 10.1126/science.1261359
TARA_B100000097,TARA_039,MES,18.7341,66.3896,ERR599172|ERR599037,SAMEA2620097,MES,Trades Biome,2010-03-20 8:15,-3147.0,15.553795,3.5907680999999996,26.565675,462.0824,0.00144,0.0,0.00138772,0.0255102,0.004728645,0.003323513,1.99059,487.271,80.98583221,0.0002070110058,2.074,21.22,38.62,14.0,34.0,3.0,16.0,486.0,125.0,0.386281,0.51759,,,,,0.0,0.0,0.0,0.0,0.0,0.0,0.0013,0.0,spring,early,0.403157,,2.25,ERR599037,96756147.0,tara,tara,-270.0,0.0017,0.0,0.0,0.0,0.0,0.0017,0.0,0.0,0.0,0.0,0.0,0.0,0.0,0.0018,0.0,0.0073999999999999,0.0,0.0009204166666666,0.0261959722222222,7.56388888888889e-05,-0.0001669166666666,44.31290908333333,302.1974583333333,,,,,,,,0.0,0.0,0.0,0.0058,0.00320704249698375,1.1508212368134,,0.250724496,,,marine_water,marine_surface,surface,35907.681,PRJEB7988,10.1038/nature16942 ; 10.1126/science.1261359
TARA_B100000287,TARA_041,DCM,14.5536,70.0128,ERR598977|ERR599053,SAMEA2620217,DCM,Trades Biome,2010-03-30 10:56,-3625.0,27.374181,3.6503531000000002,23.734719,245.2806,0.098025,0.606707,0.001387699,0.020277846,0.004047238,0.004698874,,312.006,43.73920631,9.07e-05,0.2375,7.847,3.5765,25.0,57.0,29.0,33.0,404.0,67.0,0.21705,0.560517,,,,,0.0372,0.00715,0.01485,0.0043,0.0695,0.0,0.0423,0.0,spring,early,-0.412443,0.026178,19.027778,ERR599053,192926297.0,tara,tara,-60.0,0.0869714285714285,0.0141428571428571,0.0127285714285714,0.0618571428571428,0.0,0.1488285714285714,0.0141428571428571,0.0002142857142857,0.0106428571428571,0.0021857142857142,0.0,0.0005714285714285,0.0001,0.0194142857142857,0.0,0.0041,0.0004571428571428,0.00069,0.0147055714285714,4.321428571428571e-05,-0.0001975,53.39800535714286,89.50110714285714,,,,,,,,0.002,0.01485,0.0249,0.00665,0.16834300168764732,0.0,,0.08034580440000001,,,marine_water,marine_surface,surface,36503.531,PRJEB7988,10.1038/nature16942 ; 10.1126/science.1261359
TARA_B100000282,TARA_041,SRF,14.6059,69.9776,ERR599011|ERR599074,SAMEA2620194,SRF,Trades Biome,2010-03-30 2:47,-3640.0,29.151544,3.60499,22.799819,249.7827,0.0,34.540752,0.001387699,0.020277846,0.004047238,0.004698874,,312.006,47.64060783,0.0001573284935,0.007,0.057,1.3865,25.0,66.0,79.0,24.0,450.0,74.0,0.21705,0.560517,,,,,0.0015,0.0,0.001,0.0,0.0056,0.0,0.07355,0.0,spring,early,-0.412443,0.026178,19.027778,ERR599074,186493040.0,tara,tara,-5.0,0.0331333333333333,0.0036,0.0025333333333333,0.0537,0.0,0.0868,0.0036,0.0005,0.0008666666666666,0.001,0.0,0.0,0.0,0.0087,0.0,0.0,0.0,0.0009818888888888,0.020554,8.5e-05,-0.000155,59.00174666666666,6.183611111111111,,,,,,,,0.0,0.001,0.00075,0.0,0.19157718214750086,0.0,,0.0148630241,,,marine_water,marine_surface,surface,36049.9,PRJEB7988,10.1038/nature16942 ; 10.1126/science.1261359
TARA_B100000131,TARA_042,DCM,5.9998,73.9067,ERR599013|ERR599130,SAMEA2620259,DCM,Trades Biome,2010-04-04 9:50,-1836.0,27.9561,3.5044342,22.474092,52.5093,0.1503,,0.001387698,0.015891551,0.010871042,0.004952658,,210.7695,28.92443657,,0.152,0.741,2.7335,32.0,70.0,105.0,36.0,176.0,84.0,0.320439,0.690085,,,,,0.0147,0.0031,0.0036,0.0024,0.03135,0.0,0.06055,0.0,spring,early,0.15868,,8.0,ERR599130,182246654.0,tara,tara,-80.0,0.0620142857142857,0.0142428571428571,0.0099999999999999,0.0737857142857143,0.0,0.1358142857142857,0.0142428571428571,0.0003285714285714,0.0082285714285714,0.0014142857142857,0.0,0.0008428571428571,0.0001142857142857,0.0181714285714285,0.0,0.0006857142857142,0.0,0.0007871428571428,0.0280878571428571,5.7142857142857135e-05,-0.0001815714285714,53.867978,84.19957142857143,,,,,,,,0.00295,0.0036,0.01365,0.0024,0.14109946461316564,0.0,,0.0237903357,,,marine_water,marine_surface,surface,35044.342,PRJEB7988,10.1038/nature16942 ; 10.1126/science.1261359
TARA_B100000123,TARA_042,SRF,6.0001,73.8955,ERR599075|ERR599141,SAMEA2620230,SRF,Trades Biome,2010-04-04 2:47,-1828.0,30.12785,3.4567749999999995,21.358942,52.8424,0.0,,0.001387698,0.015891551,0.010871042,0.004952658,,210.7695,,,0.001,0.022,2.171,41.0,75.0,102.0,44.0,184.0,85.0,0.320439,0.690085,,,,,0.0008,0.0,0.00085,0.0,0.00335,0.0,0.06295,0.0,spring,early,0.15868,,8.0,ERR599075,163785499.0,tara,tara,-5.0,0.01975,0.0027,0.00135,0.03345,0.0,0.05315,0.0027,0.0,0.00085,0.0007999999999999,0.0,0.0,0.0,0.00595,0.0,0.0,0.0,0.000897875,0.020563875,7.25e-05,-0.0001655,57.739907,4.452624999999999,,,,,,,,0.0,0.00085,0.00085,0.0,0.1928282274740965,0.0,,0.0072653121,,,marine_water,marine_surface,surface,34567.74999999999,PRJEB7988,10.1038/nature16942 ; 10.1126/science.1261359
TARA_B100000161,TARA_045,SRF,0.0033,71.6428,ERR599054|ERR599045,SAMEA2620339,SRF,Trades Biome,2010-04-13 3:21,-3933.0,30.59345,3.50481,21.558975,153.5512,0.0036,,0.001320691,0.016592899,0.007288604,0.005533795,,193.666,37.24840927,0.0001847776002,,,,43.0,47.0,52.0,15.0,865.0,132.0,0.298696,0.751625,3345.27664,6.296286671,14553.0,0.736492064,,,,,,,,,spring,early,0.111952,0.069572,0.0,ERR599054,161739316.0,tara,tara,-5.0,,,,,,,,,,,,,,,,,,0.00088375,0.0155735,7.325e-05,-0.000165,58.9725975,3.420375,,,,,,,,,,,,0.19003193286796252,0.1132537479921,,,,,marine_water,marine_surface,surface,35048.1,PRJEB7988,10.1038/nature16942 ; 10.1126/science.1261359
TARA_B100000242,TARA_048,SRF,-9.3921,66.4228,ERR599019|ERR599138,SAMEA2620404,SRF,Trades Biome,2010-04-19 7:56,-2990.0,29.818108,3.4184183,21.176983,521.5773,0.0,36.077188,0.001209446,0.013870245,0.006999157,0.008117013,,173.214,33.13836288,0.0002147719715,0.0055,0.07475,2.22425,18.0,52.0,28.0,19.0,106.0,42.0,0.262804,0.631249,,,,,0.0013,0.0,0.0007,0.0,0.0062,0.0,0.06295,0.0,autumn,early,-0.11828,0.067544,3.777778,ERR599138,216077536.0,tara,tara,-5.0,0.0178333333333333,0.0025333333333333,0.0022333333333333,0.0420333333333333,0.0,0.0598333333333333,0.0025333333333333,0.0,0.0012333333333333,0.0007666666666666,0.0,0.0,0.0,0.0070666666666666,0.0,0.0,0.0,0.0007411111111111,0.0119847777777777,5.366666666666667e-05,-0.0001842222222222,56.948192444444445,6.0056111111111115,,,,,,,,0.0,0.0007,0.00125,0.0,0.19131750776505,0.0,,0.0078351405,,,marine_water,marine_surface,surface,34184.183,PRJEB7988,10.1038/nature16942 ; 10.1126/science.1261359
TARA_B100000214,TARA_052,DCM,-16.9534,53.9601,ERR599002|ERR599016,SAMEA2620570,DCM,Trades Biome,2010-05-17 11:42,-4657.0,25.212642,3.4896833000000003,23.203642,412.5201,0.149,1.076232,0.001048266,0.01050256,0.005936726,0.006946565,0.79292,172.66325,39.10061264,0.0001396236876,0.032,0.4675,2.824,63.0,68.0,73.0,448.0,170.0,166.0,0.306166,0.555372,,,,,0.0261,0.0064,0.0091,0.0,0.0645,0.0,0.0504,0.0,autumn,middle,0.274476,0.074677,2.138889,ERR599002,158732738.0,tara,tara,-75.0,0.0947166666666666,0.0424,0.0169999999999999,0.0949,0.0,0.1896499999999999,0.0424,0.0003333333333333,0.0176166666666666,0.0026,0.0,0.00265,0.0006166666666666,0.0176833333333333,0.0,0.0,0.0,0.0008319166666666,0.0386736666666666,7.599999999999999e-05,-0.00016275,52.67675608333334,80.97216666666667,,,,,,,,0.0057,0.0091,0.0296,0.0,0.19933823132624548,0.0330158111079,,0.015100452600000001,,,marine_water,marine_surface,surface,34896.833000000006,PRJEB7988,10.1038/nature16942 ; 10.1126/science.1261359
TARA_B100000212,TARA_052,SRF,-16.957,53.9801,ERR599098|ERR599139,SAMEA2620542,SRF,Trades Biome,2010-05-17 4:10,-4688.0,27.956483,3.4545450000000004,22.067625,409.6259,0.0332,30.189334,0.001048266,0.01050256,0.005936726,0.006946565,0.79622,172.66325,39.59863281,0.0001348908554,0.0,0.0,2.666,53.0,82.0,79.0,470.0,958.0,,0.306166,0.555372,3095.716572,6.256172187,14573.1,0.738694041,0.0053,0.0017,0.0022,0.0,0.02,0.0,0.0871,0.0,autumn,middle,0.274476,0.074677,2.138889,ERR599139,172444875.0,tara,tara,-5.0,0.056,0.011,0.0059,0.0887,0.0,0.1447,0.011,0.0007,0.0061,0.0032,0.0012,0.0,0.0,0.0119,0.0,0.0,0.0,0.000889,0.040122,8.325e-05,-0.00015475,55.51085375,5.0305,7.612326,2050.987052,99.951003,1.611691,2.424882,1266.083085,1262.233779,0.0,0.0022,0.0061,0.0,0.19585685967511288,0.0330158111079,0.03420037065403062,0.0113015966,117.4700731735915,98.2345988822,marine_water,marine_surface,surface,34545.450000000004,PRJEB7988,10.1038/nature16942 ; 10.1126/science.1261359
TARA_B100000378,TARA_056,MES,-15.3379,43.2948,ERR599112,SAMEA2620666,MES,Coastal Biome,2010-06-26 7:12,-3368.0,6.195775,3.4829300000000005,27.4047,102.9245,0.0,0.0,0.001008999,0.011774442,0.005387648,0.010581372,0.7966,286.329,43.84181976,9.53e-05,,,,82.0,85.0,93.0,22.0,985.0,,,,6418.191431,6.934209534,20379.9,0.7427029,,,,,,,,,winter,early,0.887425,,1.25,ERR599112,217014524.0,tara,tara,-1000.0,,,,,,,,,,,,,,,,,,0.000261,-0.0004609999999999,1.4199999999999998e-05,-0.0002338,34.874692800000005,989.64655,,,,,,,,,,,,0.091325746931825,,,,,,marine_water,marine_surface,surface,34829.3,PRJEB7988,10.1038/nature16942 ; 10.1126/science.1261359
TARA_B000000609,TARA_056,SRF,-15.3424,43.2965,ERR599057,SAMEA2620651,SRF,Coastal Biome,2010-06-26 7:05,-3368.0,27.296125,3.5030200000000002,22.646025,102.9245,0.0183,23.244613,0.001008999,0.011774442,0.005387648,0.010581372,0.7966,286.329,43.84181976,9.53e-05,0.016042,0.0,2.812112,82.0,85.0,93.0,22.0,985.0,,,,3652.261779,6.515589473,13542.6,0.744129968,,,,,,,,,winter,early,0.887425,,1.25,ERR599057,162192709.0,tara,tara,-5.0,,,,,,,,,,,,,,,,,,,,,,,,,,,,,,,,,,,0.19753941941912498,0.13326923973660001,,0.0,,,marine_water,marine_surface,surface,35030.200000000004,PRJEB7988,10.1038/nature16942 ; 10.1126/science.1261359
TARA_B000000565,TARA_057,SRF,-17.0248,42.7401,ERR599058,SAMEA2620672,SRF,Coastal Biome,2010-06-27 12:05,-79.0,26.553475,3.5124516999999997,22.953567,136.7873,0.0263,22.541142,0.001009452,0.010739017,0.00596926,0.011677063,0.6178,374.343,73.72459793,0.000830252764,,,,17.0,13.0,5.0,17.0,4.0,,,,4101.567338,6.569161611,14116.5,0.74861501,,,,,,,,,winter,early,-0.1419,,2.0,ERR599058,167968285.0,tara,tara,-5.0,,,,,,,,,,,,,,,,,,,,,,,,,,,,,,,,,,,0.19851530726044092,,,,,,marine_water,marine_surface,surface,35124.517,PRJEB7988,10.1038/nature16942 ; 10.1126/science.1261359
TARA_B000000557,TARA_058,DCM,-17.2855,42.2866,ERR599026,SAMEA2620734,DCM,Coastal Biome,2010-06-29 15:00,-2179.0,25.113925,3.5162694,23.430525,176.4077,0.117225,0.115195,0.001000181,0.011099947,0.00756411,0.013670703,,317.4385,56.24668884,0.0001471754804,0.025376,0.063072,2.513803,37.0,71.0,99.0,26.0,132.0,95.0,0.210375,0.715193,3562.085507,6.639076129,15237.9,0.739734701,0.0582,0.0056,0.016,0.0045,0.1508,0.0044,0.0895,0.0,winter,early,0.557628,0.197237,0.0,ERR599026,168211937.0,tara,tara,-66.0,0.1445166666666666,0.0185666666666666,0.0188,0.1045999999999999,0.0,0.24915,0.0185666666666666,0.0007166666666666,0.02485,0.0037666666666666,0.0,0.0023666666666666,0.0005,0.0260833333333333,0.0,0.0006833333333333,0.0,0.0008629999999999,0.0318972857142857,9.414285714285712e-05,-0.0001457142857142,49.88162257142857,98.4185,,,,,,,,0.005,0.016,0.061,0.0041,0.18534525148585745,0.050860945337700005,,0.0,,,marine_water,marine_surface,surface,35162.694,PRJEB7988,10.1038/nature16942 ; 10.1126/science.1261359
TARA_B000000532,TARA_062,SRF,-22.3368,40.3412,ERR599012,SAMEA2620756,SRF,Coastal Biome,2010-07-03 8:09,-1548.0,,,,10.6591,,,0.000909214,0.012337432,0.017541743,0.033863571,1.56105,343.789,53.02372742,0.000111145011,,,,71.0,76.0,81.0,422.0,934.0,91.0,,,3426.68185,6.642943018,13749.9,0.745880872,,,,,,,,,winter,early,-0.113784,0.04422,8.944444,ERR599012,145560911.0,tara,tara,-5.0,,,,,,,,,,,,,,,,,,,,,,,,,,,,,,,,,,,,,,,,,marine_water,marine_surface,surface,,PRJEB7988,10.1038/nature16942 ; 10.1126/science.1261359
TARA_B100000405,TARA_064,DCM,-29.5333,37.9117,ERR599025|ERR599023|ERR598972,SAMEA2620828,DCM,Coastal Biome,2010-07-08 6:21,-4954.0,22.215305,3.5346195000000002,24.424005,546.589,0.06888,0.019126,0.00080341,0.010198253,0.030657471,0.074760764,1.2096,552.457,64.79034424,0.0001501974111,0.00875,,1.7355,128.0,14.0,149.0,485.0,149.0,178.0,0.31965,0.714446,,,,,0.02125,0.0024,0.02,0.0047,0.033,0.0023,0.04755,0.0,winter,early,0.676958,0.119044,0.0,ERR599023,124808081.0,tara,tara,-65.0,0.1430666666666666,0.0260166666666666,0.01365,0.0713666666666666,0.0,0.2143833333333333,0.0260166666666666,0.00085,0.01355,0.0029833333333333,0.0,0.00075,0.0,0.0143333333333333,0.0,0.0,0.0,0.0011384545454545,0.0487421428571428,0.0001360909090909,-0.0001033636363636,50.58387327272727,81.27322727272727,,,,,,,,0.0017,0.02,0.01725,0.0,0.21303573303818304,0.0,,0.00790636905,,,marine_water,marine_surface,surface,35346.195,PRJEB7988,10.1038/nature16942 ; 10.1126/science.1261359
TARA_B100000408,TARA_064,MES,-29.5046,37.9599,ERR599164|ERR599021,SAMEA2620815,MES,Coastal Biome,2010-07-07 12:13,-4940.0,7.552017,3.4572657999999996,27.0189,547.7305,0.0,0.0,0.00080341,0.010198253,0.030657471,0.074760764,1.19559,552.457,64.70048141,0.0001636279485,,,,125.0,55.0,185.0,733.0,171.0,,0.31965,0.714446,6277.084116,6.789891982,19650.8,0.726436041,,,,,,,,,winter,early,0.676958,0.119044,0.0,ERR599164,77300985.0,tara,tara,-1000.0,0.0029,0.0,0.0,0.0,0.0,0.0029,0.0,0.0,0.0004,0.0,0.0,0.0,0.0,0.0,0.0,0.0,0.0,0.0002006428571428,0.009237,6.107142857142857e-06,-0.0002391428571428,37.48318235714286,879.3485892857143,8.02373,1931.123393,158.035858,2.265434,3.508088,410.124313,408.664982,,,,,0.1960462688048063,,0.0156217267061561,,119.60155306383417,95.094021554092,marine_water,marine_surface,surface,34572.657999999996,PRJEB7988,10.1038/nature16942 ; 10.1126/science.1261359
TARA_B100000401,TARA_064,SRF,-29.5019,37.9889,ERR599088|ERR598970|ERR599150,SAMEA2620786,SRF,Coastal Biome,2010-07-07 4:48,-4938.0,22.2414,3.5324669999999996,24.39702,550.5186,0.0492,13.575859,0.00080341,0.010198253,0.030657471,0.074760764,1.13587,550.3075,68.16622162,0.000153173045,0.004,0.0,1.7665,140.0,76.0,163.0,812.0,1514.0,,0.31965,0.714446,,,,,0.0109,0.0017,0.0103,0.0034,0.0201,0.0013,0.0861,0.0,winter,early,0.676958,0.119044,0.0,ERR599150,229786880.0,tara,tara,-5.0,0.1565,0.02605,0.01265,0.1245,0.0,0.28095,0.02605,0.0007,0.01005,0.0039,0.00025,0.00135,0.0003,0.02445,0.0,0.0,0.0,0.00141275,0.071155,0.0001755,-6.35e-05,50.603199,8.01675,8.103935,1770.109068,220.886504,3.451085,5.275882,340.035166,338.927141,0.0012,0.0103,0.0089,0.0,0.21536871728629,0.0,0.010586557246604561,0.0079775976,118.84356161959091,90.2068854736104,marine_water,marine_surface,surface,35324.67,PRJEB7988,10.1038/nature16942 ; 10.1126/science.1261359
TARA_B000000441,TARA_065,DCM,-35.2421,26.3048,ERR598990|ERR599018|ERR599110,SAMEA2620890,DCM,Coastal Biome,2010-07-12 11:03,-4291.0,21.72823,3.5451512000000003,24.64465,91.3689,0.11241,0.043008,0.000760815,0.009926958,0.065700063,0.482149295,,621.475,80.35794067,0.0001647107565,,,,66.0,27.0,,13.0,63.0,,0.134533,0.817359,,,,,,,,,,,,,winter,early,4.780821,0.143321,0.0,ERR599110,134460848.0,tara,tara,-30.0,,,,,,,,,,,,,,,,,,,0.074783,0.000174,,,28.6815,,,,,,,,,,,,0.2125961922192525,,,,,,marine_water,marine_surface,surface,35451.512,PRJEB7988,10.1038/nature16942 ; 10.1126/science.1261359
TARA_B000000460,TARA_065,MES,-35.1889,26.2905,ERR598960|ERR599034,SAMEA2620882,MES,Coastal Biome,2010-07-12 6:46,-4316.0,8.33035,3.4630583,26.947583,85.2841,-0.0018,0.0,0.000760815,0.009926958,0.065700063,0.482149295,,621.475,79.92088318,0.0001643161668,,,,78.0,20.0,88.0,679.0,1186.0,,0.134533,0.817359,6265.395611,6.791873452,19527.4,0.729378736,,,,,,,,,winter,early,4.780821,0.143321,0.0,ERR598960,193309482.0,tara,tara,-850.0,,,,,,,,,,,,,,,,,,0.0002475,-0.000984,1.45e-05,-0.0002304999999999,36.648946,842.1569999999999,,,,,,,,,,,,0.20510813296225797,,,,,,marine_water,marine_surface,surface,34630.583,PRJEB7988,10.1038/nature16942 ; 10.1126/science.1261359
TARA_B000000437,TARA_065,SRF,-35.1728,26.2868,ERR598979|ERR599146,SAMEA2620855,SRF,Coastal Biome,2010-07-12 5:59,-4316.0,21.76357,3.5449638,24.629613,85.2841,0.10548,0.86456,0.000760815,0.009926958,0.065700063,0.482149295,,621.475,80.48958588,0.0001665762029,,,,78.0,20.0,88.0,679.0,1186.0,,0.134533,0.817359,,,,,,,,,,,,,winter,early,4.780821,0.143321,0.0,ERR599146,97461571.0,tara,tara,-5.0,,,,,,,,,,,,,,,,,,,,,,,,,,,,,,,,,,,0.2126938446220756,,,,,,marine_water,marine_surface,surface,35449.638,PRJEB7988,10.1038/nature16942 ; 10.1126/science.1261359
TARA_B000000477,TARA_066,DCM,-34.8901,18.0459,ERR598982|ERR599107,SAMEA2620950,DCM,Coastal Biome,2010-07-15 15:36,-1880.0,15.014,3.532305,26.21755,70.2779,0.1725,0.350859,0.000311999,0.019386057,0.1846933,1.545722415,,724.197,99.62840652,0.0002339225612,0.284,3.309875,2.5895,67.0,23.0,,15.0,65.0,,0.897426,0.890853,,,,,0.03835,0.0149,0.0296,0.01535,0.0761,0.01095,0.0143,0.0018,winter,early,0.143048,0.098545,0.0,ERR598982,37498949.0,tara,tara,-30.0,0.3642499999999999,0.065475,0.038425,0.0,0.0,0.367875,0.065475,0.000175,0.024225,0.007875,0.0,0.004225,0.001475,0.008775,0.003675,0.0205,0.00335,0.0015408,0.1286381153846154,0.0002070384615384,-4.293333333333334e-05,43.087849066666664,39.38284615384615,,,,,,,,0.00545,0.0296,0.0276,0.0245,0.24607779718375566,0.1698555410061,,0.03321624715,,,marine_water,marine_surface,surface,35323.05,PRJEB7988,10.1038/nature16942 ; 10.1126/science.1261359
TARA_B000000475,TARA_066,SRF,-34.9449,17.9189,ERR598973|ERR599173|ERR599068,SAMEA2620929,SRF,Coastal Biome,2010-07-15 12:22,-2031.0,15.013362,3.5323300000000004,26.2141,79.9944,0.1611,9.435831,0.000311999,0.019386057,0.1846933,1.545722415,,810.68,108.1238098,0.0002634618286,0.3025,3.34,2.7435,91.0,31.0,100.0,14.0,451.0,106.0,0.897426,0.890853,,,,,0.039,0.0148,0.0302,0.0139,0.0746,0.0108,0.0139,0.0021,winter,early,0.143048,0.098545,0.0,ERR599173,86553425.0,tara,tara,-5.0,0.43515,0.0817,0.04555,0.0,0.0,0.4393,0.0817,0.0003,0.02605,0.0094,0.00115,0.005,0.00135,0.0097,0.00415,0.0243,0.00315,0.001699,0.1498535,0.000222,-2e-05,43.341866,11.3405,8.10696,1878.851915,180.414915,2.753855,4.285172,342.386945,341.167562,0.0051,0.0302,0.0271,0.0244,0.24622698906522497,0.1504416208014,0.013066958591696999,0.0325751902,119.61927001316838,93.5578870688,marine_water,marine_surface,surface,35323.3,PRJEB7988,10.1038/nature16942 ; 10.1126/science.1261359
TARA_B100000497,TARA_067,SRF,-32.2401,17.7103,ERR599144|ERR598994,SAMEA2620970,SRF,Coastal Biome,2010-09-07 6:19,-160.0,13.04322,3.4870735,26.28407,81.2122,1.20489,0.068852,0.000415882,0.043375768,0.060270548,0.098994337,2.7018,5070.88,673.5032654,,,,,25.0,14.0,35.0,14.0,89.0,32.0,0.782904,0.863959,,,,,0.1759,0.2836,2.1997,0.1434,0.31475,0.12545,0.0749,0.0099,winter,late,0.04459,0.0,1.111111,ERR599144,39585392.0,tara,tara,-5.0,3.7267666666666663,0.1245333333333333,0.3904666666666667,0.0,0.0,3.755733333333333,0.1245333333333333,0.0064,0.0515333333333333,0.2271999999999999,0.0549666666666666,0.0334333333333333,0.0196666666666666,0.0931333333333333,0.0289666666666666,0.2137666666666666,0.0946,0.0046945,0.7312630833333333,0.0006776666666666,0.0004355833333333,41.99834466666667,10.0415,8.025701,1964.87758,141.917027,2.160305,3.379645,425.604647,424.045046,0.0483,2.1997,0.07385,0.2919,0.25927163271600145,0.0784118305743,0.017452363939989512,,119.14260330209163,95.903372746104,marine_water,marine_surface,surface,34870.735,PRJEB7988,10.1038/nature16942 ; 10.1126/science.1261359
TARA_B100000482,TARA_068,DCM,-31.027,4.6802,ERR599056|ERR599103|ERR599017,SAMEA2621037,DCM,Trades Biome,2010-09-14 13:30,-4935.0,16.74878,3.5684069999999997,26.101325,1113.2454,0.27246,0.383273,0.00036828,0.015807986,0.06059745,0.129485512,5.91167,446.399,69.40000153,0.0003940000024,0.285,1.08,2.436,156.0,42.0,353.0,237.0,1320.0,,0.530677,0.674945,,,,,0.0484,0.005,0.0183,0.0048,0.1647,0.0,0.0815,0.0,winter,late,0.069036,0.120437,6.388889,ERR599017,65886031.0,tara,tara,-50.0,0.1490142857142857,0.0412,0.0212,0.0507571428571428,0.0,0.1997857142857142,0.0412,0.0,0.0383857142857142,0.0044428571428571,0.0001428571428571,0.0032142857142857,0.0008571428571428,0.0108714285714285,0.0,0.0,0.0,0.0005937142857142,0.0386154285714285,8.6e-05,-0.0001555714285714,45.42652871428571,90.61192857142858,,,,,,,,0.0038,0.0183,0.0692,0.0,0.238032317510055,0.056101103446499996,,0.0215585078,,,marine_water,marine_surface,surface,35684.07,PRJEB7988,10.1038/nature16942 ; 10.1126/science.1261359
TARA_B100000470,TARA_068,MES,-31.0198,4.6685,ERR598947|ERR599131,SAMEA2620995,MES,Trades Biome,2010-09-13 13:02,-4894.0,7.32145,3.450494,26.992205,1122.2759,-0.00576,0.0,0.00036828,0.015807986,0.06059745,0.129485512,,435.877,55.70494843,9.54e-05,0.003,22.08,12.08,233.0,31.0,3.0,21.0,758.0,,0.530677,0.674945,5525.554522,6.922447734,17660.3,0.731320211,0.0,0.0,0.0021,0.0,0.0,0.0,0.0,0.0,winter,late,0.069036,0.120437,6.388889,ERR598947,157398494.0,tara,tara,-700.0,0.0054,0.0,0.0,0.0,0.0,0.0054,0.0,0.0,0.0,0.0,0.0,0.0,0.0,0.0,0.0,0.0,0.0,0.0002300285714285,-2.1414285714285735e-05,3.8842857142857144e-05,-0.0002083428571428,34.49694712857143,846.2696500000001,8.008123,1963.490771,142.510686,2.031454,3.160165,426.214452,424.658197,0.0,0.0021,0.0,0.0,0.199682407785411,1.5025104254076,0.017303321299615107,0.1452112706,119.30549980165155,95.926617704907,marine_water,marine_surface,surface,34504.94,PRJEB7988,10.1038/nature16942 ; 10.1126/science.1261359
TARA_B100000475,TARA_068,SRF,-31.0266,4.665,ERR599171|ERR599129|ERR599174,SAMEA2621013,SRF,Trades Biome,2010-09-14 6:55,-4935.0,16.8632,3.5686585,26.07437,1113.2454,0.19332,24.301431,0.00036828,0.015807986,0.06059745,0.129485512,5.91167,446.399,69.40000153,0.0003940000024,0.201,0.939,1.9865,156.0,42.0,353.0,237.0,1320.0,,0.530677,0.674945,,,,,0.0338,0.00465,0.01515,0.0034,0.11185,0.0,0.0795,0.0,winter,late,0.069036,0.120437,6.388889,ERR599174,73893401.0,tara,tara,-5.0,0.2658666666666666,0.0418333333333333,0.0431999999999999,0.0752,0.0,0.3418666666666667,0.0418333333333333,0.0,0.0536333333333333,0.0195333333333333,0.0024333333333333,0.0028,0.0019333333333333,0.0153999999999999,0.0008333333333333,0.0,0.0043333333333333,0.001201,0.1454226666666666,0.000174,-6.766666666666667e-05,45.548393,9.903166666666666,8.087022,1880.915719,187.3566,2.870057,4.444268,363.350186,362.087593,0.00255,0.01515,0.0462,0.0,0.240590121802431,0.0684450389385,0.013059547263635972,0.0138183387,120.53905369084373,93.95147361468001,marine_water,marine_surface,surface,35686.585,PRJEB7988,10.1038/nature16942 ; 10.1126/science.1261359
TARA_B100000446,TARA_070,MES,-20.4075,-3.1641,ERR599044|ERR599149,SAMEA2621092,MES,Trades Biome,2010-09-21 11:57,-4678.0,4.188237,3.4446962999999995,27.333325,558.1525,-0.00495,0.0,0.000787816,0.015283077,0.031308781,0.029039364,,475.34,59.29802513,0.0002333915909,0.01,36.73,44.86,146.0,42.0,156.0,15.0,219.0,,0.497782,0.556013,,,,,,,,,,,,,winter,late,0.009208,0.047133,0.0,ERR599044,166255464.0,tara,tara,-800.0,0.00725,0.0014,0.00075,0.00145,0.0,0.0087,0.0014,0.0,0.00255,0.00025,0.0,0.0,0.0,0.00075,0.0,0.0,0.0,0.000187,0.0009767428571428,3.694285714285714e-05,-0.0002118285714285,33.20320028571429,751.5244857142857,7.883767,2059.236389,94.376165,1.332326,2.089527,577.479017,575.254594,,,,,0.16635120548395627,2.2740684605625,0.026903234945104628,0.2395178708,118.13954341559739,98.53277200074002,marine_water,marine_surface,surface,34446.962999999996,PRJEB7988,10.1038/nature16942 ; 10.1126/science.1261359
TARA_B100000459,TARA_070,SRF,-20.4091,-3.1759,ERR599165|ERR599135,SAMEA2621066,SRF,Trades Biome,2010-09-21 6:55,-4912.0,19.77001,3.635839,25.859525,1161.2626,0.0456,22.209965,0.000787816,0.015283077,0.031308781,0.029039364,1.43848,475.34,59.29802513,0.0002333915909,0.0465,0.8015,1.1485,149.0,13.0,159.0,13.0,235.0,161.0,0.497782,0.556013,,,,,0.024,0.0067,0.0103,0.0,0.06675,0.0,0.038,0.00425,winter,late,0.009208,0.047133,0.0,ERR599165,88397027.0,tara,tara,-5.0,0.1613,0.045,0.0226999999999999,0.0435,0.0,0.20475,0.045,0.00115,0.0399999999999999,0.0114,0.0059,0.0033,0.00105,0.0110999999999999,0.0,0.0,0.0,0.0008607999999999,0.0700234,0.0001268,-0.0001144,49.3768578,5.0456,8.057761,1900.241068,199.380356,3.066698,4.712545,399.038779,397.699004,0.0033,0.0103,0.04,0.0,0.2207656878816675,0.10931966109689999,0.013211609858036402,0.0293461626,122.9317914266483,95.35364284875,marine_water,marine_surface,surface,36358.39,PRJEB7988,10.1038/nature16942 ; 10.1126/science.1261359
TARA_B100000427,TARA_072,DCM,-8.7296,-17.9604,ERR599133|ERR599137,SAMEA2621155,DCM,Trades Biome,2010-10-05 15:35,-4008.0,23.630095,3.6588225000000003,24.96531,395.5741,0.16449,0.032923,0.001262169,0.011292624,0.018234891,0.036490005,,334.144,29.35335064,,0.011,0.044,1.284,88.0,99.0,98.0,16.0,290.0,143.0,0.321126,0.715698,,,,,0.0325,0.0073,0.0086,0.0023,0.084,0.0,0.0827,0.0,spring,early,0.006396,0.087015,0.0,ERR599133,115745763.0,tara,tara,-100.0,0.1243375,0.03345,0.020825,0.1113,0.0,0.23565,0.03345,0.0007624999999999,0.036375,0.004,0.000525,0.004025,0.0011875,0.0245,0.0,0.0,0.0,0.00068475,0.042722625,0.000105375,-0.00013525,53.1791935,92.153625,,,,,,,,0.0083,0.0086,0.0616,0.0,0.19535490320394602,0.0650807150694,,0.0135809102,,,marine_water,marine_surface,surface,36588.225000000006,PRJEB7988,10.1038/nature16942 ; 10.1126/science.1261359
TARA_B100000508,TARA_072,MES,-8.7986,-17.9034,ERR599005|ERR599048,SAMEA2621176,MES,Trades Biome,2010-10-06 7:58,-4055.0,4.641719,3.4476312,27.30785,396.7311,-0.00225,0.0,0.001262169,0.011292624,0.018234891,0.036490005,,322.113,32.02692795,,0.007,36.98,34.44,81.0,93.0,105.0,17.0,270.0,970.0,0.321126,0.715698,,,,,0.0,0.0,0.0,0.0,0.0,0.0,0.0,0.0,spring,early,0.006396,0.087015,0.0,ERR599005,98790571.0,tara,tara,-800.0,0.00405,0.0,0.0003,0.0,0.0,0.00405,0.0,0.0,0.0009,0.0,0.0,0.0,0.0,0.0004,0.0,0.0,0.0,0.0001485714285714,0.0015101224489795,3.544897959183673e-05,-0.000212775510204,33.48761702040816,748.2304999999999,7.752602,2123.62423,69.346479,0.976695,1.533971,799.580236,796.46234,0.0,0.0,0.0,0.0,0.14718611966045625,2.3289229554945,0.03845140446423434,0.2486351252,118.20961546932034,100.81752686016,marine_water,marine_surface,surface,34476.312,PRJEB7988,10.1038/nature16942 ; 10.1126/science.1261359
TARA_B100000424,TARA_072,SRF,-8.7789,-17.9099,ERR598984|ERR599105,SAMEA2621132,SRF,Trades Biome,2010-10-05 8:00,-4046.0,25.064425,3.641678,24.393095,396.0494,0.00864,28.638751,0.001262169,0.011292624,0.018234891,0.036490005,,322.113,32.02692795,,0.003,0.018,0.868,91.0,98.0,108.0,28.0,300.0,144.0,0.321126,0.715698,,,,,0.0021,0.0009,0.0018,0.0,0.0088,0.0,0.0557,0.0,spring,early,0.006396,0.087015,0.0,ERR598984,175215207.0,tara,tara,-5.0,0.0308,0.0032,0.0027,0.0367,0.0,0.0675,0.0032,0.0008,0.0038,0.0031,0.0009,0.0,0.0,0.0057,0.0,0.0,0.0,0.000749923076923,0.0411402307692307,0.0001141538461538,-0.0001258461538461,55.177975999999994,3.8246923076923074,8.06029,1818.711113,233.687347,3.667842,5.552609,391.889745,390.65649,0.0,0.0018,0.0038,0.0,0.20399251897282497,0.0258435803151,0.0112699016103663,0.0098770256,122.82270758242633,93.004239337812,marine_water,marine_surface,surface,36416.78,PRJEB7988,10.1038/nature16942 ; 10.1126/science.1261359
TARA_B100000519,TARA_076,DCM,-21.0292,-35.3498,ERR599040|ERR599148,SAMEA2621216,DCM,Trades Biome,2010-10-16 16:58,-4087.0,21.16596,3.6619509999999997,25.68731,30.3292,0.039,0.045726,0.000776878,0.011959192,0.013930039,0.013453111,,201.5375,24.42359638,7.09e-05,0.047654,0.0,0.712116,51.0,139.0,202.0,28.0,176.0,205.0,0.337256,0.578854,,,,,0.0114,0.0008,0.00245,0.00085,0.0225,0.0,0.0108,0.0,spring,early,0.084131,0.027592,0.0,ERR599148,182916678.0,tara,tara,-150.0,0.0407,0.0052,0.0052,0.03914,0.0,0.07984,0.0052,0.0001799999999999,0.00824,0.0017399999999999,0.0002,0.00014,0.0001799999999999,0.00686,0.0,0.0,0.0,0.0004931052631578,0.0309200263157894,8.194736842105264e-05,-0.0001594210526315,52.04388031578947,138.839,,,,,,,,0.0006,0.00245,0.01715,0.0,0.2054704513851915,0.0135550772037,,0.0048931164708,,,marine_water,marine_surface,surface,36619.509999999995,PRJEB7988,10.1038/nature16942 ; 10.1126/science.1261359
TARA_B100000749,TARA_076,MES,-20.9315,-35.1794,ERR599154|ERR599000,SAMEA2621232,MES,Trades Biome,2010-10-17 9:05,-3907.0,4.664275,3.4369568999999998,27.220344,36.257,-0.0063,0.0,0.000776878,0.011959192,0.013930039,0.013453111,,192.574,24.61178017,9.31e-05,,,,52.0,126.0,143.0,65.0,581.0,900.0,0.337256,0.578854,6449.138881,6.890998596,21377.9,0.731395365,0.0,0.0,0.0,0.0,0.0,0.0,0.0,0.0,spring,early,0.084131,0.027592,0.0,ERR599000,193948310.0,tara,tara,-800.0,0.01534,0.0,0.0021,0.00798,0.0,0.02334,0.0,0.0,0.005,0.00054,0.0,0.0001,0.0,0.00206,0.0,0.0,0.0,0.0001816122448979,0.0013253469387755,4.310204081632654e-05,-0.000204387755102,34.60861493877551,728.0717040816327,7.997709,1975.087063,136.976895,1.949901,3.036644,437.518758,435.910568,0.0,0.0,0.0,0.0,0.19662351979627635,2.1044955998955,0.018064741140058793,,119.22662203352884,96.25527144638241,marine_water,marine_surface,surface,34369.568999999996,PRJEB7988,10.1038/nature16942 ; 10.1126/science.1261359
TARA_B100000513,TARA_076,SRF,-20.9354,-35.1803,ERR1001626|ERR599010|ERR599126,SAMEA2621198,SRF,Trades Biome,2010-10-16 9:55,-3847.0,23.374825,3.7076575,25.40018,332.8446,-0.00072,31.396196,0.000776878,0.011959192,0.013930039,0.013453111,,191.757,24.61178017,9.31e-05,0.001404,0.0,0.814172,50.0,136.0,152.0,77.0,582.0,849.0,0.337256,0.578854,,,,,0.0011,0.0006,0.0019,0.0,0.0042,0.0,0.0223,0.0,spring,early,0.084131,0.027592,0.0,ERR599126,199969495.0,tara,tara,-5.0,0.0164,0.0009,0.0012,0.0115,0.0,0.0278,0.0009,0.0,0.0016,0.0022,0.0016,0.0,0.0,0.0022,0.0,0.0,0.0,0.0007226666666666,0.0462306666666666,0.0001153333333333,-0.0001266666666666,54.066812666666664,3.8685,8.084707,1849.042587,239.98524,3.721606,5.657934,372.545678,371.349312,0.0,0.0019,0.0016,0.0,0.21147017611173302,0.011531113257899999,0.01114832917659132,0.0053072867462,125.29877232905955,94.74246487120801,marine_water,marine_surface,surface,37076.575,PRJEB7988,10.1038/nature16942 ; 10.1126/science.1261359
TARA_B100000530,TARA_078,DCM,-30.1484,-43.2705,ERR599101|ERR599046,SAMEA2621272,DCM,Trades Biome,2010-11-04 18:16,-3879.0,19.32335,3.6277459999999997,25.920365,564.404,0.08856,0.038677,0.000862562,0.017718557,0.012364627,0.001974124,,352.555,38.96880722,0.0002033606943,0.053,0.104,0.319,71.0,111.0,4.0,42.0,160.0,166.0,0.084879,0.65728,,,,,0.0231,0.0015,0.0064,0.0028,0.0362,0.0008,0.0146,0.0,spring,middle,0.053558,0.14819,5.777778,ERR599101,198548722.0,tara,tara,-120.0,0.06944,0.01104,0.00868,0.03782,0.0,0.10728,0.01104,0.0001,0.01582,0.00268,0.00062,0.0007199999999999,0.0004,0.0077399999999999,0.0,0.0,0.0,0.00060412,0.0450370857142857,0.0001104571428571,-0.0001372,48.833460560000006,114.30321428571428,,,,,,,,0.002,0.0064,0.0343,0.0,0.22227046890296548,0.0052772990439,,0.0,,,marine_water,marine_surface,surface,36277.46,PRJEB7988,10.1038/nature16942 ; 10.1126/science.1261359
TARA_B100000745,TARA_078,MES,-30.1471,-43.2915,ERR599124|ERR599159,SAMEA2621287,MES,Trades Biome,2010-11-05 12:33,-3883.0,5.823213,3.4354999999999998,27.076125,564.921,-0.0072,,0.000862562,0.017718557,0.012364627,0.001974124,,352.555,38.62805176,0.0001965191259,,,,11.0,105.0,7.0,885.0,1116.0,1115.0,0.084879,0.65728,7167.611118,6.906904103,20751.3,0.721162719,0.0,0.0,0.0,0.0,0.0,0.0,0.0,0.0,spring,middle,0.053558,0.14819,5.777778,ERR599159,211149824.0,tara,tara,-800.0,0.0095249999999999,0.00135,0.0009,0.001525,0.0,0.0110499999999999,0.00135,0.0,0.0028,0.0002749999999999,0.0,0.0,0.0,0.0007,0.0,0.0004,0.0,0.0001851578947368,0.0043248947368421,4.8210526315789475e-05,-0.0001976315789473,37.13897773684211,667.9151052631579,8.028416,1951.527345,155.484512,2.220856,3.446177,407.094202,405.627337,0.0,0.0,0.0,0.0,0.22180196780534372,1.7797934859821998,0.015979397224635875,,120.33138665020988,95.92180270821501,marine_water,marine_surface,surface,34355.0,PRJEB7988,10.1038/nature16942 ; 10.1126/science.1261359
TARA_B100000524,TARA_078,SRF,-30.1367,-43.2899,ERR1001627|ERR599006|ERR599022,SAMEA2621254,SRF,Trades Biome,2010-11-04 10:24,-3887.0,20.07775,3.632553,25.754115,554.4294,0.00144,41.250614,0.000862562,0.017718557,0.012364627,0.001974124,,352.555,39.00395393,0.0002048036622,0.0,0.026,0.749,89.0,117.0,197.0,887.0,600.0,580.0,0.084879,0.65728,,,,,0.00175,0.0008,0.0054,0.0,0.00485,0.0,0.02225,0.0,spring,middle,0.053558,0.14819,5.777778,ERR599006,205255700.0,tara,tara,-5.0,0.0305,0.002,0.0021,0.01505,0.0,0.04555,0.002,0.0,0.0027,0.00325,0.00415,0.0,0.0003,0.00315,0.0,0.0,0.0,0.0006451666666666,0.0486739999999999,0.0001103333333333,-0.0001316666666666,49.477246,5.033166666666667,8.101368,1855.008172,215.843463,3.322245,5.104067,352.602797,351.420547,0.0,0.0054,0.0027,0.0,0.22683367507222174,0.0015707701317,0.011640632097271973,0.0,122.70202626377402,93.97630960313198,marine_water,marine_surface,surface,36325.53,PRJEB7988,10.1038/nature16942 ; 10.1126/science.1261359
TARA_B100000767,TARA_082,DCM,-47.2007,-57.9446,ERR599027|ERR599122,SAMEA2621423,DCM,Coastal Biome,2010-12-06 18:58,-3510.0,7.154875,3.405055,26.649733,455.529,0.57815,,0.000290781,0.125833504,0.274188709,6.387227853,,776.804,107.0161819,0.001290148182,0.1185,18.525,2.661,18.0,42.0,62.0,24.0,129.0,66.0,0.476837,0.724874,,,,,,,,,,,,,spring,late,0.056052,0.202122,0.0,ERR599122,185382123.0,tara,tara,-40.0,,,,,,,,,,,,,,,,,,0.00279925,0.182438375,0.000438375,0.000190875,32.843835125,75.97825,,,,,,,,,,,,0.3143144623314815,1.1190217138239,,0.1287812184,,,marine_water,marine_surface,surface,34050.55,PRJEB7988,10.1038/nature16942 ; 10.1126/science.1261359
TARA_B100000768,TARA_082,SRF,-47.1863,-58.2902,ERR599009|ERR599035,SAMEA2621401,SRF,Coastal Biome,2010-12-06 10:33,-2858.0,7.579417,3.4050249999999997,26.589567,835.6982,0.2258,,0.000290781,0.125833504,0.274188709,6.387227853,,750.169,130.0122757,0.001403099508,0.146,18.005,1.945,55.0,44.0,64.0,74.0,952.0,59.0,0.476837,0.724874,3890.121166,6.358772575,12924.0,0.761434925,,,,,,,,,spring,late,0.056052,0.202122,0.0,ERR599009,82687042.0,tara,tara,-5.0,,,,,,,,,,,,,,,,,,0.00464175,0.29249775,0.000703,0.00045725,34.86575425,6.19325,,,,,,,,,,,,0.3112082322025902,1.1430099215162999,,0.12365276280000001,,,marine_water,marine_surface,surface,34050.25,PRJEB7988,10.1038/nature16942 ; 10.1126/science.1261359
TARA_B100000780,TARA_084,SRF,-60.2287,-60.6476,ERR599059|ERR598945,SAMEA2621487,SRF,Polar Biome,2011-01-03 11:05,-3983.0,1.9034,3.3719799999999998,26.9578,15.0017,0.0219,28.65183,8.83e-06,0.096893812,0.217055053,19.89227422,,132.631,52.04622459,0.0002879589156,0.266,25.3,16.55,254.0,63.0,69.0,60.0,553.0,75.0,8.1e-05,0.485616,2876.10206,6.156097984,12175.0,0.765784249,,,,,,,,,spring,late,-0.48219,0.082884,1.972222,ERR599059,187035332.0,tara,tara,-5.0,,,,,,,,,,,,,,,,,,0.0014886666666666,0.1466576666666666,0.000261,1.0333333333333332e-05,29.679131,2.7868333333333335,,,,,,,,,,,,0.3476519162028,1.5441198676359,,0.1636357222,,,marine_water,marine_surface,surface,33719.799999999996,PRJEB7988,10.1038/nature16942 ; 10.1126/science.1261359
TARA_B100000795,TARA_085,DCM,-62.2231,-49.2139,ERR599104|ERR599121,SAMEA2621536,DCM,Polar Biome,2011-01-06 19:34,-3335.0,-0.792395,3.436258,27.6286,242.3684,0.22416,0.022572,0.000451463,0.007686064,0.042774215,26.6249059,0.98763,110.189,49.74488068,7.05e-05,0.06,31.0,81.82,42.0,43.0,55.0,17.0,191.0,177.0,0.0,0.49805,,,,,,,,,,,,,summer,early,-0.012327,0.02576,19.777778,ERR599121,185737045.0,tara,tara,-90.0,,,,,,,,,,,,,,,,,,0.0007315744680851,0.0968346170212765,0.000156744680851,-9.819148936170212e-05,27.93820678723404,87.27186170212767,,,,,,,,,,,,0.33570601933658,2.0406654616542,,0.21928896260000003,,,marine_water,marine_surface,surface,34362.58,PRJEB7988,10.1038/nature16942 ; 10.1126/science.1261359
TARA_B100000809,TARA_085,MES,-61.9689,-49.5017,ERR599008|ERR599125,SAMEA2621551,MES,Polar Biome,2011-01-07 10:39,-3331.0,0.456763,3.46802,27.8267,245.2218,0.0,0.0,0.000451463,0.007686064,0.042774215,26.6249059,,110.88225,53.46252441,0.0001784542474,0.018,36.37,83.35,30.0,30.0,33.0,27.0,869.0,869.0,0.0,0.49805,6142.935974,6.903416858,17412.9,0.731930534,,,,,,,,,summer,early,-0.012327,0.02576,19.777778,ERR599008,165107183.0,tara,tara,-790.0,,,,,,,,,,,,,,,,,,0.0001094736842105,0.0020949310344827,6.155172413793104e-05,-0.0001882631578947,29.433736736842103,728.3145689655173,,,,,,,,,,,,0.20944178839905,2.4132780177387,,0.24825523959999998,,,marine_water,marine_surface,surface,34680.200000000004,PRJEB7988,10.1038/nature16942 ; 10.1126/science.1261359
TARA_B100000787,TARA_085,SRF,-62.0385,-49.529,ERR599090|ERR599176,SAMEA2621509,SRF,Polar Biome,2011-01-06 10:38,-3319.0,0.73159,3.4327464999999995,27.52175,200.5774,0.12516,10.772055,0.000451463,0.007686064,0.042774215,26.6249059,,110.88225,46.93349075,0.0001490588329,0.1055,28.64,80.55,499.0,89.0,70.0,60.0,596.0,28.0,0.0,0.49805,2354.620891,5.806473488,10111.2,0.775860222,0.0105,0.0016,0.02675,0.0,0.0732,0.00235,0.00225,0.0,summer,early,-0.012327,0.02576,19.777778,ERR599090,162376379.0,tara,tara,-5.0,0.09175,0.0,0.0185499999999999,0.0,0.0,0.09935,0.0,0.0,0.00375,0.0224,0.004,0.0,0.0,0.002,0.0076,0.0155,0.0015,0.00121225,0.1652445,0.00022425,-2.85e-05,29.15850225,4.247125,,,,,,,,0.0,0.02675,0.00375,0.0155,0.3543021892936125,1.843643155767,,0.19996228270000002,,,marine_water,marine_surface,surface,34327.465,PRJEB7988,10.1038/nature16942 ; 10.1126/science.1261359
TARA_B100001059,TARA_093,DCM,-33.9116,-73.0537,ERR598965,SAMEA2621812,DCM,Coastal Biome,2011-03-12 19:36,-5345.0,15.376875,3.4228870000000002,25.294705,99.553,0.55254,0.206846,3.97e-06,0.040871163,0.175246051,11.33696842,2.18225,1494.17,147.0206528,0.0007635473448,0.359,6.80275,0.46,24.0,29.0,38.0,14.0,81.0,80.0,0.54852,0.995357,5020.252442,6.694159883,16672.3,0.757796898,0.32305,0.05225,0.7106,0.02045,0.10765,0.00445,0.0057,0.0,summer,late,0.061918,,3.25,ERR598965,168674489.0,tara,tara,-35.0,0.837975,0.03575,0.166225,0.0,0.0,0.83875,0.03575,0.000275,0.047125,0.01585,0.0008749999999999,0.0,0.001,0.0086,0.000775,0.011875,0.0279,0.0023379444444444,0.2077621388888889,0.0003964444444444,0.0001554166666666,41.705373638888894,49.92608333333333,,,,,,,,0.0,0.7106,0.0898,0.0214,0.23352204477603447,0.1423019275539,,0.10325765465,,,marine_water,marine_surface,surface,34228.87,PRJEB7988,10.1038/nature16942 ; 10.1126/science.1261359
TARA_B100001063,TARA_093,SRF,-34.0614,-73.1066,ERR599064,SAMEA2621779,SRF,Coastal Biome,2011-03-12 11:34,-5030.0,18.122955,3.431598,24.71804,41.3902,0.13782,18.154071,3.97e-06,0.040871163,0.175246051,11.33696842,1.82307,1547.255,154.387619,0.0007697621477,0.03975,0.2115,0.1445,26.0,29.0,36.0,14.0,156.0,50.0,0.54852,0.995357,4762.157534,6.854613957,17397.8,0.75062011,0.01585,0.033,0.0218,0.0008,0.02615,0.0,0.06335,0.00115,summer,late,0.061918,,3.25,ERR599064,137311453.0,tara,tara,-5.0,0.4394,0.0283,0.0577666666666666,0.0,0.0,0.4394,0.0283,0.0013666666666666,0.0257333333333333,0.011,0.0015666666666666,0.0,0.0021666666666666,0.0110999999999999,0.0,0.0019666666666666,0.0092,0.0029906,0.225683,0.0004891,0.0002498,45.304135200000005,7.86445,8.092858,1829.703057,186.20109,2.88279,4.462299,352.28385,351.07557,0.0,0.0218,0.0114,0.0,0.24904829221603197,0.0,0.012364097237088121,0.04950384225,117.56598587302194,91.4362875174672,marine_water,marine_surface,surface,34315.98,PRJEB7988,10.1038/nature16942 ; 10.1126/science.1261359
TARA_B100001057,TARA_094,SRF,-32.7971,-87.0693,ERR599050,SAMEA2621839,SRF,Trades Biome,2011-03-18 11:57,-3722.0,21.121575,3.4682538000000003,24.219275,388.8103,0.0438,30.219108,4.54e-06,0.00562963,0.06024864,6.150887092,2.08828,389.625,40.96653366,0.0001537799544,0.001,0.029,0.103,48.0,60.0,58.0,54.0,296.0,269.0,0.442,0.680658,3832.738923,6.674049322,16192.0,0.741392402,0.00425,0.003,0.0013,0.0,0.0118,0.0,0.0424,0.00315,summer,late,0.023496,0.05823,1.694444,ERR599050,229499009.0,tara,tara,-5.0,0.05165,0.012,0.00545,0.0275,0.0,0.07915,0.012,0.00065,0.00325,0.0015,0.0,0.00115,0.0015,0.00435,0.0,0.0,0.0,0.0011935,0.0708723333333333,0.0002306666666666,-8.33333333333333e-06,48.03493316666667,4.668416666666666,8.052847,1832.841293,192.280629,3.003135,4.609712,394.0586,392.757006,0.00115,0.0013,0.00325,0.0,0.22431938451412498,0.0,0.012677867099272724,0.0230305645,118.36830895997846,91.82125800375,marine_water,marine_surface,surface,34682.538,PRJEB7988,10.1038/nature16942 ; 10.1126/science.1261359
TARA_B100000989,TARA_096,SRF,-29.7238,-101.16,ERR598967,SAMEA2621859,SRF,Trades Biome,2011-03-24 13:00,-3535.0,23.84533,3.576868,24.269535,593.1643,-0.00432,39.162501,0.000148684,0.010189857,0.073221021,0.106033051,1.68278,77.9266,17.772789,,0.0,,0.5305,49.0,153.0,60.0,82.0,927.0,330.0,0.123093,0.493911,3194.057629,6.149505917,14495.6,0.740746078,,,,,,,,,autumn,early,0.047596,0.056696,0.0,ERR598967,188596904.0,tara,tara,-5.0,,,,,,,,,,,,,,,,,,0.0004182857142857,0.020613,0.0001212857142857,-0.0001187142857142,52.12537185714285,3.752,8.028524,1850.998962,208.230486,3.265767,4.96631,426.664877,425.301903,,,,,0.20950588316058624,0.0092965186668,0.012701507630783319,0.014957995500000001,121.25325239070563,93.36392985885021,marine_water,marine_surface,surface,35768.68,PRJEB7988,10.1038/nature16942 ; 10.1126/science.1261359
TARA_B100001029,TARA_098,DCM,-25.826,-111.729,ERR599042|ERR599079,SAMEA2622021,DCM,Trades Biome,2011-04-03 21:50,-3072.0,20.2127,3.5861910000000004,25.37245,273.603,0.04656,0.035513,0.000233155,0.007986359,0.029286791,0.010698052,1.59416,75.1857,17.18625641,,,,,60.0,177.0,71.0,95.0,392.0,391.0,0.187939,0.317446,3972.082944,6.469351374,14256.3,0.741779486,,,,,,,,,autumn,early,-0.006839,0.028784,0.0,ERR599079,87453577.0,tara,tara,-188.0,0.0246666666666666,0.0041666666666666,0.0036666666666666,0.0289666666666666,0.0033666666666666,0.0537,0.0075333333333333,0.0002666666666666,0.0023666666666666,0.0007333333333333,0.0,0.0,0.0,0.0036666666666666,0.0,0.0,0.0,0.0004351428571428,0.0283549999999999,0.0001277142857142,-0.0001125714285714,51.853219,91.95307142857143,,,,,,,,,,,,0.21411930038145002,0.0,,,,,marine_water,marine_surface,surface,35861.91,PRJEB7988,10.1038/nature16942 ; 10.1126/science.1261359
TARA_B100001013,TARA_098,MES,-25.8076,-111.691,ERR599071|ERR599085,SAMEA2622048,MES,Trades Biome,2011-04-04 13:55,-3087.0,7.96837,3.4365499999999995,26.78725,273.3783,-0.00072,1e-06,0.000233155,0.007986359,0.029286791,0.010698052,1.44693,80.7461,18.08223915,,0.0,27.2885,12.05,64.0,168.0,72.0,98.0,460.0,411.0,0.187939,0.317446,4911.566965,6.538486008,17162.4,0.727779536,0.0,0.0,0.0,0.0,0.0,0.0,0.0,0.0,autumn,early,-0.006839,0.028784,0.0,ERR599071,188413241.0,tara,tara,-488.0,0.0136333333333333,0.0125666666666666,0.0029,0.0282,0.0034,0.0417666666666666,0.0159666666666666,0.0001333333333333,0.0015999999999999,0.0002333333333333,0.0,0.0,0.0,0.0041,0.0,0.0,0.0004666666666666,0.0001976440677966,0.0110257627118644,9.633050847457628e-05,-0.0001466610169491,42.29612731355932,344.2306059322034,7.932511,1996.932629,109.004395,1.547796,2.421428,507.62197,505.710214,0.0,0.0,0.0,0.0,0.15881328663622502,1.5049550925998998,0.022345946278856003,0.19212714220000002,116.75362131004636,96.12659020030001,marine_water,marine_surface,surface,34365.49999999999,PRJEB7988,10.1038/nature16942 ; 10.1126/science.1261359
TARA_B100001027,TARA_098,SRF,-25.8051,-111.72,ERR599120|ERR599093,SAMEA2621990,SRF,Trades Biome,2011-04-03 13:44,-2988.0,25.18103,3.640163,24.346275,204.7463,-0.0072,30.95361,0.000233155,0.007986359,0.029286791,0.010698052,1.84413,78.4074,18.13503647,,0.000563,0.05125,0.385875,69.0,184.0,79.0,109.0,485.0,431.0,0.187939,0.317446,3094.568283,6.279306036,14079.2,0.742122618,,,,,,,,,autumn,early,-0.006839,0.028784,0.0,ERR599093,82150385.0,tara,tara,-5.0,,,,,,,,,,,,,,,,,,0.0003882,0.0254834,0.0001211999999999,-0.0001196,55.1758918,5.0183,8.031112,1849.936958,225.074665,3.538471,5.351077,427.18676,425.848133,,,,,0.2052875468013963,0.0,0.0121778136713994,0.0172373091,123.28869847484313,94.05916261709001,marine_water,marine_surface,surface,36401.63,PRJEB7988,10.1038/nature16942 ; 10.1126/science.1261359
TARA_B100000886,TARA_099,SRF,-21.146,-104.787,ERR599024,SAMEA2622074,SRF,Trades Biome,2011-04-09 13:56,-3906.0,23.88925,3.61376,24.5391,273.4659,0.0,38.580543,4.58e-06,0.015182246,0.054898681,3.216655207,1.67784,126.418,24.1590004,0.0002410361267,0.006,0.0315,0.558,67.0,145.0,75.0,107.0,385.0,386.0,0.576329,0.230916,3184.902672,6.40197793,13751.3,0.74581386,0.0,0.0003,0.0003,0.0,0.002,0.0,0.0222,0.0,autumn,early,0.00016,0.050989,8.333333,ERR599024,168575820.0,tara,tara,-5.0,0.0094,0.0012,0.0008,0.0121,0.0,0.0214,0.0012,0.0,0.0006,0.0003,0.0,0.0,0.0,0.0015,0.0,0.0,0.0,0.00041725,-0.0039945,0.000127,-0.000113,53.393224,5.097874999999999,,,,,,,,0.0,0.0003,0.0006,0.0,0.208370506023225,0.0,,0.0282539915,,,marine_water,marine_surface,surface,36137.6,PRJEB7988,10.1038/nature16942 ; 10.1126/science.1261359
TARA_B100000965,TARA_100,DCM,-12.9723,-96.0122,ERR599113|ERR599081,SAMEA2622119,DCM,Trades Biome,2011-04-15 19:38,-3678.0,22.596675,3.5642270000000003,24.5284,1404.6916,0.18456,,3.28e-06,0.018424854,0.128016119,9.24222072,,403.48275,52.89086151,0.0002959345875,0.1635,5.6545,1.8815,44.0,56.0,53.0,52.0,301.0,149.0,0.671904,0.492855,4404.434487,6.829191226,18464.5,0.73777195,0.0122,0.0093,0.0096,0.0,0.0322,0.0,0.0521,0.0045,autumn,early,0.013354,0.045278,6.0,ERR599081,144302865.0,tara,tara,-50.0,0.07554,0.0269,0.0094,0.03146,0.0087999999999999,0.10704,0.03572,0.00028,0.00874,0.00176,0.0,0.00268,0.00066,0.00684,0.0,0.0,0.0013399999999999,0.000663,0.0430963333333333,0.0001646666666666,-7.583333333333334e-05,48.404191833333336,86.06783333333334,,,,,,,,0.0061,0.0096,0.0099,0.0,0.22199281588161998,0.26223149510939997,,0.0739352349,,,marine_water,marine_surface,surface,35642.270000000004,PRJEB7988,10.1038/nature16942 ; 10.1126/science.1261359
TARA_B100000959,TARA_100,DCM,-12.9794,-96.0232,ERR598981|ERR598953|ERR598946,SAMEA2622149,DCM,Trades Biome,2011-04-16 13:03,-3412.0,12.806365,3.482775,26.3033,1406.3089,0.0006,,3.28e-06,0.018424854,0.128016119,9.24222072,,378.781,51.6122818,0.0002968315093,0.131,23.251,20.9015,45.0,61.0,56.0,53.0,226.0,148.0,0.671904,0.492855,4805.282165,6.67828735,17447.9,0.740331364,0.0,0.0002,0.0,0.0,0.0023,0.0,0.00095,0.0,autumn,early,0.013354,0.045278,6.0,ERR598953,45394942.0,tara,tara,-177.0,0.07554,0.0269,0.0094,0.03146,0.0087999999999999,0.10704,0.03572,0.00028,0.00874,0.00176,0.0,0.00268,0.00066,0.00684,0.0,0.0,0.0013399999999999,0.000663,0.0430963333333333,0.0001646666666666,-7.583333333333334e-05,48.404191833333336,86.06783333333334,,,,,,,,0.0,0.0,0.0001,0.0,0.00358610899086,1.2558735346776,,0.25516440895,,,marine_water,marine_surface,surface,34827.75,PRJEB7988,10.1038/nature16942 ; 10.1126/science.1261359
TARA_B100000963,TARA_100,SRF,-13.0023,-95.9759,ERR599169|ERR599163|ERR599063,SAMEA2622097,SRF,Trades Biome,2011-04-15 12:45,-3678.0,25.349495,3.582876,23.86109,1404.6916,0.10404,,3.28e-06,0.018424854,0.128016119,9.24222072,,403.48275,51.65765953,0.0002778700291,0.137,6.1625,1.15025,44.0,56.0,53.0,52.0,301.0,149.0,0.671904,0.492855,3503.551418,6.603491612,14283.0,0.749042476,0.0056,0.0047,0.0066,0.0,0.0171,0.0,0.0366,0.0032,autumn,early,0.013354,0.045278,6.0,ERR599163,117367103.0,tara,tara,-5.0,0.0802,0.0264,0.0103,0.0376,0.0,0.1177,0.0264,0.0006,0.0049,0.002,0.0,0.0017,0.0008,0.0057,0.0,0.0,0.0,0.0011219,0.0900937,0.0002301,-9.5e-06,54.520083,4.32535,,,,,,,,0.0017,0.0066,0.0049,0.0,0.205807239175881,0.3103532499798,,0.06431938065,,,marine_water,marine_surface,surface,35828.76,PRJEB7988,10.1038/nature16942 ; 10.1126/science.1261359
TARA_B100000902,TARA_102,DCM,-5.2669,-85.2732,ERR599168|ERR598962|ERR599007,SAMEA2622219,DCM,Trades Biome,2011-04-22 21:13,-4117.0,19.781235,3.4884385,24.729155,444.5005,0.33192,0.640251,4.4e-06,0.034300595,0.573159586,7.140994549,,598.95,65.70284271,0.0003593940637,1.202,24.3645,10.5045,34.0,39.0,44.0,14.0,238.0,48.0,0.507222,0.75472,4240.666905,6.781488894,15878.3,0.741419505,0.031,0.0058,0.018,0.0036,0.0663,0.0,0.0877,0.0084,autumn,middle,0.043188,0.012324,0.0,ERR599007,132310848.0,tara,tara,-40.0,0.09355,0.0564,0.0122666666666666,0.0447,0.0463666666666666,0.1382333333333333,0.1027833333333333,0.0005333333333333,0.0103166666666666,0.0014666666666666,0.0,0.0069333333333333,0.0024166666666666,0.0164,0.0,0.0,0.00325,0.0007232499999999,0.053738375,0.000176375,-6.4625e-05,44.32944075,82.3191875,,,,,,,,0.0334,0.018,0.038,0.0,0.107593282141704,1.1610274913729999,,0.1767892611,,,marine_water,marine_surface,surface,34884.385,PRJEB7988,10.1038/nature16942 ; 10.1126/science.1261359
TARA_B100000953,TARA_102,MES,-5.261,-85.1678,ERR599132|ERR599055|ERR599128,SAMEA2622197,MES,Trades Biome,2011-04-22 12:08,-4118.0,9.137438,3.4692093999999996,26.863531,442.8228,0.0,0.0,4.4e-06,0.034300595,0.573159586,7.140994549,,598.95,85.90293503,0.0003372105421,0.014,39.1775,40.579,34.0,42.0,45.0,13.0,445.0,43.0,0.507222,0.75472,4723.346213,6.680479401,17457.4,0.735844273,0.0,0.0,0.0,0.0,0.0,0.0,0.0003,0.0,autumn,middle,0.043188,0.012324,0.0,ERR599132,128441555.0,tara,tara,-480.0,0.0,0.0,0.0,0.0,0.0,0.0,0.0,0.0,0.0,0.0,0.0,0.0,0.0,0.0002,0.0,0.0,0.0,0.0001522142857142,0.0035384642857142,9.771428571428572e-05,-0.0001474642857142,37.18088410714285,508.0545446428572,7.597235,2168.003949,55.094707,0.781092,1.221308,1191.540509,1187.052465,0.0,0.0,0.0,0.0,0.005286293457588,2.4871861224015,0.05237142018558567,0.2709534042,118.54903257003828,102.7483756572724,marine_water,marine_surface,surface,34692.094,PRJEB7988,10.1038/nature16942 ; 10.1126/science.1261359
TARA_B100000900,TARA_102,SRF,-5.2529,-85.1545,ERR598943|ERR598978,SAMEA2622173,SRF,Trades Biome,2011-04-21 20:07,-4111.0,24.958885,3.4764535000000003,23.176695,805.0024,0.16782,24.439054,4.4e-06,0.034300595,0.573159586,7.140994549,1.13119,598.95,85.90293503,0.0003372105421,0.3285,12.8225,5.04425,24.0,26.0,34.0,14.0,419.0,32.0,0.507222,0.75472,3197.769229,6.615299747,13566.0,0.749754292,0.01195,0.0038,0.00655,0.0,0.0318,0.0,0.0801,0.02775,autumn,early,0.043188,0.012324,0.0,ERR598978,132336573.0,tara,tara,-5.0,0.1885,0.09665,0.01435,0.04415,0.0,0.23265,0.09665,0.00135,0.00475,0.00315,0.0009499999999999,0.0104,0.0104999999999999,0.01295,0.0,0.0,0.00295,0.0013736666666666,0.129484,0.0002678333333333,2.9e-05,52.86564166666667,4.678666666666667,7.905094,1892.002658,163.933532,2.603244,3.950224,585.365934,583.524493,0.0104,0.00655,0.00475,0.0,0.20915880316859498,0.8067276484692,0.01694770437240795,0.09741691355,117.6164878042862,93.30348281705,marine_water,marine_surface,surface,34764.535,PRJEB7988,10.1038/nature16942 ; 10.1126/science.1261359
TARA_B100000927,TARA_109,DCM,2.0299,-84.5546,ERR598952|ERR599108|ERR599065,SAMEA2622336,DCM,Coastal Biome,2011-05-12 22:15,-3174.0,26.019185,3.4475915,22.63355,515.6321,0.2808,,4.99e-06,0.038657464,0.411641767,3.423354744,0.9906,471.9535,,,0.111,4.638,3.225,18.0,32.0,57.0,19.0,420.0,56.0,0.60986,0.500877,,,,,0.0259,0.0101,0.013,0.0,0.0672,0.0,0.0981,0.016,spring,middle,-0.002594,0.005026,2.083333,ERR599065,106884158.0,tara,tara,-30.0,0.1640285714285714,0.0611142857142857,0.0232428571428571,0.0886857142857142,0.0401285714285714,0.2527285714285714,0.1012571428571428,0.0011142857142857,0.0179428571428571,0.0032571428571428,0.0001,0.011,0.0044714285714285,0.0194,0.0,0.0,0.0034571428571428,0.0007634285714285,0.0624215714285714,0.0001872857142857,-5.228571428571429e-05,47.93438785714285,71.36271428571429,,,,,,,,0.0195,0.013,0.0234,0.0,0.204353169086565,0.2709020123058,,0.04793681415000001,,,marine_water,marine_surface,surface,34475.915,PRJEB7988,10.1038/nature16942 ; 10.1126/science.1261359
TARA_B100000929,TARA_109,MES,2.0649,-84.5546,ERR599067|ERR598971,SAMEA2622362,MES,Coastal Biome,2011-05-13 16:08,-3257.0,11.142362,3.4791418999999997,26.595869,511.4309,0.0,,4.99e-06,0.038657464,0.411641767,3.423354744,0.9906,471.9535,,,,,,12.0,24.0,69.0,14.0,422.0,64.0,0.60986,0.500877,4998.544817,6.832154721,18991.5,0.740244987,,,,,,,,,spring,middle,-0.002594,0.005026,2.083333,ERR598971,161904075.0,tara,tara,-380.0,,,,,,,,,,,,,,,,,,0.00013965,0.00636535,0.0001020249999999,-0.000142675,38.3134574,453.2424875,,,,,,,,,,,,0.002324789994294378,2.0492045284625995,,,,,marine_water,marine_surface,surface,34791.418999999994,PRJEB7988,10.1038/nature16942 ; 10.1126/science.1261359
TARA_B100000925,TARA_109,SRF,1.9928,-84.5766,ERR598997|ERR599118,SAMEA2622316,SRF,Coastal Biome,2011-05-12 14:00,-3215.0,27.497475,3.3472445,21.408655,496.135,0.16428,,4.99e-06,0.038657464,0.411641767,3.423354744,,478.5445,,,0.0455,0.8935,1.7085,15.0,30.0,59.0,13.0,395.0,63.0,0.60986,0.500877,,,,,0.0046,0.0043,0.004,0.0,0.01525,0.0,0.09625,0.01125,spring,middle,-0.002594,0.005026,2.083333,ERR599118,158808234.0,tara,tara,-5.0,0.1514333333333333,0.0397333333333333,0.0148333333333333,0.0808666666666666,0.007,0.2322666666666666,0.0467,0.0016666666666666,0.0060666666666666,0.0029999999999999,0.0005333333333333,0.0075333333333333,0.0069666666666666,0.0139,0.0,0.0,0.0020666666666666,0.001228,0.1181845384615384,0.000251923076923,1.453846153846154e-05,53.713258,5.279000000000001,8.021784,1698.697134,205.22847,3.332298,5.028985,409.791925,408.543322,0.005,0.004,0.00275,0.0,0.20396621786647048,0.1037714626449,0.011178699776738724,0.0272093061,112.80273291608626,86.05805081279338,marine_water,marine_surface,surface,33472.445,PRJEB7988,10.1038/nature16942 ; 10.1126/science.1261359
TARA_B100001113,TARA_110,DCM,-1.9002,-84.6265,ERR599014,SAMEA2622402,DCM,Trades Biome,2011-05-21 21:00,-2111.0,22.039785,3.5112815,24.318245,407.3646,0.21402,0.112155,5.49e-06,0.042527045,0.645360056,6.029548923,,642.094,68.13558197,0.000241572925,0.414,10.701,5.407,21.0,28.0,64.0,14.0,369.0,69.0,0.54627,0.713291,4206.588394,6.796421877,16528.4,0.740312164,0.0343,0.0099,0.0291,0.0,0.0751,0.0,0.0355,0.0012,autumn,late,0.032297,0.064745,0.0,ERR599014,211090730.0,tara,tara,-50.0,0.1440142857142857,0.0463857142857142,0.0266285714285714,0.0470571428571428,0.0338428571428571,0.1910714285714285,0.0802285714285714,0.0,0.0246428571428571,0.0042428571428571,0.0,0.0031714285714285,0.0014,0.0093285714285714,0.0,0.0,0.0,0.000715,0.0641387857142857,0.0001835714285714,-5.642857142857143e-05,47.77987814285715,71.35407142857143,,,,,,,,0.005,0.0291,0.0316,0.0,0.148609934757441,0.6326015819805001,,0.0882759163,,,marine_water,marine_surface,surface,35112.815,PRJEB7988,10.1038/nature16942 ; 10.1126/science.1261359
TARA_B100001079,TARA_110,MES,-1.8902,-84.6141,ERR599020,SAMEA2622429,MES,Trades Biome,2011-05-22 13:20,-2279.0,10.082375,3.4747805,26.748625,409.7887,0.00144,0.0,5.49e-06,0.042527045,0.645360056,6.029548923,,634.104,69.31762314,0.000238122193,,,,33.0,38.0,68.0,13.0,373.0,75.0,0.54627,0.713291,5912.116367,7.181018104,19565.3,0.730786905,,,,,,,,,autumn,late,0.032297,0.064745,0.0,ERR599020,191986566.0,tara,tara,-380.0,,,,,,,,,,,,,,,,,,0.0002385111111111,0.0145925111111111,0.0001192888888888,-0.0001251555555555,37.90707115555555,420.4185333333333,8.101703,1924.606592,149.573758,2.114837,3.313123,328.393071,327.138746,,,,,0.00250500995784375,1.6576403607078,0.01495936810423125,,118.2845110034095,94.363332380625,marine_water,marine_surface,surface,34747.805,PRJEB7988,10.1038/nature16942 ; 10.1126/science.1261359
TARA_B100001109,TARA_110,SRF,-2.0133,-84.589,ERR599039,SAMEA2622376,SRF,Trades Biome,2011-05-21 12:27,-2519.0,23.88816,3.5012435,23.68419,512.0231,0.11724,25.413264,5.49e-06,0.042527045,0.645360056,6.029548923,1.9982,527.4725,67.01446152,0.000238639841,0.31925,8.287,3.8635,33.0,41.0,74.0,13.0,369.0,69.0,0.54627,0.713291,3819.840479,6.734784222,15813.9,0.742768403,0.0083,0.0044,0.0125,0.0,0.02165,0.0,0.04595,0.0025,spring,middle,0.032297,0.064745,0.0,ERR599039,160558745.0,tara,tara,-5.0,0.1102666666666666,0.0328666666666666,0.0169,0.0384666666666666,0.0,0.1487666666666666,0.0328666666666666,0.0010666666666666,0.0122333333333333,0.0047666666666666,0.0005333333333333,0.0016333333333333,0.0023,0.0060666666666666,0.0,0.0,0.0,0.0012472,0.124585625,0.0002594,2.04e-05,51.976891625,8.713125,7.484872,2134.512795,67.692066,1.067531,1.624905,1724.757588,1719.253263,0.0,0.0125,0.00855,0.0,0.1964578432975845,0.5006322749723999,0.05141468073485241,0.07338914935000002,117.9094507924593,101.45418712359479,marine_water,marine_surface,surface,35012.435000000005,PRJEB7988,10.1038/nature16942 ; 10.1126/science.1261359
TARA_B100000945,TARA_112,DCM,-23.2189,-129.5,ERR598957,SAMEA2622545,DCM,Trades Biome,2011-06-15 0:55,-3280.0,21.94937,3.5904339999999997,24.927695,147.7183,0.06888,0.020187,0.000157501,0.00623687,0.017828043,0.022861806,0.77993,120.8215,22.8783884,0.0001223480213,0.014,0.04175,0.6935,131.0,147.0,140.0,146.0,302.0,306.0,0.441733,0.155786,4437.25988,6.577501662,17754.0,0.732475849,0.00785,0.0009,0.0011,0.0,0.0171,0.0,0.02,0.0,autumn,late,-0.120564,0.040113,11.083333,ERR598957,205922213.0,tara,tara,-155.0,0.0148499999999999,0.00285,0.00225,0.0275499999999999,0.0024,0.0424,0.0052499999999999,0.0,0.001925,0.000575,0.0,0.0,0.0,0.00325,0.0,0.0,0.0,0.00033025,0.02948575,0.0001364166666666,-0.0001043333333333,53.01937950000001,106.45470833333331,,,,,,,,0.0,0.0011,0.0104,0.0,0.21158053874624702,0.0262591371549,,0.0108742253,,,marine_water,marine_surface,surface,35904.34,PRJEB7988,10.1038/nature16942 ; 10.1126/science.1261359
TARA_B100000949,TARA_112,MES,-23.2232,-129.599,ERR599072,SAMEA2622568,MES,Trades Biome,2011-06-15 18:43,-3641.0,5.749106,3.4306075,27.043012,145.015,-0.0072,0.0,0.000157501,0.00623687,0.017828043,0.022861806,0.86844,121.756,23.21505642,0.000116093106,,,,140.0,160.0,150.0,153.0,549.0,398.0,0.441733,0.155786,6787.964777,6.721536169,20947.6,0.734353159,0.0,0.0,0.0,0.0,0.0,0.0,0.0,0.0,autumn,late,-0.120564,0.040113,11.083333,ERR599072,151345810.0,tara,tara,-696.0,0.02772,0.04156,0.00674,0.0442199999999999,0.01354,0.07196,0.05508,0.0,0.0070599999999999,0.0006999999999999,0.0,0.0,0.0,0.00904,0.0,0.0,0.0,0.0001571707317073,0.0142665365853658,0.0001148780487804,-0.0001290121951219,42.08096763414634,437.5430426829268,8.239546,1837.237486,216.971425,3.092035,4.822076,232.842734,231.982915,0.0,0.0,0.0,0.0,0.20589195451752254,1.7565716588538,0.00974775663372007,,122.2487013553463,93.25838121003359,marine_water,marine_surface,surface,34306.075,PRJEB7988,10.1038/nature16942 ; 10.1126/science.1261359
TARA_B100000941,TARA_112,SRF,-23.2811,-129.395,ERR598954,SAMEA2622518,SRF,Trades Biome,2011-06-14 16:45,-3523.0,24.26287,3.6439169999999996,24.65312,653.4677,0.0,7.292033,0.000157501,0.00623687,0.017828043,0.022861806,0.87312,119.018,22.58493233,0.0001182927299,0.0075,0.02525,0.7425,134.0,163.0,142.0,141.0,1019.0,433.0,0.441733,0.155786,4080.856211,6.520954544,16501.9,0.733239582,0.0,0.0,0.0,0.0,0.0041,0.0,0.02285,0.0,autumn,late,-0.120564,0.040113,11.083333,ERR598954,198947157.0,tara,tara,-5.0,0.01225,0.0024999999999999,0.0015999999999999,0.0243,0.0027,0.0365,0.0052,0.0,0.0018,0.0005,0.0,0.0,0.0,0.00275,0.0,0.0,0.0,0.0003426666666666,0.026298,0.0001381666666666,-0.0001026666666666,54.14742783333333,9.360166666666666,7.793725,1964.367882,132.334346,2.069711,3.141469,778.162264,775.687644,0.0,0.0,0.0018,0.0,0.20664199964102398,0.010385262705900001,0.022878221242448638,0.013509681649999999,117.59955896889505,95.53591083843843,marine_water,marine_surface,surface,36439.17,PRJEB7988,10.1038/nature16942 ; 10.1126/science.1261359
TARA_B100000700,TARA_122,DCM,-9.0063,-139.139,ERR598948,SAMEA2622690,DCM,Trades Biome,2011-07-28 17:15,-3695.0,24.661385,3.6101175,24.2843,29.6602,0.11844,0.009886,2.32e-06,0.030111594,0.087558472,6.207147837,3.24993,300.345,43.59589767,0.0001103167742,0.092792,2.67775,1.907042,101.0,102.0,109.0,15.0,186.0,131.0,0.260512,0.561525,,,,,0.0144,0.0051,0.0028,0.0,0.0246,0.0,0.03415,0.0,winter,middle,0.007751,0.028977,15.833333,ERR598948,152838550.0,tara,tara,-115.0,0.0884,0.08182,0.01424,0.08418,0.0,0.1726,0.08182,0.00094,0.00838,0.00162,0.0,0.00614,0.00146,0.01576,0.0,0.0,0.00162,0.0003942444444444,0.0396141111111111,0.0001612666666666,-7.868888888888889e-05,54.31592295555555,111.82228888888888,,,,,,,,0.0093,0.0028,0.0107,0.0,0.18270077116356,0.1992718436592,,0.0553619631162,,,marine_water,marine_surface,surface,36101.174999999996,PRJEB7988,10.1038/nature16942 ; 10.1126/science.1261359
TARA_B100000678,TARA_122,MES,-8.9729,-139.239,ERR598999|ERR599096|ERR599033|ERR599083,SAMEA2622673,MES,Trades Biome,2011-07-27 19:28,-3328.0,7.133995,3.45789,27.07634,33.3605,-0.00144,0.0,2.32e-06,0.030111594,0.087558472,6.207147837,,300.345,42.27088737,0.0001252670263,,,,98.0,103.0,107.0,13.0,255.0,209.0,0.260512,0.561525,,,,,,,,,,,,,winter,middle,0.007751,0.028977,15.833333,ERR599083,50760926.0,tara,tara,-600.0,0.0140333333333333,0.0009,0.002,0.0067333333333333,0.0,0.0207666666666666,0.0009,0.0,0.0022666666666666,0.0003666666666666,0.0,0.0,0.0,0.0023,0.0,0.0,0.0,-2.529787234042553e-05,0.0033441914893617,0.0001064680851063,-0.0001392978723404,35.98798093617021,570.3012978723405,7.637868,2180.586188,57.692627,0.815301,1.277779,1080.708877,1076.568685,,,,,0.041710289120838004,2.5854485116863004,0.049629545834262906,,119.55838620094086,103.334561397936,marine_water,marine_surface,surface,34578.9,PRJEB7988,10.1038/nature16942 ; 10.1126/science.1261359
TARA_B100001115,TARA_122,SRF,-8.9971,-139.196,ERR598992,SAMEA2622652,SRF,Trades Biome,2011-07-26 17:10,-3444.0,26.60467,3.537032,23.122935,4.603,0.06984,28.45742,2.32e-06,0.030111594,0.087558472,6.207147837,,300.345,41.59049606,0.0001258152333,0.11925,5.456,2.1905,102.0,106.0,112.0,14.0,252.0,235.0,0.260512,0.561525,,,,,0.0044,0.0036,0.0041,0.0,0.0139,0.0,0.0479,0.0068,winter,early,0.007751,0.028977,15.833333,ERR598992,138972425.0,tara,tara,-5.0,0.0703999999999999,0.0401,0.00855,0.0545999999999999,0.0,0.12495,0.0401,0.0009,0.00465,0.0016,0.00015,0.0030499999999999,0.00135,0.0081999999999999,0.0,0.0,0.00165,0.000521625,0.0540545,0.0001783749999999,-6.0625e-05,55.211097124999995,5.8911875,7.470711,2127.057972,72.605524,1.156392,1.744895,1801.446465,1795.880934,0.003,0.0041,0.0045,0.0,0.19140271815484827,0.35097079982279994,0.050098754312292174,0.053939006629999994,118.06598922525764,101.22749671447819,marine_water,marine_surface,surface,35370.32,PRJEB7988,10.1038/nature16942 ; 10.1126/science.1261359
TARA_B100000686,TARA_123,MIX,-8.9109,-140.285,ERR598998|ERR598956|ERR599117|ERR599157,SAMEA2622733,MIX,Trades Biome,2011-08-01 17:52,-985.0,21.97372,3.5877315000000003,24.895825,5.9764,-0.00582,,2.28e-06,0.02508309,0.054778114,6.231764158,,,77.0915184,0.0001437444807,1.46875,5.44175,1.18375,107.0,36.0,234.0,13.0,237.0,236.0,,,,,,,0.006075,0.001225,0.000925,0.0,0.013375,0.0,0.00555,0.0,winter,middle,-0.011503,0.053774,1.083333,ERR598956,46945530.0,tara,tara,-150.0,,,,,,,,,,,,,,,,,,,,,,,,,,,,,,,0.0025,0.000925,0.006175,0.002,0.16212217242659127,0.3103095365253,,0.06274760398,,,marine_water,marine_surface,surface,35877.315,PRJEB7988,10.1038/nature16942 ; 10.1126/science.1261359
TARA_B100000683,TARA_123,SRF,-8.9068,-140.283,ERR599160,SAMEA2622710,SRF,Trades Biome,2011-07-31 17:20,-966.0,26.586685,3.53551,23.11712,2.4728,0.0924,,2.28e-06,0.02508309,0.054778114,6.231764158,4.91362,478.135,77.0915184,0.0001437444807,0.14425,4.9015,2.2205,122.0,14.0,134.0,14.0,606.0,278.0,,0.673503,,,,,0.0154,0.00605,0.0092,0.00155,0.03115,0.0008,0.01325,0.0,winter,middle,-0.011503,0.053774,1.083333,ERR599160,170855072.0,tara,tara,-5.0,0.2337333333333333,0.0430666666666666,0.0203,0.0,0.0,0.2337333333333333,0.0430666666666666,0.0013666666666666,0.0125666666666666,0.0054666666666666,0.0007666666666666,0.0031666666666666,0.0008666666666666,0.0071666666666666,0.0,0.0024,0.0035333333333333,0.0006998,0.078791,0.000206,-3.320000000000001e-05,55.2388558,5.22985,8.012428,1804.20272,214.726235,3.421039,5.161315,439.081584,437.725871,0.0023,0.0092,0.01,0.0036,0.19405472646211197,0.2979414811272,0.012196625227790399,0.05080495043,119.52092992441189,91.42308573868799,marine_water,marine_surface,surface,35355.1,PRJEB7988,10.1038/nature16942 ; 10.1126/science.1261359
TARA_B100000676,TARA_124,MIX,-9.0714,-140.597,ERR599084|ERR598988|ERR599089|ERR599161,SAMEA2622796,MIX,Trades Biome,2011-08-05 17:31,-954.0,24.81397,3.5907345,24.092785,46.8174,0.02364,2e-05,2.46e-06,0.023188621,0.052577804,6.232079824,,,71.37910843,0.0001640305709,0.3535,1.19925,1.469,101.0,28.0,111.0,13.0,193.0,145.0,,,,,,,0.01025,0.00215,0.00185,0.0,0.01915,0.0,0.0175,0.0,winter,middle,9.6e-05,0.043603,2.777778,ERR599084,46763727.0,tara,tara,-120.0,,,,,,,,,,,,,,,,,,,,,,,,,,,,,,,0.00585,0.00185,0.00975,0.0,0.17657894243042876,0.2572166628072,,0.0463935289,,,marine_water,marine_surface,surface,35907.345,PRJEB7988,10.1038/nature16942 ; 10.1126/science.1261359
TARA_B100000674,TARA_124,SRF,-9.1504,-140.522,ERR599080|ERR599151|ERR599036|ERR599069,SAMEA2622759,SRF,Trades Biome,2011-08-04 18:33,-2640.0,26.572419,3.5384031,23.143631,36.1359,0.1494,24.609687,2.46e-06,0.023188621,0.052577804,6.232079824,,524.257,73.13096237,0.0001654275693,0.1665,6.2015,2.53325,103.0,34.0,113.0,13.0,286.0,241.0,0.269235,0.68987,,,,,0.01686,0.00746,0.01184,0.00386,0.06849,0.00312,0.10181,0.00638,winter,middle,9.6e-05,0.043603,2.777778,ERR599069,47020735.0,tara,tara,-5.0,0.2676666666666666,0.0645555555555555,0.0243777777777777,0.0772,0.0,0.3451333333333333,0.0645555555555555,0.0014777777777777,0.0164,0.0057555555555555,0.0009222222222222,0.0091,0.0038555555555555,0.0221555555555555,0.0002555555555555,0.0070444444444444,0.0046,0.001062303030303,0.1136090303030303,0.0002597575757575,2.0636363636363636e-05,55.22536515151515,4.189954545454545,7.870713,1918.596031,164.20407,2.614646,3.945894,646.697247,644.698081,0.00937,0.01184,0.01821,0.00774,0.194784229510377,0.3078886172097,0.01800722456809327,0.05985572485,118.98129447618788,94.55647883230561,marine_water,marine_surface,surface,35384.031,PRJEB7988,10.1038/nature16942 ; 10.1126/science.1261359
TARA_B100001123,TARA_125,MIX,-8.8999,-142.546,ERR599156,SAMEA2622837,MIX,Trades Biome,2011-08-09 17:05,-4371.0,23.681605,3.628145,24.715135,230.753,-0.00327,5.9e-05,2.36e-06,0.01748565,0.02433348,6.146822453,,,55.34723282,8.75e-05,0.05475,3.47525,1.24575,102.0,26.0,111.0,29.0,242.0,211.0,,,,,,,0.00145,0.0,0.0004,0.0,0.00415,0.0,0.0002,0.0,winter,middle,-0.004254,0.014455,0.0,ERR599156,184965180.0,tara,tara,-140.0,,,,,,,,,,,,,,,,,,,,,,,,,,,,,,,0.0,0.0004,0.0025,0.0,0.16478900084170073,0.22220807621820002,,0.053753812399999996,,,marine_water,marine_surface,surface,36281.45,PRJEB7988,10.1038/nature16942 ; 10.1126/science.1261359
TARA_B100001121,TARA_125,SRF,-8.9111,-142.557,ERR599114|ERR599091|ERR599119|ERR599066,SAMEA2622817,SRF,Trades Biome,2011-08-08 17:33,-4403.0,26.80604,3.542651,23.10143,227.3463,0.09801,,2.36e-06,0.01748565,0.02433348,6.146822453,,433.979,55.34723282,8.75e-05,0.1945,3.7335,1.80475,109.0,40.0,119.0,14.0,274.0,281.0,0.278453,0.607756,,,,,0.0101,0.0033,0.0029,0.0,0.0255,0.0,0.057,0.004,winter,middle,-0.004254,0.014455,0.0,ERR599119,41753931.0,tara,tara,-5.0,0.1248,0.04525,0.01325,0.07585,0.0,0.2007,0.04525,0.0009,0.0102,0.0033499999999999,0.0010999999999999,0.00355,0.0011,0.0116,0.0,0.0,0.0030499999999999,0.00070975,0.068382375,0.00021,-2.975e-05,55.549191875000005,5.7055,8.015136,1803.370328,217.765819,3.471258,5.233439,436.548929,435.204126,0.0032,0.0029,0.0077,0.0,0.191659739394903,0.3385543806027,0.01206630684640836,0.052922812650000005,119.85035496231609,91.51531796395561,marine_water,marine_surface,surface,35426.51,PRJEB7988,10.1038/nature16942 ; 10.1126/science.1261359
TARA_B100000614,TARA_128,DCM,0.0222,-153.686,ERR599032,SAMEA2622923,DCM,Trades Biome,2011-09-05 18:40,-4767.0,26.139288,3.5146524999999995,23.1032,444.7725,0.21615,,3.35e-06,0.032420254,0.078800819,3.827482581,,483.8265,61.39165115,0.0002553634986,0.2835,5.264,2.7405,64.0,43.0,113.0,15.0,376.0,298.0,0.668404,0.732395,4723.258441,6.74178415,19859.1,0.732771488,0.0151,0.0062,0.0082,0.0,0.0463,0.0,0.0332,0.0022,winter,late,0.069092,0.115437,0.0,ERR599032,148509026.0,tara,tara,-40.0,0.07808,0.01704,0.0134399999999999,0.0356,0.01102,0.11368,0.02806,0.0,0.0164,0.00242,0.0,0.00232,0.001,0.0063,0.0,0.0,0.0,0.0005872,0.0496145999999999,0.000201,-3.82e-05,53.1036098,78.51570000000001,,,,,,,,0.0036,0.0082,0.0203,0.0,0.1817778793091016,0.1860564292977,,0.05216304145,,,marine_water,marine_surface,surface,35146.524999999994,PRJEB7988,10.1038/nature16942 ; 10.1126/science.1261359
TARA_B100000609,TARA_128,SRF,0.0003,-153.676,ERR599038,SAMEA2622901,SRF,Trades Biome,2011-09-04 18:00,-4768.0,26.218438,3.5129025,23.062688,449.3824,0.1431,29.350133,3.35e-06,0.032420254,0.078800819,3.827482581,,483.8265,63.34038353,0.0002509499318,0.2715,5.0815,2.668,77.0,29.0,101.0,14.0,483.0,281.0,0.668404,0.732395,4616.80644,6.667961575,18139.8,0.732290598,0.0081,0.0038,0.0061,0.0,0.0257,0.0,0.0324,0.0029,winter,late,0.069092,0.115437,0.0,ERR599038,152737401.0,tara,tara,-5.0,0.0723,0.02085,0.0105999999999999,0.03685,0.0,0.10915,0.02085,0.0,0.01235,0.0060999999999999,0.0009499999999999,0.0017,0.00135,0.0066,0.0,0.0,0.0,0.0008521666666666,0.0954511666666666,0.0002383333333333,1.6666666666666678e-07,54.40287466666667,6.207999999999999,,,,,,,,0.0015,0.0061,0.0127,0.0,0.18484057232604,0.1837881660459,,0.051260813149999994,,,marine_water,marine_surface,surface,35129.025,PRJEB7988,10.1038/nature16942 ; 10.1126/science.1261359
TARA_B100001250,TARA_132,DCM,31.5168,-159.046,ERR598995,SAMEA2623079,DCM,Westerlies Biome,2011-10-05 0:59,-5710.0,15.321075,3.439568,25.4389,972.1014,0.07992,0.006352,0.00081438,0.022323498,0.023501203,0.001618445,,246.522,28.51713467,0.0001504765605,0.017,0.047,4.4468,48.0,110.0,58.0,52.0,16.0,128.0,0.486663,0.607278,5351.604577,6.561389685,17993.8,0.727202007,0.024,0.0035,0.0099,0.0009,0.0512,0.0,0.0352,0.0,autumn,early,0.134524,0.043804,0.0,ERR598995,260321549.0,tara,tara,-115.0,0.0899833333333333,0.0244,0.0151166666666666,0.0611666666666666,0.0328166666666666,0.1511833333333333,0.0572333333333333,0.0,0.0226999999999999,0.0028833333333333,0.0002333333333333,0.0022166666666666,0.0009,0.01475,0.0,0.0,0.0016333333333333,0.000326152173913,0.0287294130434782,0.0001740434782608,-6.636956521739131e-05,43.14187391304347,109.72520652173914,,,,,,,,0.0055,0.0099,0.041,0.0,0.22861263016462502,0.0,,0.011890419280000002,,,marine_water,marine_surface,surface,34395.68,PRJEB7988,10.1038/nature16942 ; 10.1126/science.1261359
TARA_B100001245,TARA_132,MES,31.528,-159.022,ERR598980,SAMEA2623098,MES,Westerlies Biome,2011-10-05 20:45,-5529.0,6.634392,3.3991382999999997,26.6805,970.5554,-0.0024,0.0,0.00081438,0.022323498,0.023501203,0.001618445,,263.25375,28.31336403,0.0001538141514,,,,47.0,113.0,56.0,56.0,646.0,137.0,0.486663,0.607278,6356.928968,6.831743729,19674.3,0.729293364,0.0,0.0,0.0,0.0,0.0,0.0,0.0,0.0,autumn,early,0.134524,0.043804,0.0,ERR598980,203060551.0,tara,tara,-550.0,0.0203,0.0,0.0029666666666666,0.0120333333333333,0.0278999999999999,0.0323333333333333,0.0278999999999999,0.0,0.0081666666666666,0.0006666666666666,0.0,0.0001999999999999,0.0,0.0052333333333333,0.0,0.0,0.0005333333333333,1.9296296296296295e-05,-0.0012144444444444,0.0001353333333333,-0.0001104444444444,34.7741657037037,539.0459444444444,,,,,,,,0.0,0.0,0.0,0.0,0.1355006938352685,1.7549215224501002,,,,,marine_water,marine_surface,surface,33991.382999999994,PRJEB7988,10.1038/nature16942 ; 10.1126/science.1261359
TARA_B100001248,TARA_132,SRF,31.5213,-158.996,ERR599142,SAMEA2623059,SRF,Westerlies Biome,2011-10-04 17:46,-5550.0,25.164595,3.519025,23.434915,113.969,-0.00288,16.532129,0.00081438,0.022323498,0.023501203,0.001618445,,263.25375,31.31380653,0.0001557461146,0.002,0.01,2.4278,42.0,107.0,52.0,50.0,1026.0,1055.0,0.486663,0.607278,3275.053647,6.429348162,14422.3,0.740879025,0.0027,0.0015,0.0024,0.0,0.0101,0.0,0.0453,0.0,autumn,early,0.134524,0.043804,0.0,ERR599142,166097140.0,tara,tara,-5.0,0.04105,0.0028,0.0040999999999999,0.0277,0.0021,0.06875,0.0049,0.0,0.00325,0.0024,0.0005,0.0,0.00065,0.0057,0.0,0.0,0.0,-3.074999999999998e-05,0.062212,0.000112375,-0.000118375,45.393391875,6.26175,,,,,,,,0.0,0.0024,0.0035,0.0,0.20235815685091751,0.0,,0.00058882268,,,marine_water,marine_surface,surface,35190.25,PRJEB7988,10.1038/nature16942 ; 10.1126/science.1261359
TARA_B100001094,TARA_133,DCM,35.4002,-127.75,ERR598942,SAMEA2623135,DCM,Westerlies Biome,2011-10-19 0:09,-4697.0,13.874505,3.3208145,24.82737,513.3648,0.37077,0.227196,0.000164224,0.019672674,0.010027013,0.004801808,,599.163,69.53207397,0.0003302364203,0.06,0.92875,2.65725,11.0,32.0,38.0,29.0,530.0,95.0,0.637497,0.44712,4938.639954,6.866581303,17038.2,0.73278861,0.10505,0.0395,0.03465,0.00685,0.25425,0.0051,0.0454,0.00875,autumn,early,-0.465615,0.043359,41.555556,ERR598942,,tara,tara,-45.0,0.3300285714285714,0.0906714285714285,0.0574285714285714,0.0409142857142857,0.0083,0.3709285714285714,0.0989714285714285,0.0005857142857142,0.0625571428571428,0.0118714285714285,0.0029714285714285,0.0104999999999999,0.0036142857142857,0.0147285714285714,0.0,0.0,0.0084428571428571,0.0007634615384615,0.063227,0.0002420769230769,1.2307692307692314e-06,38.86421007692308,66.32846153846154,,,,,,,,0.0169,0.03465,0.10295,0.0,0.242022309354567,0.0735002364306,,0.04105138765,,,marine_water,marine_surface,surface,33208.145,PRJEB7988,10.1038/nature16942 ; 10.1126/science.1261359
TARA_B100001105,TARA_133,MES,35.2698,-127.727,ERR599115,SAMEA2623155,MES,Westerlies Biome,2011-10-19 19:27,-4691.0,4.918875,3.4333562,27.162231,522.5004,-0.0045,0.0,0.000164224,0.019672674,0.010027013,0.004801808,,644.261,65.03458405,0.0002980980207,,,,13.0,38.0,42.0,33.0,656.0,49.0,0.637497,0.44712,7460.331781,6.975785811,21207.9,0.719530468,0.0,0.0,0.0,0.0,0.0,0.0,0.0002,0.0,autumn,early,-0.465615,0.043359,41.555556,ERR599115,218276112.0,tara,tara,-650.0,0.00065,0.0,0.0,0.0,0.0,0.00065,0.0,0.0,0.0,0.0,0.0,0.0,0.0,0.0,0.0,0.0,0.0,7.92e-05,0.0020623111111111,0.0001503555555555,-9.755555555555556e-05,33.16022886666667,634.5658333333333,,,,,,,,0.0,0.0,0.0,0.0,0.00972183372585725,2.7005602365068997,,,,,marine_water,marine_surface,surface,34333.562,PRJEB7988,10.1038/nature16942 ; 10.1126/science.1261359
TARA_B100001093,TARA_133,SRF,35.3671,-127.742,ERR599052,SAMEA2623116,SRF,Westerlies Biome,2011-10-18 15:35,-4747.0,19.24802,3.307013,23.48431,515.9687,0.03084,19.106109,0.000164224,0.019672674,0.010027013,0.004801808,,599.163,66.5130806,0.0003258643119,0.002,0.011,1.95475,11.0,39.0,41.0,33.0,532.0,95.0,0.637497,0.44712,4003.171309,6.710569358,15279.0,0.742319263,0.01025,0.00815,0.00805,0.00045,0.0398,0.00065,0.07185,0.00505,autumn,early,-0.465615,0.043359,41.555556,ERR599052,268626168.0,tara,tara,-5.0,0.12275,0.0218,0.0159,0.04715,0.0,0.1699,0.0218,0.001,0.01845,0.0165,0.0035,0.0021999999999999,0.0025,0.011,0.0,0.0,0.0024,0.0012965,0.0861835,0.000316,7.8e-05,44.7577125,8.9055,,,,,,,,0.0022,0.00805,0.01845,0.0,0.22839973513529002,0.0,,0.027779134499999997,,,marine_water,marine_surface,surface,33070.13,PRJEB7988,10.1038/nature16942 ; 10.1126/science.1261359
TARA_B100001964,TARA_137,DCM,14.2075,-116.647,ERR598987|ERR599099|ERR599070|ERR599147,SAMEA2623295,DCM,Trades Biome,2011-12-02 20:42,-4118.0,20.58574,3.4366025000000002,24.14088,505.4989,0.33414,0.645405,4.21e-06,0.016200179,0.02376498,3.006373823,1.7042,452.195,62.97020531,0.0002520708367,0.3055,6.0475,4.661,28.0,34.0,39.0,16.0,206.0,39.0,0.623359,0.561121,4996.589383,6.084460282,17574.3,0.737769447,0.0553,0.0197,0.0228,0.0051,0.1557,0.0025,0.1106,0.0088,autumn,late,0.075315,0.032361,0.0,ERR599099,48323257.0,tara,tara,-40.0,0.1809,0.0733999999999999,0.0326749999999999,0.1133875,0.167375,0.2946625,0.2407875,0.0,0.0308625,0.0052,0.0006625,0.0101375,0.0026625,0.042975,0.0003625,0.0068249999999999,0.0089375,0.0004257333333333,0.0434695333333333,0.0002086333333333,-3.2733333333333334e-05,42.0165938,93.0788,,,,,,,,0.0238,0.0228,0.0606,0.0,0.12617518055687998,0.45342893668080003,,0.0839547176,,,marine_water,marine_surface,surface,34366.025,PRJEB7988,10.1038/nature16942 ; 10.1126/science.1261359
TARA_B100001971,TARA_137,MES,14.2025,-116.643,ERR599127|ERR599076|ERR599015|ERR599152,SAMEA2623314,MES,Trades Biome,2011-12-03 14:31,-4140.0,8.887131,3.4588200000000002,26.820475,508.0711,0.0,0.0,4.21e-06,0.016200179,0.02376498,3.006373823,1.3698,452.195,67.85565948,0.0002610731462,0.0093,34.551,46.6245,28.0,37.0,40.0,14.0,351.0,40.0,0.623359,0.561121,6924.430129,6.248980533,20605.8,0.730546934,0.0,0.0,0.0,0.0,0.0,0.0,0.0011,0.0,autumn,late,0.075315,0.032361,0.0,ERR599127,50332474.0,tara,tara,-375.0,0.0017,0.0,0.0,0.0,0.0,0.0017,0.0,0.0,0.0,0.0,0.0,0.0,0.0,0.0017,0.0,0.0,0.0,-3.1155555555555555e-05,0.0046654222222222,0.0001463555555555,-9.866666666666668e-05,36.60153911111111,404.0820888888889,,,,,,,,0.0,0.0,0.0,0.0,0.000854636030008675,2.1732392544323997,,0.28059300130000003,,,marine_water,marine_surface,surface,34588.200000000004,PRJEB7988,10.1038/nature16942 ; 10.1126/science.1261359
TARA_B100001287,TARA_137,SRF,14.2035,-116.626,ERR598989,SAMEA2623275,SRF,Trades Biome,2011-12-02 14:12,-4136.0,26.478605,3.384798,22.01524,453.4002,0.1386,22.246192,4.21e-06,0.016200179,0.02376498,3.006373823,,446.388,64.79541397,0.0002626398855,0.067,2.444,2.538,29.0,36.0,39.0,13.0,630.0,44.0,0.623359,0.561121,3364.714903,6.607743957,13938.9,0.747462387,0.0178,0.0092,0.0081,0.0,0.0635,0.0,0.0914,0.0039,autumn,late,0.075315,0.032361,0.0,ERR598989,185084640.0,tara,tara,-5.0,0.1876499999999999,0.048,0.0241,0.0933,0.00895,0.2809,0.05695,0.0,0.01585,0.01125,0.0036,0.00535,0.00265,0.0162,0.0,0.0,0.004,0.0009815,0.0863265,0.000284,4.7e-05,53.02494125,8.803749999999999,7.994835,1763.543261,193.429736,3.10926,4.706289,448.50297,447.114982,0.0044,0.0081,0.0118,0.0,0.200081916464518,0.2319474958857,0.01259838492952572,0.043306958400000005,114.67410851152574,88.556802933808,marine_water,marine_surface,surface,33847.98,PRJEB7988,10.1038/nature16942 ; 10.1126/science.1261359
TARA_B100001996,TARA_138,DCM,6.3378,-102.954,ERR599087,SAMEA2623370,DCM,Trades Biome,2011-12-11 13:27,-3189.0,17.291965,3.4664045000000003,25.194555,820.0506,0.13926,,4.69e-06,0.013172547,0.020416232,2.891272922,,282.98,,,0.464,12.904,8.073,42.0,50.0,53.0,14.0,120.0,48.0,0.602965,0.433796,4312.041092,6.63935405,16960.1,0.731500451,0.0355,0.0135,0.0132,0.0018,0.0832,0.001,0.0529,0.0024,autumn,late,-0.002795,0.020154,0.0,ERR599087,195448195.0,tara,tara,-60.0,0.1321875,0.033925,0.0232,0.070875,0.0421249999999999,0.2042625,0.0760499999999999,0.0,0.0297,0.0040875,0.0002625,0.00315,0.0012374999999999,0.0159375,0.001225,0.0,0.0008625,0.0004077,0.0360189666666666,0.0002063333333333,-3.296666666666667e-05,47.18806443333333,58.934983333333335,,,,,,,,0.0089,0.0132,0.0475,0.0,0.042571357675558245,1.5904263050490002,,0.10522831120000001,,,marine_water,marine_surface,surface,34664.045000000006,PRJEB7988,10.1038/nature16942 ; 10.1126/science.1261359
TARA_B100002003,TARA_138,MES,6.3559,-103.06,ERR599060|ERR599175|ERR599004|ERR599051,SAMEA2623390,MES,Trades Biome,2011-12-11 20:37,-3241.0,8.149894,3.4608919,26.951444,814.9045,0.0,,4.69e-06,0.013172547,0.020416232,2.891272922,,277.87,,,0.0078,36.219,52.9225,38.0,45.0,49.0,15.0,482.0,49.0,0.602965,0.433796,6404.034706,6.281538192,20553.2,0.734761859,0.0,0.001,0.0018,0.0,0.0,0.0,0.0014,0.0,autumn,late,-0.002795,0.020154,0.0,ERR599051,43341449.0,tara,tara,-450.0,0.0045,0.0,0.0,0.0,0.0,0.0045,0.0,0.0,0.0,0.0,0.0,0.0,0.0,0.0011,0.0,0.0,0.0,-3.353333333333333e-05,0.0082916,0.0001489555555555,-9.644444444444444e-05,36.10689453333333,469.4788222222222,7.606195,2178.891469,53.438371,0.755214,1.183781,1161.230031,1156.778475,0.0,0.0018,0.0,0.0,0.001040623248573972,2.2789066409046,0.05342217842911104,0.299634767,118.91275703371409,103.22032736846161,marine_water,marine_surface,surface,34608.919,PRJEB7988,10.1038/nature16942 ; 10.1126/science.1261359
TARA_B100001989,TARA_138,SRF,6.3332,-102.943,ERR599030,SAMEA2623350,SRF,Trades Biome,2011-12-10 14:08,-3169.0,26.605515,3.352041,21.72899,10.2085,0.00588,,4.69e-06,0.013172547,0.020416232,2.891272922,2.25678,281.582,,,0.003,0.002,1.1855,45.0,55.0,57.0,13.0,483.0,64.0,0.602965,0.433796,4305.503877,6.507542471,17717.1,0.727668896,0.0052,0.003,0.0032,0.0,0.0213,0.0,0.0783,0.0,autumn,late,-0.002795,0.020154,0.0,ERR599030,170801648.0,tara,tara,-5.0,0.0643,0.0072,0.00875,0.08715,0.0089,0.15145,0.0161,0.0,0.0072999999999999,0.00565,0.001,0.0,0.00095,0.01285,0.0,0.0,0.0,0.00052925,0.02914775,0.000221,-1.575e-05,52.576323,10.132375,8.070004,1662.96771,214.728399,3.46912,5.255909,356.94714,355.844759,0.0,0.0032,0.0059,0.0,0.20046619085207099,0.0498468551982,0.010016919649500088,0.014957995500000001,112.25522382362904,84.8545926195,marine_water,marine_surface,surface,33520.409999999996,PRJEB7988,10.1038/nature16942 ; 10.1126/science.1261359
TARA_B100002019,TARA_140,SRF,7.4122,-79.3017,ERR599162,SAMEA2623426,SRF,Coastal Biome,2011-12-21 16:20,-2982.0,26.555663,2.8922675,18.28625,490.8533,0.0186,23.370476,3.48e-05,0.017845567,0.015867431,1.657347609,,456.336,70.19355392,0.0003461211745,0.0043,0.00275,0.63375,26.0,23.0,42.0,14.0,360.0,52.0,0.525841,0.635134,4459.027048,6.725136374,17613.7,0.735385736,0.0148,0.0149,0.04365,0.00445,0.04335,0.00165,0.16525,0.0029,autumn,late,0.254223,0.0,2.0,ERR599162,184794136.0,tara,tara,-5.0,0.32315,0.0332999999999999,0.0258,0.0726,0.0053,0.3957,0.03855,0.00165,0.01655,0.01825,0.00365,0.0036999999999999,0.0054,0.0338,0.0,0.0,0.00475,0.001014,0.13590025,0.00029,5.85e-05,47.00765525,10.140625,8.078013,1494.250398,176.464447,2.91394,4.471373,321.70056,320.706913,0.0037,0.04365,0.01655,0.0,0.20916719689875,0.0,0.009200374103118749,0.00887507733,98.57844214552689,75.26051845125001,marine_water,marine_surface,surface,28922.675,PRJEB7988,10.1038/nature16942 ; 10.1126/science.1261359
TARA_B100001939,TARA_141,SRF,9.8481,-80.0454,ERR599029,SAMEA2623446,SRF,Coastal Biome,2011-12-30 13:35,-1491.0,27.1673,3.4805149999999996,22.518037,74.7755,0.0183,,0.001378918,0.008022053,0.017903098,0.025214364,,494.7895,,,0.00205,0.0005,1.1195,34.0,38.0,66.0,13.0,488.0,968.0,0.628801,0.569359,4633.424204,6.680022301,16828.0,0.743078219,,,,,,,,,winter,early,,0.0,0.0,ERR599029,170893705.0,tara,tara,-5.0,,,,,,,,,,,,,,,,,,0.001675,0.0984845,0.0003955,0.0001575,55.028087,6.079125,8.06296,1695.887761,225.497423,3.627086,5.473314,369.57032,368.436099,,,,,0.19990521597285638,0.0,0.010189204095386192,0.00125362248,115.36503069165121,86.8929692734378,marine_water,marine_surface,surface,34805.149999999994,PRJEB7988,10.1038/nature16942 ; 10.1126/science.1261359
TARA_B100002052,TARA_142,DCM,25.6168,-88.4532,ERR599100,SAMEA2623488,DCM,Coastal Biome,2012-01-09 20:17,-3246.0,24.961605,3.6179270000000003,24.25287,395.8363,0.04617,0.000724,0.00116825,0.009340256,0.04348362,0.254889735,,356.5965,53.37124062,9.61e-05,0.0175,0.0615,1.168,145.0,34.0,154.0,14.0,205.0,321.0,0.644225,0.691085,4745.138573,6.796594791,18707.1,0.732082066,0.0294,0.0024,0.0189,0.0019,0.0748,0.0025,0.0388,0.0,winter,early,-2.922481,0.044572,25.75,ERR599100,155563015.0,tara,tara,-125.0,0.2089,0.010875,0.024375,0.0553499999999999,0.007875,0.2643,0.018775,0.0005,0.03375,0.006725,0.000575,0.000925,0.00045,0.0183,0.0,0.0,0.0030499999999999,0.0003873636363636,0.0367990227272727,0.0002147727272727,-2.547727272727273e-05,54.65396622727273,121.98855681818182,,,,,,,,0.001,0.0189,0.041,0.0,0.1980723245695575,0.0,,,,,marine_water,marine_surface,surface,36179.270000000004,PRJEB7988,10.1038/nature16942 ; 10.1126/science.1261359
TARA_B100002049,TARA_142,MES,25.6236,-88.45,ERR598985,SAMEA2623513,MES,Coastal Biome,2012-01-10 14:49,-3257.0,9.735075,3.5165211999999997,27.13905,374.3394,-0.0009,0.0,0.00116825,0.009340256,0.04348362,0.254889735,,353.047,53.37124062,9.61e-05,0.0,,8.624,147.0,33.0,156.0,14.0,654.0,740.0,0.644225,0.691085,5980.493828,6.844384602,20525.4,0.738370666,0.0,0.0,0.0,0.0,0.0,0.0,0.0005,0.0,winter,early,-2.922481,0.044572,25.75,ERR598985,163884906.0,tara,tara,-640.0,0.00128,0.00052,0.0,0.0,0.0,0.00128,0.00052,0.0,0.0001,0.0,0.0,0.0,0.0,0.0,0.0,0.0,0.0,-8.477272727272727e-06,-0.0008858409090909,0.000162159090909,-8.297727272727273e-05,39.39891915909091,676.0155795454546,7.965587,1991.209169,149.312745,2.138614,3.302904,485.602841,483.89276,0.0,0.0,0.0,0.0,0.11116860801507265,1.9222389548796,0.0179832388213583,0.1156276795,121.54462915398247,97.53026289914601,marine_water,marine_surface,surface,35165.212,PRJEB7988,10.1038/nature16942 ; 10.1126/science.1261359
TARA_B100002051,TARA_142,SRF,25.5264,-88.394,ERR599136,SAMEA2623463,SRF,Coastal Biome,2012-01-09 13:41,-3325.0,24.98456,3.6177284999999997,24.236425,398.5282,0.05556,18.336382,0.00116825,0.009340256,0.04348362,0.254889735,,351.125,52.96993256,8.94e-05,0.0195,0.049,1.218,151.0,117.0,160.0,13.0,606.0,975.0,0.644225,0.691085,4605.451141,6.726868494,17733.7,0.734863726,0.0286,0.0024,0.018,0.0016,0.0674,0.0027,0.0394,0.0,winter,early,-2.922481,0.044572,25.75,ERR599136,156890837.0,tara,tara,-5.0,0.2412,0.0127,0.0284,0.0592,0.0085,0.3003,0.0212,0.0005,0.0392,0.0076,0.0007,0.001,0.0005,0.0209,0.0,0.0,0.003,0.0004275,0.0547495,0.0002199999999999,-2e-05,54.6575425,3.86,8.0769,1787.820769,237.247462,3.72918,5.647504,370.888929,369.721337,0.001,0.018,0.0392,0.0,0.20028047084003125,0.0,0.010684596762749401,0.0002849142,121.707047681945,91.73266269585,marine_water,marine_surface,surface,36177.284999999996,PRJEB7988,10.1038/nature16942 ; 10.1126/science.1261359
TARA_B100001146,TARA_145,MES,39.2392,-70.0343,ERR599166,SAMEA2623649,MES,Westerlies Biome,2012-02-02 18:36,-2645.0,5.004169,3.4963392,27.649883,226.333,-0.0072,0.0,0.000894599,0.013130805,0.114780657,2.422716151,,601.048,88.18548203,8.88e-05,,,,125.0,14.0,100.0,696.0,176.0,92.0,0.613434,0.688783,6973.229117,6.881070703,19417.6,0.729467247,,,,,,,,,winter,middle,-0.044917,0.144593,3.472222,ERR599166,176695314.0,tara,tara,-590.0,0.004,0.0,0.0,0.0,0.0,0.004,0.0,0.0,0.0,0.0,0.0,0.0,0.0,0.00015,0.0,0.0,0.0,0.0001049545454545,0.0045517222222222,0.0001890925925925,-5.8954545454545455e-05,35.22172534090909,510.73583333333335,,,,,,,,,,,,0.23909359931801424,1.2379209459561,,,,,marine_water,marine_surface,surface,34963.392,PRJEB7988,10.1038/nature16942 ; 10.1126/science.1261359
TARA_B100001142,TARA_145,SRF,39.2305,-70.0377,ERR598983,SAMEA2623627,SRF,Westerlies Biome,2012-02-02 11:52,-2649.0,13.993715,3.5121519999999995,26.282555,262.746,0.13044,1.097164,0.000894599,0.013130805,0.114780657,2.422716151,,481.9585,88.18548203,8.88e-05,0.093,3.7925,2.41425,128.0,55.0,100.0,1026.0,212.0,105.0,0.613434,0.688783,4571.093166,6.760536259,14527.4,0.747027979,0.0248,0.00715,0.10205,0.03245,0.0907,0.02185,0.0206,0.00345,winter,middle,-0.044917,0.144593,3.472222,ERR598983,175709870.0,tara,tara,-5.0,0.64655,0.08515,0.0592,0.0,0.0,0.64655,0.08515,0.0,0.0266,0.0142499999999999,0.0010999999999999,0.0163999999999999,0.00835,0.02315,0.0,0.0,0.0145,0.0005478333333333,0.0857176666666666,0.000247,4.833333333333333e-06,42.21556883333333,10.664333333333332,7.882102,2030.116868,111.646912,1.701604,2.653678,617.113156,614.888973,0.0164,0.10205,0.0266,0.0,0.24301267648653374,0.3108393063909,0.024257440252142104,0.03160173335,118.61189661973822,97.781738762268,marine_water,marine_surface,surface,35121.52,PRJEB7988,10.1038/nature16942 ; 10.1126/science.1261359
TARA_B100001167,TARA_146,MES,34.6663,-71.2907,ERR599047,SAMEA2623693,MES,Westerlies Biome,2012-02-16 12:01,-4582.0,10.6855,3.536729,27.13082,388.5682,0.00144,,0.001105931,0.005640432,0.035152871,0.61873752,,388.337,,,0.0,20.025,13.2415,194.0,13.0,210.0,27.0,637.0,772.0,0.517071,0.514298,6301.280979,6.741054363,18700.5,0.726651461,,,,,,,,,winter,middle,-4.060752,0.04793,91.0,ERR599047,153692620.0,tara,tara,-640.0,,,,,,,,,,,,,,,,,,3.4e-05,0.0006049607843137,0.0001792549019607,-6.48235294117647e-05,40.64385505882353,591.1446764705883,7.988464,1987.878793,150.521651,2.149622,3.328039,456.672078,455.042582,,,,,0.141060394886208,1.3605939203121,0.01746076789391592,0.1247449339,121.54468328607106,97.410621854832,marine_water,marine_surface,surface,35367.29,PRJEB7988,10.1038/nature16942 ; 10.1126/science.1261359
TARA_B100001540,TARA_146,SRF,34.6712,-71.3093,ERR598968,SAMEA2623673,SRF,Westerlies Biome,2012-02-15 12:54,-4556.0,19.312775,3.6513137,26.097587,353.0857,0.06129,,0.001105931,0.005640432,0.035152871,0.61873752,,383.248,,,0.2225,0.7375,0.944,,26.0,218.0,956.0,623.0,220.0,0.517071,0.514298,4362.191251,6.547036832,15916.6,0.739121793,,,,,,,,,winter,middle,-4.060752,0.04793,91.0,ERR598968,169187207.0,tara,tara,-5.0,,,,,,,,,,,,,,,,,,0.000455,0.053041,0.000238,-4e-06,49.2617054,9.9533,8.114037,1854.137454,219.869124,3.375347,5.189749,341.340207,340.19016,,,,,0.2195474310560745,0.0793490346378,0.011382932519675126,,123.22219901051452,94.13870746076279,marine_water,marine_surface,surface,36513.137,PRJEB7988,10.1038/nature16942 ; 10.1126/science.1261359
TARA_B100001741,TARA_148,SRF,31.6948,-64.2489,ERR599123,SAMEA2623734,SRF,Westerlies Biome,2012-02-24 11:40,-4473.0,20.481195,3.6596745,25.85157,172.4671,0.04404,21.500162,0.001041271,0.006396831,0.02664326,0.215206316,,415.07,54.32606888,6.02e-05,0.093,0.1505,0.728,134.0,14.0,186.0,16.0,824.0,,0.339952,0.515841,4282.461147,6.754100284,15942.5,0.740708268,,,,,,,,,winter,middle,0.069438,0.085786,1.333333,ERR599123,172644070.0,tara,tara,-5.0,,,,,,,,,,,,,,,,,,0.000388,0.0580245555555555,0.0002305555555555,-1.0777777777777778e-05,50.301622333333334,10.511444444444445,8.107639,1846.786415,223.774811,3.444147,5.282343,346.971853,345.816106,,,,,0.219213093556573,0.0626202366276,0.01127285106027518,0.0001424571,123.2927618207179,93.955898763474,marine_water,marine_surface,surface,36596.745,PRJEB7988,10.1038/nature16942 ; 10.1126/science.1261359
TARA_B100001750,TARA_148b,MES,34.1504,-56.9684,ERR598958,SAMEA2623756,MES,Westerlies Biome,2012-02-27 15:28,-5057.0,18.129194,3.6565812,26.450856,78.7866,-0.0063,0.0,0.000970728,0.009404778,0.078729671,0.903267649,,,85.92880249,8.22e-05,0.0305,4.1285,1.6225,177.0,43.0,180.0,13.0,781.0,171.0,0.339952,0.515841,,,,,,,,,,,,,winter,middle,,,,ERR598958,169374280.0,tara,tara,-250.0,,,,,,,,,,,,,,,,,,,,,,,,,,,,,,,,,,,0.19733126320888605,0.2218559503911,,0.0169998806,,,marine_water,marine_surface,surface,36565.812000000005,PRJEB7988,10.1038/nature16942 ; 10.1126/science.1261359
TARA_B100001765,TARA_149,MES,34.0771,-49.8233,ERR598964,SAMEA2623794,MES,Westerlies Biome,2012-03-01 18:50,-4789.0,10.496305,3.5369805,27.170345,1391.144,0.0009,0.0,0.000983844,0.011274377,0.069205704,0.470016162,,588.722,70.02334213,0.0001011475506,0.00725,20.924,,150.0,28.0,150.0,14.0,750.0,878.0,0.300514,0.556866,6108.653109,6.783395287,19184.7,0.72613114,,,,,,,,,winter,late,0.275561,0.079308,0.0,ERR598964,193301570.0,tara,tara,-740.0,,,,,,,,,,,,,,,,,,-5.215151515151515e-05,-0.000797606060606,0.0001718484848484,-7.272727272727271e-05,40.51631776744186,669.8859418604651,8.029182,1948.03097,171.412522,2.456179,3.790395,411.108293,409.665835,,,,,0.15686894150322753,1.2507950233431,0.01508554548920526,0.12771279014999998,122.14974381204765,96.45306212849341,marine_water,marine_surface,surface,35369.805,PRJEB7988,10.1038/nature16942 ; 10.1126/science.1261359
TARA_B100001758,TARA_149,SRF,34.1132,-49.9181,ERR598963,SAMEA2623774,SRF,Westerlies Biome,2012-03-01 10:48,-4781.0,18.82554,3.641274,26.146925,749.564,0.08145,21.533512,0.000983844,0.011274377,0.069205704,0.470016162,,555.787,68.78579712,7e-05,,,,167.0,33.0,171.0,14.0,748.0,165.0,0.300514,0.556866,4325.011918,6.711311234,15145.5,0.742228822,,,,,,,,,winter,middle,0.275561,0.079308,0.0,ERR598963,178391832.0,tara,tara,-5.0,,,,,,,,,,,,,,,,,,0.0007446666666666,0.0782129999999999,0.0002846666666666,4.266666666666666e-05,48.30730566666667,10.3605,,,,,,,,,,,,0.22672634216121,0.0501019433568,,,,,marine_water,marine_surface,surface,36412.74,PRJEB7988,10.1038/nature16942 ; 10.1126/science.1261359
TARA_B100001778,TARA_150,DCM,35.8427,-37.1526,ERR598996,SAMEA2623826,DCM,Westerlies Biome,2012-03-05 17:34,-2747.0,17.585567,3.6285032999999998,26.360683,652.944,0.1418,0.66443,0.001100777,0.013435967,0.023812729,0.096477222,,550.112,69.93914032,0.0002470718318,0.04,0.1745,0.8423,61.0,48.0,105.0,13.0,547.0,129.0,0.243874,0.619626,4224.929725,6.754542143,17443.7,0.738848782,,,,,,,,,winter,late,-0.032539,0.073051,1.388889,ERR598996,181426656.0,tara,tara,-40.0,,,,,,,,,,,,,,,,,,0.0007101666666666,0.0741659166666666,0.0002809166666666,3.8916666666666666e-05,46.763331083333334,68.60533333333333,,,,,,,,,,,,0.23513709456599732,0.038043726444,,0.0,,,marine_water,marine_surface,surface,36285.032999999996,PRJEB7988,10.1038/nature16942 ; 10.1126/science.1261359
TARA_B100001769,TARA_150,SRF,35.9346,-37.3032,ERR599170,SAMEA2623808,SRF,Westerlies Biome,2012-03-05 9:25,-3140.0,17.627142,3.6285292,26.349408,1394.884,0.0782,16.225385,0.001100777,0.013435967,0.023812729,0.096477222,1.63013,574.844,61.64533043,0.0001927193007,0.0355,0.1695,0.8358,77.0,33.0,92.0,15.0,632.0,90.0,0.243874,0.619626,4161.155167,6.777680429,14688.2,0.743388576,,,,,,,,,winter,late,-0.032539,0.073051,1.388889,ERR599170,193109747.0,tara,tara,-5.0,,,,,,,,,,,,,,,,,,0.0008206666666666,0.097718,0.0002968333333333,5.483333333333333e-05,46.981502,8.176916666666665,8.111959,1872.608579,204.375001,3.123066,4.826268,342.260448,341.079024,,,,,0.23541179620114489,0.0074934781797,0.01207645820127936,0.0005223427,122.29454583401049,94.32664234224,marine_water,marine_surface,surface,36285.292,PRJEB7988,10.1038/nature16942 ; 10.1126/science.1261359
TARA_B100001559,TARA_151,DCM,36.1811,-28.9373,ERR598986,SAMEA2623868,DCM,Westerlies Biome,2012-03-09 17:42,-3516.0,16.74703,3.6182395,26.48531,256.7346,0.08652,0.079852,0.00129951,0.021044872,0.036169071,0.306125077,,426.704,49.19773102,0.0001147455441,0.0415,0.142,0.6335,48.0,68.0,108.0,52.0,170.0,108.0,0.414522,0.585611,5286.141793,6.940453083,17700.9,0.732395269,,,,,,,,,winter,late,-0.157861,0.025897,37.583333,ERR598986,184108185.0,tara,tara,-80.0,,,,,,,,,,,,,,,,,,0.0003864897959183,0.0406509387755102,0.0002357142857142,-6.5714285714285714e-06,45.990550000000006,77.74230612244898,,,,,,,,,,,,0.23415828754288048,0.0623642183955,,0.0020893708,,,marine_water,marine_surface,surface,36182.395000000004,PRJEB7988,10.1038/nature16942 ; 10.1126/science.1261359
TARA_B100001564,TARA_151,SRF,36.1715,-29.023,ERR1328125|ERR1328122|ERR598976,SAMEA2623850,SRF,Westerlies Biome,2012-03-09 8:59,-3478.0,17.303005,3.6229605,26.38564,387.5094,0.0132,25.012121,0.00129951,0.021044872,0.036169071,0.306125077,,430.1665,45.39796066,0.0001110673293,0.019,,0.6545,56.0,68.0,118.0,14.0,699.0,993.0,0.414522,0.585611,4020.600387,6.781088813,14771.9,0.741542746,,,,,,,,,winter,late,-0.157861,0.025897,37.583333,ERR598976,197290041.0,tara,tara,-5.0,,,,,,,,,,,,,,,,,,0.0003945,0.04170025,0.0002367499999999,-5.25e-06,46.59721575,8.8115,8.09894,1888.230938,197.839307,3.02213,4.673394,355.079251,353.84973,,,,,0.23841629775509,0.0183544424784,0.012624291907518199,0.0011871425,122.26701773552809,94.76442075789919,marine_water,marine_surface,surface,36229.605,PRJEB7988,10.1038/nature16942 ; 10.1126/science.1261359
TARA_B100001179,TARA_152,MES,43.7182,-16.8714,ERR598944,SAMEA2623907,MES,Westerlies Biome,2012-03-19 14:59,-4066.0,10.167675,3.5570583,27.385592,615.9903,0.0,0.0,0.000994762,0.022559946,0.052923159,0.32542221,,484.369,67.7718277,0.0001826853404,,,,138.0,24.0,922.0,13.0,883.0,922.0,0.542868,0.574202,6000.363223,6.774179828,19541.0,0.729673172,,,,,,,,,winter,late,-0.093316,0.033926,6.083333,ERR598944,171823344.0,tara,tara,-800.0,,,,,,,,,,,,,,,,,,-1.636363636363636e-06,0.0027385227272727,0.0001852272727272,-5.9863636363636366e-05,39.848454590909085,673.5157159090909,8.010863,1989.913121,142.181034,2.016057,3.139275,426.066176,424.493244,,,,,0.17963974026619417,1.090438633017,0.017728406530785244,,120.68280803968439,97.16129377526879,marine_water,marine_surface,surface,35570.583,PRJEB7988,10.1038/nature16942 ; 10.1126/science.1261359
TARA_B100002029,TARA_152,MIX,43.7684,-16.9047,ERR599001,SAMEA2623919,MIX,Westerlies Biome,2012-03-19 18:46,-4004.0,14.306265,3.5992170000000003,26.89135,619.621,0.10692,0.000525,0.000994762,0.022559946,0.052923159,0.32542221,,,71.40000153,0.0001539999939,0.328,2.2845,1.32,158.0,13.0,235.0,13.0,525.0,525.0,,,,,,,,,,,,,,,winter,late,-0.093316,0.033926,6.083333,ERR599001,192823737.0,tara,tara,,,,,,,,,,,,,,,,,,,,,,,,,,,,,,,,,,,,0.24726152270220753,0.2106017510166,,0.015860223800000003,,,marine_water,marine_surface,surface,35992.170000000006,PRJEB7988,10.1038/nature16942 ; 10.1126/science.1261359
TARA_B100001173,TARA_152,SRF,43.6792,-16.8344,ERR599078,SAMEA2623886,SRF,Westerlies Biome,2012-03-19 8:18,-3940.0,14.31675,3.599167,26.88634,614.5118,0.12096,9.22902,0.000994762,0.022559946,0.052923159,0.32542221,,484.369,67.68513489,0.0002005155329,0.3105,2.159,1.236,144.0,26.0,505.0,14.0,523.0,521.0,0.542868,0.574202,4331.365456,6.821128944,14842.8,0.747850224,,,,,,,,,winter,late,-0.093316,0.033926,6.083333,ERR599078,163649778.0,tara,tara,-5.0,,,,,,,,,,,,,,,,,,0.0004961249999999,0.070303875,0.0002553749999999,1.2375e-05,43.28161525,10.46325,8.094865,1925.178264,177.023065,2.687066,4.18469,358.308366,357.019421,,,,,0.24936959224877,0.1989873031731,0.01396428949205414,0.0151479383,121.64679355219405,95.598189199568,marine_water,marine_surface,surface,35991.67,PRJEB7988,10.1038/nature16942 ; 10.1126/science.1261359
TARA_B100000579,TARA_111,DCM,-16.9587,-100.675,ERR598961,SAMEA2622478,DCM,Trades Biome,2011-05-31 20:28,-3913.0,19.783275,3.5695810000000003,25.354365,916.312,0.12738,0.019494,3.01,0.013075565,0.043491448,7.843671242,1.1776,367.732,42.42976761,0.0002215504137,,1.2215,0.9285,67.0,71.0,225.0,70.0,233.0,230.0,0.599757,0.463204,4019.574006,6.687022359,15057.3,0.737598349,15.0,0.0055,0.0035,0.0,0.0325,0.0,0.0249,0.0005,autumn,late,-0.075767,0.018781,34.305556,ERR598961,186537935.0,tara,tara,-90.0,0.067075,0.0451875,0.0120625,0.0440625,0.010775,0.1111875,0.055975,0.0001125,0.0120375,0.001875,0.0004625,0.0024375,0.0004375,0.0077125,0.0,0.0,0.0,0.00052254,0.03687844,0.00015954,-8.097999999999999e-05,49.0296997,86.86662,,,,,,,,0.0047,0.0035,0.0141,0.0,0.21383657619866672,0.052931102933999996,,,,,marine_water,marine_surface,surface,35695.810000000005,PRJEB7988,10.1038/nature16942 ; 10.1126/science.1261359
TARA_B100000575,TARA_111,SRF,-16.9601,-100.633,ERR599077,SAMEA2622452,SRF,Trades Biome,2011-05-31 14:25,-4043.0,22.78183,3.5982689999999997,24.742485,1067.5202,0.0408,15.111047,3.01,0.013075565,0.043491448,7.843671242,0.8502,374.2405,43.12891006,0.000225241718,0.0415,2.676,1.0325,73.0,85.0,83.0,30.0,332.0,260.0,0.599757,0.463204,3596.851063,6.628351803,14493.5,0.744136035,0.0044,0.0031,0.0027,0.0,0.0134,0.0,0.0287,0.0011,autumn,late,-0.075767,0.018781,34.305556,ERR599077,189710268.0,tara,tara,-5.0,0.0394,0.0166,0.0052,0.0256,0.0,0.065,0.0166,0.0006,0.0041,0.0017,0.0,0.0,0.0,0.0032,0.0,0.0,0.0,0.0008222,0.0607399999999999,0.0002026,-3.78e-05,52.013253799999994,10.5213,8.049736,1860.031719,212.368475,3.312232,5.050868,405.640381,404.327962,0.0,0.0027,0.0041,0.0,0.21427396103624552,0.19531537299510002,0.012399184243715425,0.0474857,122.29896724733617,93.98733123922999,marine_water,marine_surface,surface,35982.689999999995,PRJEB7988,10.1038/nature16942 ; 10.1126/science.1261359
TARA_B100000586,TARA_111,MES,-16.9486,-100.672,ERR599086,SAMEA2622499,MES,Trades Biome,2011-06-01 16:00,-3902.0,10.69894,3.47072,26.609085,915.2628,0.00288,0.0,3.01,0.013075565,0.043491448,7.843671242,2.2664,357.4615,42.42976761,0.0002215504137,,,,75.0,82.0,85.0,13.0,327.0,261.0,0.599757,0.463204,4822.559469,6.674822174,17558.0,0.73063419,0.0,0.0,0.0,0.0,0.0,0.0,0.0,0.0,autumn,late,-0.075767,0.018781,34.305556,ERR599086,207930653.0,tara,tara,-350.0,0.0036,0.00105,0.0,0.0,0.0,0.0036,0.00105,0.0,0.0008,0.0,0.0,0.0,0.0,0.0,0.0,0.0,0.0,8.713333333333333e-05,0.0022378666666666,0.0001002,-0.0001437777777777,38.71674193333333,365.7677777777778,7.562132,2177.590726,49.154306,0.695534,1.089394,1289.136552,1284.224698,0.0,0.0,0.0,0.0,0.004829887762199499,1.8553864497927,0.05836782667618428,,118.25250945274647,103.152038286264,marine_water,marine_surface,surface,34707.2,PRJEB7988,10.1038/nature16942 ; 10.1126/science.1261359
TARA_B100000105,TARA_039,DCM,18.5839,66.4727,ERR1701760,SAMEA2620084,DCM,Trades Biome,2010-03-18 11:33,-3265.0,,,,468.2075,,,0.00139,0.0255102,0.004728645,0.003323513,2.1758,533.091,81.80855179,0.0002288970427,,,,,41.0,3.0,13.0,480.0,,,,,,,,,,,,,,,,winter,late,0.403157,,2.25,ERR1701760,193454243.0,tara,tara,-25.0,0.2429,0.0656,0.0246166666666666,0.0343,0.0,0.2772166666666666,0.0656,0.0006333333333333,0.0247,0.0050833333333333,0.0,0.0069999999999999,0.0014333333333333,0.0128166666666666,0.0,0.0058833333333333,0.0014833333333333,0.0012475,0.05326675,0.0001205833333333,-0.00012025,54.82077508333333,74.40237499999999,,,,,,,,,,,,,,,,,,marine_water,marine_surface,surface,,PRJEB7988,10.1038/nature16942 ; 10.1126/science.1261359
TARA_B100000071,TARA_038,MES,19.0351,64.5638,ERR599109|ERR599167,SAMEA2620035,MES,Trades Biome,2010-03-16 6:13,-3350.0,,,,579.3061,,,0.00139,0.030032598,0.004277769,0.001138785,4.33027,847.091,96.30652618,0.0002177698334,,,,,27.0,114.0,14.0,475.0,,,,,,,,,,,,,,,,winter,late,0.005785,0.069484,0.0,ERR599167,90831517.0,tara,tara,-340.0,0.0021,0.0,0.0,0.0,0.0,0.0021,0.0,0.0,0.0,0.0,0.0,0.0,0.0,0.0,0.0,0.00305,0.0,0.0008003731343283,0.0207986470588235,5.720588235294118e-05,-0.0001854328358208,44.15310476119403,343.42655882352943,7.9718825,2000.049905,152.04544149999998,2.0441695,3.1779145,621.584112,619.3192675,,,,,,,,,,,marine_water,marine_surface,surface,,PRJEB7988,10.1038/nature16942 ; 10.1126/science.1261359
