records,SRA_sample,biosample,ExpID,study_group,latitude,longitude,sample_name,Read_count_post_fastp,sequencing_technology,sample_type,cc_score,location1,location2,location3,location4,site_name,geotype1,geotype2,geotype3,tectonics1,tectonics2,tectonics3,tectonics4,magma_fo2,aersub1,aersub2,macrostrat_ID,macrostrat,macrostrat_type,macrostrat_siplified_type,mindat_id,locality_name,mindat_lat,mindat_long,distance_to_mindat_km,mineral_list_csv,altitude,temp,sal,ph,eh,toc,tn,dic,doc,ch4,h2,o2,rc_ra,f_aq,cl_aq,so4,h2s,br_aq,no_3,no2,nh4,po4_3,na_aq,k_aq,mg_aq,ca_aq,Li_aq,B_aq,K_aq,Ca_aq,Fe_aq,Zn_aq,As_aq,Rb_aq,cd,cu,co,fe,mn,mo,ni,v,zn,ag,al,ba,be,ce,cr,cs,ga,eu,gd,hf,la,li,pb,rb,sc,sn,sr,th,ti,tl,u,w,y,zr,database_solid,database_soli_id,material,rock_type,sample_name.1,lat_d,long_d,major_sum,sio2_d,tio2_d,al2o3_d,fe2o3_d,feo_d,FEOt_d,mno_d,mgo_d,cao_d,na2o_d,k2o_d,bao_d,p2o5_d,cu_d,co_d,mo_d,ni_d,v_d,zn_d,ba_d,be_d,ce_d,cr_d,dy_d,er_d,eu_d,ga_d,gd_d,hr_d,ho_d,la_d,li_d,lu_d,nb_d,nd_d,pb_d,pr_d,rb_d,sc_d,sm_d,sn_d,sr_d,ta_d,tb_d,th_d,ti_d,tl_d,u_d,w_d,y_d,yb_d,zr_d,si_o2,ti_o2,al2_o3,fe_ot,fe_o,fe2_o3,mn_o,mg_o,ca_o,na2_o,k2_o,p2_o5,CT,SedThic_Oc,SedThic_On,DistCoast,Time_rift,DSub,DMOR,DHS,DV,HF,PV,SR,slab_name,SDepth,SDip,ConvR,ConvAge,elevation,DOT,DCS,DMUSGS,DEQ,ConShelf,ConvObl,DPM,SfA
DRR093002,DRS056563,SAMD00080625,SRA,46.0,12.93,143.62,160705-skato-S08_S1,2331597.0,Illumina MiSeq,sediment,2.293612899,Pacific_Ocean,Mariana_trough,Southern_Mariana_Trough,Southern Mariana Trough,Southern Mariana Trough,vent,deep_vent,deep_vent,plate margin,convergent,oceanic_subduction,backarc,mild_reduced,subaerial,subaerial_saltwater,,,,,49577.0,Umatac,13.3136111,144.669167,121.676536,"Analcime,Natrolite",-3024.0,2.0,,7.7,,,,,,,,,8.3,,,,,,,,,,,,,,,,,,,,,,,,,,,,58.0,243.0,,,,38.0,,,109.0,,,,4.57,,,,,1.0,,,250.0,,,,,,,52.0,EarthChem,160-2,whole_rock,"IGNEOUS,VOLCANIC,INTERMEDIATE,ANDESITE",160-2,13.2367,143.7597,97.02,53.7,1.98,13.86,,,11.65,0.24,3.69,7.65,3.77,0.3,,0.25,46.4,33.5,,10.7,396.0,,39.7,,12.02,9.1,5.66,3.47,1.27,18.4,4.97,,1.26,4.31,,0.54,2.56,10.86,1.06,2.07,4.29,33.0,3.66,,157.5,,0.93,0.29,,,0.12,,35.0,3.44,109.0,,,,,,,,,,,,,7.030097925,65.43677082,0.0,122.321523,,138.98309,49.92965287,2404.613902,56.00773314,86.30461495,4.259063563,24.90908136,izu,-82.21634674,56.13442612,6.983534336,137.2419891,-3079.34206,33.86107744,4.662196845,1743.291059,13.87236579,,-62.4233284,26.51763513,2.231176321
DRR093003,DRS056564,SAMD00080626,SRA,46.0,12.93,143.62,160705-skato-S09_S2,3165978.0,Illumina MiSeq,sediment,2.142723621,Pacific_Ocean,Mariana_trough,Southern_Mariana_Trough,Southern Mariana Trough,Southern Mariana Trough,vent,deep_vent,deep_vent,plate margin,convergent,oceanic_subduction,backarc,mild_reduced,subaerial,subaerial_saltwater,,,,,49577.0,Umatac,13.3136111,144.669167,121.676536,"Analcime,Natrolite",-3024.0,2.0,,7.7,,,,,,,,,8.3,,,,,,,,,,,,,,,,,,,,,,,,,,,,58.0,243.0,,,,38.0,,,109.0,,,,4.57,,,,,1.0,,,250.0,,,,,,,52.0,EarthChem,160-2,whole_rock,"IGNEOUS,VOLCANIC,INTERMEDIATE,ANDESITE",160-2,13.2367,143.7597,97.02,53.7,1.98,13.86,,,11.65,0.24,3.69,7.65,3.77,0.3,,0.25,46.4,33.5,,10.7,396.0,,39.7,,12.02,9.1,5.66,3.47,1.27,18.4,4.97,,1.26,4.31,,0.54,2.56,10.86,1.06,2.07,4.29,33.0,3.66,,157.5,,0.93,0.29,,,0.12,,35.0,3.44,109.0,,,,,,,,,,,,,7.030097925,65.43677082,0.0,122.321523,,138.98309,49.92965287,2404.613902,56.00773314,86.30461495,4.259063563,24.90908136,izu,-82.21634674,56.13442612,6.983534336,137.2419891,-3079.34206,33.86107744,4.662196845,1743.291059,13.87236579,,-62.4233284,26.51763513,2.231176321
DRR093004,DRS056565,SAMD00080627,SRA,46.0,12.93,143.62,161219skato-S08_S1,14394451.0,Illumina MiSeq,sediment,0.1063353836,Pacific_Ocean,Mariana_trough,Southern_Mariana_Trough,Southern Mariana Trough,Southern Mariana Trough,vent,deep_vent,deep_vent,plate margin,convergent,oceanic_subduction,backarc,mild_reduced,subaerial,subaerial_saltwater,,,,,49577.0,Umatac,13.3136111,144.669167,121.676536,"Analcime,Natrolite",-3024.0,2.0,,7.7,,,,,,,,,8.3,,,,,,,,,,,,,,,,,,,,,,,,,,,,58.0,243.0,,,,38.0,,,109.0,,,,4.57,,,,,1.0,,,250.0,,,,,,,52.0,EarthChem,160-2,whole_rock,"IGNEOUS,VOLCANIC,INTERMEDIATE,ANDESITE",160-2,13.2367,143.7597,97.02,53.7,1.98,13.86,,,11.65,0.24,3.69,7.65,3.77,0.3,,0.25,46.4,33.5,,10.7,396.0,,39.7,,12.02,9.1,5.66,3.47,1.27,18.4,4.97,,1.26,4.31,,0.54,2.56,10.86,1.06,2.07,4.29,33.0,3.66,,157.5,,0.93,0.29,,,0.12,,35.0,3.44,109.0,,,,,,,,,,,,,7.030097925,65.43677082,0.0,122.321523,,138.98309,49.92965287,2404.613902,56.00773314,86.30461495,4.259063563,24.90908136,izu,-82.21634674,56.13442612,6.983534336,137.2419891,-3079.34206,33.86107744,4.662196845,1743.291059,13.87236579,,-62.4233284,26.51763513,2.231176321
DRR093005,DRS056566,SAMD00080628,SRA,46.0,12.93,143.62,161222skato-S09_S1,20194258.0,Illumina MiSeq,sediment,1.304644809,Pacific_Ocean,Mariana_trough,Southern_Mariana_Trough,Southern Mariana Trough,Southern Mariana Trough,vent,deep_vent,deep_vent,plate margin,convergent,oceanic_subduction,backarc,mild_reduced,subaerial,subaerial_saltwater,,,,,49577.0,Umatac,13.3136111,144.669167,121.676536,"Analcime,Natrolite",-3024.0,2.0,,7.7,,,,,,,,,8.3,,,,,,,,,,,,,,,,,,,,,,,,,,,,58.0,243.0,,,,38.0,,,109.0,,,,4.57,,,,,1.0,,,250.0,,,,,,,52.0,EarthChem,160-2,whole_rock,"IGNEOUS,VOLCANIC,INTERMEDIATE,ANDESITE",160-2,13.2367,143.7597,97.02,53.7,1.98,13.86,,,11.65,0.24,3.69,7.65,3.77,0.3,,0.25,46.4,33.5,,10.7,396.0,,39.7,,12.02,9.1,5.66,3.47,1.27,18.4,4.97,,1.26,4.31,,0.54,2.56,10.86,1.06,2.07,4.29,33.0,3.66,,157.5,,0.93,0.29,,,0.12,,35.0,3.44,109.0,,,,,,,,,,,,,7.030097925,65.43677082,0.0,122.321523,,138.98309,49.92965287,2404.613902,56.00773314,86.30461495,4.259063563,24.90908136,izu,-82.21634674,56.13442612,6.983534336,137.2419891,-3079.34206,33.86107744,4.662196845,1743.291059,13.87236579,,-62.4233284,26.51763513,2.231176321
DRR163686,DRS082835,SAMD00155365,SRA,36.0,31.53,130.49,"Y1, Yamanoshiro",50856777.0,Illumina Genome Analyzer IIx,fluid,1.320103538,Asia,Japan,Japan,Kirishima hot springs,Kirishima hot springs,spring,hot_spring,hot_spring,plate margin,convergent,oceanic-continental subduction,,oxidized,aerial,aerial,3191225.0,sedimentary,sedimentary,sedimentary,31927.0,Suzuyama Mine,31.4902778,130.45,5.29163553,"Axinite-(Fe),Calcite,Cassiterite,Chalcopyrite,Chapmanite,Galena,Hisingerite,Pyrite,Pyrrhotite,Quartz,Siderite,Sphalerite,Stibnite",93.5,90.4,0.0,4.8,,0.0,0.0,,0.0,,,0.0,7.2,0.2,3.3,79.0,,0.5,14.5,16.9,,0.1,0.7,0.6,1.2,7.5,,,,,,,,,,0.0,2.0,0.2,0.1,5.0,0.3,0.0,0.0,0.0,0.5,0.0,0.0,,0.0,0.0,0.0,,,,,0.0,,0.0,,,0.0,0.0,0.0,,0.0,,,,EarthChem,TN62030711,whole_rock,"IGNEOUS,PLIUTONIC,FELSIC,ADAMELLITE",TN62030711,31.4-31.6,130.5-130.9,98.4508879,66.9,0.66,15.73,0.59,3.66,4.1908879,0.08,1.52,3.07,2.73,3.45,,0.12,40.0,12.0,,12.0,120.0,,420.0,,,25.0,,,,23.0,,,,,80.0,,,,35.0,,230.0,,,,120.0,,,,,,,,,,,,,,,,,,,,,,,29.98196793,,0.0,2.878131726,,233.3882362,62.77753427,1181.187324,18.03562787,87.59608836,2.569748245,,ryu,-131.773941,59.96827316,7.619576931,54.5783844,86.00813175,847.8121446,4.261844575,95.76531686,36.82891872,1.0,36.36127472,285.4483585,
DRR163690,DRS082839,SAMD00155369,SRA,36.0,31.53,130.5,"I1, Ioudani ",49913632.0,Illumina Genome Analyzer IIx,fluid,1.289905091,Asia,Japan,Japan,Kirishima hot springs,Kirishima hot springs,spring,hot_spring,hot_spring,plate margin,convergent,oceanic-continental subduction,,oxidized,aerial,aerial,3191225.0,sedimentary,sedimentary,sedimentary,31927.0,Suzuyama Mine,31.4902778,130.45,6.255475,"Axinite-(Fe),Calcite,Cassiterite,Chalcopyrite,Chapmanite,Galena,Hisingerite,Pyrite,Pyrrhotite,Quartz,Siderite,Sphalerite,Stibnite",9.4,88.0,1.0,2.9,,0.0,0.0,,0.0,,,0.1,7.2,0.4,7.4,1170.0,,0.6,0.2,,,0.1,86.2,8.4,7.0,41.2,,,,,,,,,,0.0,2.0,19.3,0.6,5.0,1.3,0.0,0.1,0.0,24.7,0.0,0.0,,0.0,0.1,0.0,,,,,0.3,,,,,0.8,0.0,0.0,,0.0,,,,EarthChem,TN62030711,whole_rock,"IGNEOUS,PLIUTONIC,FELSIC,ADAMELLITE",TN62030711,31.4-31.6,130.5-130.9,98.4508879,66.9,0.66,15.73,0.59,3.66,4.1908879,0.08,1.52,3.07,2.73,3.45,,0.12,40.0,12.0,,12.0,120.0,,420.0,,,25.0,,,,23.0,,,,,80.0,,,,35.0,,230.0,,,,120.0,,,,,,,,,,,,,,,,,,,,,,,29.96502582,,0.0,2.432860849,,232.6048154,63.72378867,1181.347724,17.18528047,87.58727879,2.569486531,,ryu,-131.773941,59.96827316,7.619576931,54.5783844,22.458,848.3967497,4.157961011,95.62099189,37.27247715,1.0,36.36127472,284.5805449,
DRR163693,DRS082842,SAMD00155372,SRA,36.0,31.54,130.49,"N2, Nonoyufunki",18070128.0,Illumina MiSeq,fluid,1.286310037,Asia,Japan,Japan,Kirishima hot springs,Kirishima hot springs,spring,hot_spring,hot_spring,plate margin,convergent,oceanic-continental subduction,,oxidized,aerial,aerial,3191225.0,sedimentary,sedimentary,sedimentary,31927.0,Suzuyama Mine,31.4902778,130.45,5.71491577,"Axinite-(Fe),Calcite,Cassiterite,Chalcopyrite,Chapmanite,Galena,Hisingerite,Pyrite,Pyrrhotite,Quartz,Siderite,Sphalerite,Stibnite",64.3,89.1,0.6,2.8,,0.0,0.0,,0.0,,,0.1,7.2,0.2,2.5,495.0,,,,,,0.1,23.9,8.0,7.1,20.0,,,,,,,,,,0.1,2.0,1.1,0.3,5.0,0.3,0.0,0.0,,10.8,0.0,0.0,,0.0,0.1,,,,,,0.0,,,,,0.2,0.0,0.0,,0.0,,,,EarthChem,TN62030711,whole_rock,"IGNEOUS,PLIUTONIC,FELSIC,ADAMELLITE",TN62030711,31.4-31.6,130.5-130.9,98.4508879,66.9,0.66,15.73,0.59,3.66,4.1908879,0.08,1.52,3.07,2.73,3.45,,0.12,40.0,12.0,,12.0,120.0,,420.0,,,25.0,,,,23.0,,,,,80.0,,,,35.0,,230.0,,,,120.0,,,,,,,,,,,,,,,,,,,,,,,29.96637321,,0.0,3.717192088,,234.0157803,62.69527906,1180.094415,17.74106289,87.65457219,2.569221014,,ryu,-131.773941,59.96827316,7.619576931,54.5783844,75.009688,848.6865694,4.249035269,94.67037184,36.28629111,1.0,36.36127472,285.8998218,
SRR1297186,SRS601371,SAMN02743532,SRA,25.0,25.2,121.6,Shi-Huang-Ping microbes 8 cm,73351990.0,Illumina HiSeq 2000,fluid,0.8791988471,Asia,Taiwan,Taiwan,Shi-Huang-Ping hot spring,Shi-Huang-Ping hot spring,spring,hot_spring,hot_spring,plate margin,convergent,oceanic-continental subduction,,oxidized,aerial,aerial,3190736.0,intermediate volcanic,igneous,andesite,32425.0,Keelung River,25.0986111,121.833611,26.6439495,"Gold,Magnetite,Quartz,Zircon",306.0,69.0,0.889,2.5,-62.0,,,,0.08333333,,,,5.01,,,378.0,1.64379289,,,,,,12.0,2.17,1.21,1.32,,,,,,,,,,,,111.0,,,,,,,19.0,,,,,,,,,,,,,,,,,,,,,,,,EarthChem,KM-6,whole_rock,"IGNEOUS, PLUTONIC, EXOTIC, LAMPROPHYRE",KM-6,25.03,121.67,93.44,52.22,1.36,17.54,,,6.16,0.1,1.69,3.22,7.42,4.73,,,16.0,,,27.5,,,,,,4.0,,,,,,,,,20.0,,,,,,101.0,,,,304.0,,,,,,,,,,,58.87375,0.76625,16.65625,2.78625,3.70625,6.213345613,0.098,3.4425,6.3275,3.4,1.805,0.245,26.61198523,,2498.83,11.44977188,,412.1888123,342.4248047,1323.636108,8.721820831,81.06907434,2.620182276,,ryu,-28.41028786,32.29580688,7.149112701,52.07841492,299.0,44.17192841,0.0,26.69186783,44.7644577,,-21.0551033,654.4379272,
SRR1297204,SRS614142,SAMN02786246,SRA,25.0,25.2,121.6,Shi-Huang-Ping microbes 0 - 25 cm,96834105.0,Illumina HiSeq 2000,fluid,8.144946271,Asia,Taiwan,Taiwan,Shi-Huang-Ping hot spring,Shi-Huang-Ping hot spring,spring,hot_spring,hot_spring,plate margin,convergent,oceanic-continental subduction,,oxidized,aerial,aerial,3190736.0,intermediate volcanic,igneous,andesite,32425.0,Keelung River,25.0986111,121.833611,26.6439495,"Gold,Magnetite,Quartz,Zircon",306.0,69.0,0.889,2.5,-62.0,,,,0.08333333,,,,5.01,,,378.0,1.64379289,,,,,,12.0,2.17,1.21,1.32,,,,,,,,,,,,111.0,,,,,,,19.0,,,,,,,,,,,,,,,,,,,,,,,,EarthChem,KM-6,whole_rock,"IGNEOUS, PLUTONIC, EXOTIC, LAMPROPHYRE",KM-6,25.03,121.67,93.44,52.22,1.36,17.54,,,6.16,0.1,1.69,3.22,7.42,4.73,,,16.0,,,27.5,,,,,,4.0,,,,,,,,,20.0,,,,,,101.0,,,,304.0,,,,,,,,,,,58.87375,0.76625,16.65625,2.78625,3.70625,6.213345613,0.098,3.4425,6.3275,3.4,1.805,0.245,26.61198523,,2498.83,11.44977188,,412.1888123,342.4248047,1323.636108,8.721820831,81.06907434,2.620182276,,ryu,-28.41028786,32.29580688,7.149112701,52.07841492,299.0,44.17192841,0.0,26.69186783,44.7644577,,-21.0551033,654.4379272,
SRR1556897,SRS688587,SAMN02419148,SRA,32.0,38.94,-110.14,CG2_0.2A,4716480.0,Illumina HiSeq 2000,fluid,24.5712318,North_America,USA,Utah,Green River,Crystal Geyser,spring,hot_spring,geyser,intraplate,rift,continental rift,,mild_reduced,aerial,aerial,2876053.0,sandstone,sedimentary,sedimentary,245781.0,Green River Area,38.8738889,-110.17194,4.36274275,Aragonite,4369.0,17.5,11.52,7.6,,,,,,,,,,2.4,4295.0,2211.0,,,2.4,,,2.3,90577.0,14072.0,5566.0,40318.0,,,,,,,,,,5.553396,9.0,546.6736,108.2121,0.0067165,2.7233552,0.094242,7.25718,,2.50914,2.1423012,0.00036049,0.00588487,0.233982,2.0866085,,,,,,21.0,,,,0.0273033,1279.252,,0.5313237,,1.27583008,,,1.72,EarthChem,D206323,whole_rock,CALCAREOUS SANDSTONE,D206323,38.93333,-110.08333,45.93962,36.0,0.2,4.5,2.0,,1.79962,,0.48,1.3,0.32,1.3,,0.04,25.0,,,,,,,,,,,,,,,,,,,,,,,,,,,,,,,,,,,,,,,,,,,,,,,,,,,43.02447628,,2837.35,879.4922805,,1261.457681,597.4840047,567.2059022,204.5892739,75.51268168,1.690207931,,,,,,,1256.720064,931.1562797,,103.8676173,260.6450894,,,1277.028417,
SRR2239652,SRS1054264,SAMN03797534,SRA,30.0,41.86,-8.11,LLHS,5625431.0,Illumina HiSeq 2000,fluid,44.51525381,Europe,Spain,Galicia,Ourense,Lobios Hot Spring,spring,hot_spring,hot_spring,intraplate,faults,continental faults,,,aerial,aerial,3148273.0,granite,igneous,granite,261220.0,Salto Do Lobo - Corgas Das Negras E Lamalonga Mines,41.8108333,-8.0391667,9.55696193,"Arsenopyrite,Cassiterite,Fluorite,Molybdenite,Quartz,Scheelite",433.0,76.0,,8.2,,,,,,,,,0.69,,,,,,,,,,,,,,,,,,,,,,,,,,,,,,,,,,,,,,,,,,,,,,,,,,,,,,,,EarthChem,ORV-26,whole_rock,"IGNEOUS, VOLCANIC, FELSIC, RHYOLITE",ORV-26,42.0855,-7.5307,93.41943,71.61,0.47,15.52,3.0,,2.69943,0.03,0.64,0.16,2.13,5.43,,0.16,20.0,9.0,,14.0,60.0,48.0,658.0,,46.35,71.0,5.59,3.07,0.8,22.0,4.96,,1.06,22.7,,0.39,12.0,22.38,38.0,5.81,242.0,,4.94,,,0.73,0.87,10.1,,,5.0,,27.0,2.77,85.0,71.0227778,0.305875,14.405,1.08777778,1.415,2.393793324,0.04922222,0.65127778,1.79277778,3.77888889,4.32888889,0.24788889,30.8886572,,125.966,67.70694189,,1607.690779,1619.240102,1257.853255,480.4248897,58.19040458,2.433613628,,,,,,,563.990388,1619.381724,,754.7330358,587.1767742,,,290.7593652,
SRR3439968,SRS1411981,SAMN04901559,SRA,37.0,25.44,98.44,1-87,3780993.0,Illumina HiSeq 2000,,14.83757332,Asia,China,YunNA province,Tengchong hot springs,Gongxiaoshe hot spring,spring,hot_spring,hot_spring,intraplate,hotspot,continental hotspot,,oxidized,aerial,aerial,3192131.0,sedimentary,sedimentary,sedimentary,155457.0,Xiaolonghe Sn Deposit,25.45,98.4333333,0.7590388,"Cassiterite,Magnetite,Muscovite,Pyrite,Quartz,Topaz",2524.0,73.8,1.449,7.29,,0.44,3e-05,,0.125,,,,5.2,12.9,92.8,2.1,0.0,,0.05,0.05,0.1,,418.5,45.9,3.35,9.2,,,,,,,,,,7e-05,,0.175,0.0103,0.000153,0.00028,0.000366,0.00371,,,0.51,0.00287,9e-06,0.00012,0.49,0.0003,4.5e-05,,,1.2e-05,,6.9e-05,0.303,,,0.55,3.6e-05,,0.00094,,0.056,2.4e-05,4.2e-05,EarthChem,CZ08-1,whole_rock,"TRACHYANDESITE, BASALTIC",CZ08-1,25.2352,98.5223,97.55,54.03,1.35,16.87,2.13,5.18,7.0965953,0.13,5.91,6.46,3.84,3.23,,0.55,28.99,27.05,,84.32,139.1,76.77,982.1,,124.3,115.2,4.84,2.6,1.93,,6.66,,0.98,69.27,,0.35,32.3,47.76,13.89,13.41,86.42,20.13,7.93,,705.6,1.86,0.91,21.4,,,2.46,,25.48,2.46,224.2,,,,,,,,,,,,,40.26886259,,14.0582,758.7742921,,1459.29617,1163.116997,16.63584605,24.0472108,81.59077148,2.585708703,,,,,,,1741.60864,1188.054784,,24.57337473,6.781192064,,,1001.214852,
SRR3440026,SRS1411988,SAMN04901560,SRA,37.0,25.44,98.44,6-505,3714331.0,Illumina HiSeq 2000,,30.24481469,Asia,China,YunNA province,Tengchong hot springs,Gongxiaoshe hot spring,spring,hot_spring,hot_spring,intraplate,hotspot,continental hotspot,,oxidized,aerial,aerial,3192131.0,sedimentary,sedimentary,sedimentary,155457.0,Xiaolonghe Sn Deposit,25.45,98.4333333,0.7590388,"Cassiterite,Magnetite,Muscovite,Pyrite,Quartz,Topaz",2524.0,73.8,1.449,7.29,,0.44,3e-05,,0.125,,,,5.2,12.9,92.8,2.1,0.0,,0.05,0.05,0.1,,418.5,45.9,3.35,9.2,,,,,,,,,,7e-05,,0.175,0.0103,0.000153,0.00028,0.000366,0.00371,,,0.51,0.00287,9e-06,0.00012,0.49,0.0003,4.5e-05,,,1.2e-05,,6.9e-05,0.303,,,0.55,3.6e-05,,0.00094,,0.056,2.4e-05,4.2e-05,EarthChem,CZ08-1,whole_rock,"TRACHYANDESITE, BASALTIC",CZ08-1,25.2352,98.5223,97.55,54.03,1.35,16.87,2.13,5.18,7.0965953,0.13,5.91,6.46,3.84,3.23,,0.55,28.99,27.05,,84.32,139.1,76.77,982.1,,124.3,115.2,4.84,2.6,1.93,,6.66,,0.98,69.27,,0.35,32.3,47.76,13.89,13.41,86.42,20.13,7.93,,705.6,1.86,0.91,21.4,,,2.46,,25.48,2.46,224.2,,,,,,,,,,,,,40.26886259,,14.0582,758.7742921,,1459.29617,1163.116997,16.63584605,24.0472108,81.59077148,2.585708703,,,,,,,1741.60864,1188.054784,,24.57337473,6.781192064,,,1001.214852,
SRR3961733,SRS1589160,SAMN05449938,SRA,8.0,22.65,78.36,CAP,19554880.0,NextSeq 500,fluid,3.471814203,Asia,India,Central_India,Chhoti Anhoni,Chhoti Anhoni Petroleum Borehole,spring,deep_well,hot_spring,intraplate,rift,continental rift,,mild_reduced,aerial,aerial,3190865.0,sedimentary,sedimentary,sedimentary,218838.0,Khairi,22.9075,78.7616667,45.0227403,Quartz,2316.0,52.1,0.558,7.8,,,,,,,,,,,,,,,,,,,,,,,,,,,,,,,,,,,,,,,,,,,,,,,,,,,,,,,,,,,,,,,,,EarthChem,10B,whole_rock,"IGNEOUS,VOLCANIC,MAFIC,THOLEIITE",10B,22.3-22.5,78.5-78.75,100.26,50.73,3.01,12.9,,,15.12,0.23,5.08,10.08,2.47,0.35,,0.29,269.0,,,47.0,415.0,132.0,,,47.96,71.0,7.72,4.67,2.28,24.0,8.55,,1.58,20.35,,0.57,17.0,28.63,,,12.0,35.0,7.3,,222.0,,,,,,,,40.0,3.62,19.0,,,,,,,,,,,,,40.43004708,,10.0,562.4465817,,1753.489867,2075.658291,2068.553626,1386.022229,69.601527,5.485547635,,,,,,,378.925,2075.658291,,42.51919316,179.0482939,,,795.8510255,
SRR3961734,SRS1589161,SAMN05449939,SRA,7.0,22.65,78.36,BAN,15622317.0,NextSeq 500,fluid,2.460030601,Asia,India,Central_India,Badi Anhoni,Badi Anhoni hot spring,spring,hot_spring,hot_spring,intraplate,rift,continental rift,,mild_reduced,aerial,aerial,3190865.0,sedimentary,sedimentary,sedimentary,218838.0,Khairi,22.9075,78.7616667,45.0227403,Quartz,1760.0,55.0,0.624,7.8,,,,,,,,,,,,,,,,,,,,,,,,,,,,,,,,,,,,,,,,,,,,,,,,,,,,,,,,,,,,,,,,,EarthChem,10B,whole_rock,"IGNEOUS,VOLCANIC,MAFIC,THOLEIITE",10B,22.3-22.5,78.5-78.75,100.26,50.73,3.01,12.9,,,15.12,0.23,5.08,10.08,2.47,0.35,,0.29,269.0,,,47.0,415.0,132.0,,,47.96,71.0,7.72,4.67,2.28,24.0,8.55,,1.58,20.35,,0.57,17.0,28.63,,,12.0,35.0,7.3,,222.0,,,,,,,,40.0,3.62,19.0,,,,,,,,,,,,,40.43004708,,10.0,562.4465817,,1753.489867,2075.658291,2068.553626,1386.022229,69.601527,5.485547635,,,,,,,378.925,2075.658291,,42.51919316,179.0482939,,,795.8510255,
SRR3961739,SRS1589167,SAMN05449940,SRA,8.0,22.65,78.36,CAN,15400199.0,NextSeq 500,fluid,0.07752029373,Asia,India,Central_India,Chhoti Anhoni,Chhoti Anhoni hot spring,spring,hot_spring,hot_spring,intraplate,rift,continental rift,,mild_reduced,aerial,aerial,3190865.0,sedimentary,sedimentary,sedimentary,218838.0,Khairi,22.9075,78.7616667,45.0227403,Quartz,2316.0,43.5,0.53,7.5,,,,,,,,,,,,,,,,,,,,,,,,,,,,,,,,,,,,,,,,,,,,,,,,,,,,,,,,,,,,,,,,,EarthChem,10B,whole_rock,"IGNEOUS,VOLCANIC,MAFIC,THOLEIITE",10B,22.3-22.5,78.5-78.75,100.26,50.73,3.01,12.9,,,15.12,0.23,5.08,10.08,2.47,0.35,,0.29,269.0,,,47.0,415.0,132.0,,,47.96,71.0,7.72,4.67,2.28,24.0,8.55,,1.58,20.35,,0.57,17.0,28.63,,,12.0,35.0,7.3,,222.0,,,,,,,,40.0,3.62,19.0,,,,,,,,,,,,,40.43004708,,10.0,562.4465817,,1753.489867,2075.658291,2068.553626,1386.022229,69.601527,5.485547635,,,,,,,378.925,2075.658291,,42.51919316,179.0482939,,,795.8510255,
SRR3961740,SRS1589162,SAMN05449941,SRA,6.0,23.41,83.39,TAT-1,3944227.0,NextSeq 500,fluid,0.1189460167,Asia,India,Central_India,Tattapani Hot Spring,Tattapani hot spring Site-1,spring,hot_spring,hot_spring,intraplate,rift,continental rift,,mild_reduced,aerial,aerial,3191338.0,metamorphic,metamorphic,granite,239349.0,Rannu,24.1422222,83.2236111,20.792973,Kornerupine,1900.0,98.0,0.805,7.5,,,,,,,,,0.02,,,,,,,,,,,,,,,,,,,,,,,,,,,,,,,,,,,,,,,,,,,,,,,,,,,,,,,,EarthChem,M-51,whole_rock,METAMORPHIC,M-51,24.3866,82.8853,97.1847815,68.26,0.37,17.5,1.15,,1.0347815,0.04,3.68,1.25,0.15,4.88,,0.02,,2.3,,38.0,58.0,,300.0,,158.0,49.0,4.8,2.6,0.71,,8.9,,0.96,86.0,,0.49,19.0,59.0,,16.0,113.0,5.0,11.0,,49.0,1.7,1.1,35.0,,,8.3,,26.0,3.01,13922.0,71.0227778,0.305875,14.405,1.08777778,1.415,2.393793324,0.04922222,0.65127778,1.79277778,3.77888889,4.32888889,0.24788889,39.42118234,,102.689,429.1622704,,1409.980339,1652.317267,1546.583745,1208.057812,77.23171365,5.585960888,,,,,,,609.995389,1652.317267,,215.1602934,344.6210583,,,506.9171441,
SRR3961741,SRS1589163,SAMN05449942,SRA,6.0,23.41,83.39,TAT-2,3343538.0,NextSeq 500,fluid,0.06295608889,Asia,India,Central_India,Tattapani Hot Spring,Tattapani hot spring Site-2,spring,hot_spring,hot_spring,intraplate,rift,continental rift,,mild_reduced,aerial,aerial,,metamorphic,metamorphic,granite,239349.0,Rannu,24.1422222,83.2236111,20.792973,Kornerupine,1900.0,61.5,0.54,7.6,,,,,,,,,0.02,,,,,,,,,,,,,,,,,,,,,,,,,,,,,,,,,,,,,,,,,,,,,,,,,,,,,,,,EarthChem,M-51,whole_rock,METAMORPHIC,M-51,24.3866,82.8853,97.1847815,68.26,0.37,17.5,1.15,,1.0347815,0.04,3.68,1.25,0.15,4.88,,0.02,,2.3,,38.0,58.0,,300.0,,158.0,49.0,4.8,2.6,0.71,,8.9,,0.96,86.0,,0.49,19.0,59.0,,16.0,113.0,5.0,11.0,,49.0,1.7,1.1,35.0,,,8.3,,26.0,3.01,13922.0,71.0227778,0.305875,14.405,1.08777778,1.415,2.393793324,0.04922222,0.65127778,1.79277778,3.77888889,4.32888889,0.24788889,,,,,,,,,,,,,,,,,,,,,,,,,,
SRR3961742,SRS1589165,SAMN05449943,SRA,6.0,23.41,83.39,TAT-3,4336662.0,NextSeq 500,fluid,7.97571861,Asia,India,Central_India,Tattapani Hot Spring,Tattapani hot spring Site-3,spring,hot_spring,hot_spring,intraplate,rift,continental rift,,mild_reduced,aerial,aerial,3191338.0,metamorphic,metamorphic,granite,239349.0,Rannu,24.1422222,83.2236111,20.792973,Kornerupine,1900.0,69.0,0.633,7.0,,,,,,,,,0.02,,,,,,,,,,,,,,,,,,,,,,,,,,,,,,,,,,,,,,,,,,,,,,,,,,,,,,,,EarthChem,M-51,whole_rock,METAMORPHIC,M-51,24.3866,82.8853,97.1847815,68.26,0.37,17.5,1.15,,1.0347815,0.04,3.68,1.25,0.15,4.88,,0.02,,2.3,,38.0,58.0,,300.0,,158.0,49.0,4.8,2.6,0.71,,8.9,,0.96,86.0,,0.49,19.0,59.0,,16.0,113.0,5.0,11.0,,49.0,1.7,1.1,35.0,,,8.3,,26.0,3.01,13922.0,71.0227778,0.305875,14.405,1.08777778,1.415,2.393793324,0.04922222,0.65127778,1.79277778,3.77888889,4.32888889,0.24788889,39.42118234,,102.689,429.1622704,,1409.980339,1652.317267,1546.583745,1208.057812,77.23171365,5.585960888,,,,,,,609.995389,1652.317267,,215.1602934,344.6210583,,,506.9171441,
SRR3961743,SRS1589166,SAMN05449944,SRA,6.0,23.41,83.39,TAT-4,2530582.0,NextSeq 500,fluid,0.9230071147,Asia,India,Central_India,Tattapani Hot Spring,Tattapani hot spring Site-4,spring,hot_spring,hot_spring,intraplate,rift,continental rift,,mild_reduced,aerial,aerial,3191338.0,metamorphic,metamorphic,granite,239349.0,Rannu,24.1422222,83.2236111,20.792973,Kornerupine,1900.0,67.0,0.633,7.8,,,,,,,,,0.02,,,,,,,,,,,,,,,,,,,,,,,,,,,,,,,,,,,,,,,,,,,,,,,,,,,,,,,,EarthChem,M-51,whole_rock,METAMORPHIC,M-51,24.3866,82.8853,97.1847815,68.26,0.37,17.5,1.15,,1.0347815,0.04,3.68,1.25,0.15,4.88,,0.02,,2.3,,38.0,58.0,,300.0,,158.0,49.0,4.8,2.6,0.71,,8.9,,0.96,86.0,,0.49,19.0,59.0,,16.0,113.0,5.0,11.0,,49.0,1.7,1.1,35.0,,,8.3,,26.0,3.01,13922.0,71.0227778,0.305875,14.405,1.08777778,1.415,2.393793324,0.04922222,0.65127778,1.79277778,3.77888889,4.32888889,0.24788889,39.42118234,,102.689,429.1622704,,1409.980339,1652.317267,1546.583745,1208.057812,77.23171365,5.585960888,,,,,,,609.995389,1652.317267,,215.1602934,344.6210583,,,506.9171441,
SRR4030098,SRS1616306,SAMN05518655,SRA,18.0,44.5,-110.75,T=80-84,16565690.0,Illumina HiSeq 2000,biofilm,0.1356683889,North_America,USA,YNP,Lower Geyser Basin,Octopus Spring,spring,hot_spring,hot_spring,intraplate,hotspot,continental hotspot,,reduced,aerial,aerial,958230.0,felsic,igneous,granite,248602.0,Upper Geyser Basin,44.4641667,-110.82917,8.91581052,"Gyrolite,Truscottite",2238.0,90.5,0.668,8.04,-0.0785,,,14.7,0.1167,,,0.0,7.7,22.7485,246.1986,17.5914,0.0236,0.7904,0.063,,0.04179,,276.03,15.4185,0.011,0.765,,,,,,,,,0.0001,0.001,5.0,,0.003,,,,0.002,,0.243,,0.002,,,,,,,,,3.2514,0.001,,,,0.001,,,,,,,,EarthChem,YL96-13,whole_rock,"IGNEOUS,VOLCANIC,FELSIC,RHYOLITE",YL96-13,44.4431,-110.7189,97.8346732,75.9,0.157,11.7,1.72,,1.5476732,0.03,0.0,0.39,3.17,4.9,,0.04,,,,,,,335.0,,,,,,,,,,,,,,53.0,,,,174.0,,,,18.0,,,,,,,,52.0,,264.0,71.0227778,0.305875,14.405,1.08777778,1.415,2.393793324,0.04922222,0.65127778,1.79277778,3.77888889,4.32888889,0.24788889,42.03515568,,8.71882,946.7315407,,1160.122185,792.1727905,59.03807735,10.01644248,97.39982891,1.810644582,,,,,,,2583.75,1283.902061,,20.37048638,22.56534731,,,1891.000587,
SRR4030101,,,,,,,,,,,,,,,,,,,,,,,,,,,,,,,,,,,,,,,,,,,,,,,,,,,,,,,,,,,,,,,,,,,,,,,,,,,,,,,,,,,,,,,,,,,,,,,,,,,,,,,,,,,,,,,,,,,,,,,,,,,,,,,,,,,,,,,,,,,,,,,,,,,,,,,,,,,,,,,,,,,,,,,,,,,,,,,,,,,,,,,,,,,,,,,,,,,,,,,,,,
SRR4030102,,,,,,,,,,,,,,,,,,,,,,,,,,,,,,,,,,,,,,,,,,,,,,,,,,,,,,,,,,,,,,,,,,,,,,,,,,,,,,,,,,,,,,,,,,,,,,,,,,,,,,,,,,,,,,,,,,,,,,,,,,,,,,,,,,,,,,,,,,,,,,,,,,,,,,,,,,,,,,,,,,,,,,,,,,,,,,,,,,,,,,,,,,,,,,,,,,,,,,,,,,
SRR4453772,SRS1761834,SAMN03859986,SRA,55.0,-21.9892,-176.568,2044C,86179201.0,Illumina HiSeq 2500,rock,0.06804417831,Pacific_Ocean,Lau_Basin,Lau_Basin,Tu’i Malila vent field,Tu’i Malila vent field,vent,deep_vent,deep_vent,plate margin,convergent,oceanic_subduction,,oxidized,subaerial,subaerial_saltwater,,basalt,igneous,basalt,310030.0,Mariner Vent Field,-22.181944,-176.60056,21.6982325,"Chalcopyrite,Fluorite,Molysite,Periclase,Pyrite,Sphalerite,Sulphur,Troilite",-1876.0,11.3,,6.2,,,,,,,,0.38,11.0,,,,0.0265,,,,,,,,,,,,,,0.1061,0.0196,,,,,,,0.2,,,,,,,,,,,,,,,,,,,,,,,,,,,,,,MORB,BLAU9,whole_rock,BASALT,BLAU9,-21.04,-176.259,98.33,53.78,1.61,14.06,,,12.74,0.22,4.19,8.43,2.88,0.25,,0.17,66.0,37.2,0.4,25.0,372.0,100.9,58.1,0.46,8.97,34.0,5.47,3.51,1.12,16.6,4.52,,1.22,2.82,8.1,0.56,1.25,8.81,1.0,1.59,3.88,36.3,3.06,0.76,127.0,0.09,0.81,0.178,1.34,0.042,0.077,0.07,34.5,3.55,78.8,47.96333335,1.738333335,15.28833335,3.680833335,6.975,10.28705064,0.173166665,7.475,10.05333335,2.664166665,0.836666665,0.364916665,10.44951868,162.630641,0.0,160.1401161,,236.7423075,2.507100725,1189.828416,116.515802,65.81102945,5.235740415,22.81014184,ker,-111.2217636,45.35737991,11.12968159,70.51502228,-2021.747482,211.2572016,4.041479379,3124.4595,14.73537359,,-26.01613617,77.95554904,0.1055919112
SRR5189948,SRS1930051,SAMN06226864,SRA,54.0,18.902,-155.257,Marker 39,26658946.0,Illumina MiSeq,biofilm,0.1572932519,Pacific_Ocean,Loihi_Seamount,Loihi_Seamount,Marker 39,Marker 39,vent,deep_vent,deep_vent,intraplate,hotspot,oceanic hotspot,,reduced,subaerial,subaerial_saltwater,,basalt,igneous,basalt,16696.0,Lo'ihi Seamount,18.9,-155.25,0.80414063,"Bornite,Nontronite,Pyrite,Sphalerite",-1300.0,33.0,,5.5,,,,,,,,0.25,35.0,,,,7.5,,,0.01085718,0.05469425,0.25813118,,,,,,,,,,,,,,,,2.579808,,,,,,,,,,,,,,,,,,,,,,,,,,,,,,,EarthChem,1804-19,whole_rock,"IGNEOUS,VOLCANIC,MAFIC,BASALT",1804-19,18.95,-155.27,99.19,48.73,3.76,13.82,,,12.75,0.2,5.17,10.21,3.33,0.88,,0.34,100.0,41.0,,50.0,435.0,139.0,227.0,,54.8,46.0,8.07,4.01,2.45,,7.6,,1.25,22.9,,0.45,23.44,32.1,,7.08,16.82,25.0,8.81,,509.0,1.64,1.44,1.61,,,0.46,,37.04,3.02,213.0,47.96333335,1.738333335,15.28833335,3.680833335,6.975,10.28705064,0.173166665,7.475,10.05333335,2.664166665,0.836666665,0.364916665,11.70939583,69.73287297,0.0,44.5388357,,3757.170715,3579.18816,29.14813101,4.162400807,57.46485912,7.035161691,63.33257681,,,,,,-1344.568817,3579.18816,,3786.14736,45.03317954,,,4454.718136,90.79949389
SRR5189952,SRS1930053,SAMN06226860,SRA,54.0,18.903,-155.257,Marker 57,146045612.0,Illumina HiSeq 2000,biofilm,0.1074259981,Pacific_Ocean,Loihi_Seamount,Loihi_Seamount,Marker 57,Marker 57,vent,deep_vent,deep_vent,intraplate,hotspot,oceanic hotspot,,reduced,subaerial,subaerial_saltwater,,basalt,igneous,basalt,16696.0,Lo'ihi Seamount,18.9,-155.25,0.83524293,"Bornite,Nontronite,Pyrite,Sphalerite",-1178.0,25.6,,5.5,,,,,,,,0.4,35.0,,,,3.0,,,0.0,0.03780974,0.35718593,,,,,,,,,,,,,,,,,,,,,,,,,,,,,,,,,,,,,,,,,,,,,,,EarthChem,1804-19,whole_rock,"IGNEOUS,VOLCANIC,MAFIC,BASALT",1804-19,18.95,-155.27,99.19,48.73,3.76,13.82,,,12.75,0.2,5.17,10.21,3.33,0.88,,0.34,100.0,41.0,,50.0,435.0,139.0,227.0,,54.8,46.0,8.07,4.01,2.45,,7.6,,1.25,22.9,,0.45,23.44,32.1,,7.08,16.82,25.0,8.81,,509.0,1.64,1.44,1.61,,,0.46,,37.04,3.02,213.0,47.96333335,1.738333335,15.28833335,3.680833335,6.975,10.28705064,0.173166665,7.475,10.05333335,2.664166665,0.836666665,0.364916665,11.72288187,69.78198278,0.0,44.52683135,,3757.091436,3579.105579,29.10932443,4.147243055,57.46439687,7.035129323,63.33437712,,,,,,-1331.251023,3579.105579,,3786.072078,44.93090759,,,4454.85898,90.79917341
SRR5211068,SRS1945965,SAMN06267294,SRA,56.0,36.53,25.49,2SBTROV12_ACTIVE470,97733060.0,Illumina HiSeq 2500,fluid,0.4154071819,Mediterranean_Sea,Aegean_Sea,Aegean_sea,Kolumbo volcano,chimney V59,vent,deep_vent,deep_vent,plate margin,convergent,oceanic_subduction,,oxidized,subaerial,subaerial_saltwater,3149154.0,submarine continental crust,igneous,basalt,253452.0,Kolumbo Submarine Volcano,36.5166667,25.4916667,1.35104517,"Galena,Baryte,Gypsum,Orpiment,Pyrite,Realgar,Sphalerite",-505.0,,,,,,,,,,,,7.1,,,,,,,,,,1740.0,200.0,300.0,200.0,,,,,,,,,535.0,1660.0,10.0,241000.0,,9.83,2.67,1.7,10000.0,100.0,400.0,23.9,0.01,0.074,1.39,0.886,18.3,,,0.002,0.091,0.1,10000.0,1.0,0.04,0.02,43.4,0.01,10.0,890.0,0.082,0.338,0.045,0.14,Publication,https://doi.org/10.1002/2016GC006398,whole_rock,ANDESITE,NA007-115,36.518321,25.480971,99.998,60.15,0.84,17.66,,6.23,6.23,0.15,2.5,6.33,3.82,2.1,0.042,0.176,13.6,12.57,0.38,1.69,124.7,,357.4,1.37,34.08,1.11,3.9,2.42,1.18,17.81,3.82,,0.82,16.55,9.65,0.377,9.76,17.17,10.0,4.2,35.5,20.89,3.81,,538.6,0.614,0.628,5.0,4122.0,0.48,1.37,0.15,24.22,2.47,151.1,47.96333335,1.738333335,15.28833335,3.680833335,6.975,10.28705064,0.173166665,7.475,10.05333335,2.664166665,0.836666665,0.364916665,23.63277478,3577.372702,0.0,43.22336096,,250.5244723,1009.149592,944.1369686,16.19213858,60.72357939,1.748608246,,hel,-107.1049576,28.20862198,1.022092462,226.6505127,-197.105075,1936.040195,4.253800541,598.7207566,28.57609668,1.0,-18.04494095,107.9804145,
SRR5214705,SRS1946334,SAMN06266162,SRA,4.0,-22.53,30.68,Sagole hot spring metaG,46609103.0,Illumina HiSeq 2500,fluid,0.1773359213,Africa,South_Africa,South_Africa,Sagole Hot Spring,Sagole Hot Spring,spring,hot_spring,hot_spring,intraplate,hotspot,oceanic hotspot,,mild_reduced,aerial,aerial,3189847.0,mafic,igneous,basalt,54251.0,Pafuri Nickel Deposit,-22.333333,31.0,40.2324405,"Annabergite,Calcite,Gaspeite,Glaukosphaerite,Hellyerite,Millerite,Nepouite,Otwayite,Polydymite,Sphalerite,Tetradymite,Violarite,Zaratite",841.0,45.0,2.058,9.7,,,,,,,,,,1.01,47.85,18.2,,0.15383,0.0,,,0.0,65.15,1.1,0.07,1.31,,,,,,,,,0.00131,0.00211,3.0,,0.0064,0.00159,0.0,0.02199,0.00617,,,0.02576,5e-05,,0.008,,,,,,,0.04077,0.00294,,,,0.07495,,0.03024,,0.00112,0.00328,,,EarthChem,Z4,whole_rock,"IGNEOUS,VOLCANIC,PICRITE",Z4,-22.0502,29.6502,96.5437504,48.76,3.18,8.18,11.84,,10.6537504,0.14,14.16,7.29,1.38,2.31,,0.49,,63.3,,693.8,241.5,,1051.035258,,132.7896946,960.2,6.055328837,2.490270685,3.609593544,,11.03735472,,0.9708715517,72.40712528,,0.2356664508,15.25337186,71.3085856,7.357989061,17.4949866,31.18219716,29.1,13.39773051,,1068.107158,1.73019999,1.181672408,4.648010441,,,0.9248516463,,24.15302775,1.813332722,399.1855661,47.96333335,1.738333335,15.28833335,3.680833335,6.975,10.28705064,0.173166665,7.475,10.05333335,2.664166665,0.836666665,0.364916665,42.05838334,,126.906,402.4823723,,5833.687871,2331.802191,1751.452646,1508.967915,53.45601058,3.001393399,,,,,,,461.899168,2331.802191,,14.92789138,294.1463408,,,423.7236597,
SRR5214706,SRS1946335,SAMN06264664,SRA,5.0,-22.61,30.17,Tshipise hot spring metaG,55773143.0,Illumina HiSeq 2500,fluid,0.4540295434,Africa,South_Africa,South_Africa,Tshipise Hot Spring,Tshipise Hot Spring,spring,hot_spring,hot_spring,intraplate,hotspot,oceanic hotspot,,mild_reduced,aerial,aerial,3189847.0,mafic,igneous,basalt,57024.0,Barend Farm,-22.566667,29.9166667,28.476514,"Corundum,Fluorapatite,Quartz",416.0,58.0,4.487,8.85,,,,,,,,,,5.63,168.97,53.17,,,0.61,,,0.0,156.31,4.25,0.17,5.58,,,,,,,,,,1.0,,,0.1,,0.15,,5.0,,,,,,0.1,,,,,,,,0.08,0.02,,,,,,,,,,,EarthChem,Z4,whole_rock,"IGNEOUS,VOLCANIC,PICRITE",Z4,-22.0502,29.6502,96.5437504,48.76,3.18,8.18,11.84,,10.6537504,0.14,14.16,7.29,1.38,2.31,,0.49,,63.3,,693.8,241.5,,1051.035258,,132.7896946,960.2,6.055328837,2.490270685,3.609593544,,11.03735472,,0.9708715517,72.40712528,,0.2356664508,15.25337186,71.3085856,7.357989061,17.4949866,31.18219716,29.1,13.39773051,,1068.107158,1.73019999,1.181672408,4.648010441,,,0.9248516463,,24.15302775,1.813332722,399.1855661,47.96333335,1.738333335,15.28833335,3.680833335,6.975,10.28705064,0.173166665,7.475,10.05333335,2.664166665,0.836666665,0.364916665,41.78029704,,43.9057,432.3978791,,5796.950361,2347.793125,1797.721035,1530.43878,53.49204121,3.01801975,,,,,,,538.00596,2347.793125,,15.95093002,347.0086975,,,452.9923543,
SRR5216251,SRS1947324,SAMN06265911,SRA,1.0,37.41,-118.5,Mat layer C,48476907.0,Illumina HiSeq 2500,biofilm,0.002047648559,North_America,USA,California,Little Hot Creek,Cone Pool,spring,hot_spring,hot_spring,intraplate,rift,continental rift,,mild_reduced,aerial,aerial,3186305.0,basalt,igneous,basalt,215302.0,Deep Canyon,37.3616667,-118.51,2.79552504,"Molybdenite,Phlogopite,Scheelite",2164.0,45.6,,8.1,,,,11.98,,,,40.078,6.0,,,,,,,,,,402.07761,0.027363,715.0531,17.23354,2.8,10.6,30.0,50.0,,,0.74,0.26,,,,,,,,,,,,,,,,,,,,,,,,,,,,,,,,,,,EarthChem,D529473,whole_rock,"IGNEOUS,PLUTONIC,FELSIC,RHYOLITE",D529473,37.40972,-118.52,95.454848,73.7,0.08,12.1,0.8,,0.719848,0.04,0.05,0.54,2.98,5.22,,0.025,,,,,,,,,,,,,,,,,,,,,,,,,,,,,,,,,,,,,,,,47.96333335,1.738333335,15.28833335,3.680833335,6.975,10.28705064,0.173166665,7.475,10.05333335,2.664166665,0.836666665,0.364916665,39.4126532,,91.0447,303.4272397,,630.1628227,152.4720076,967.2627827,45.88570263,95.37396891,2.070275841,,,,,,,1356.7405,782.2215766,,4.765379764,9.822314842,,,1255.102886,
SRR5216256,SRS1947329,SAMN06266020,SRA,1.0,37.41,-118.5,Mat layer H,41521047.0,Illumina HiSeq 2500,biofilm,0.6471778258,North_America,USA,California,Little Hot Creek,Cone Pool,spring,hot_spring,hot_spring,intraplate,rift,continental rift,,mild_reduced,aerial,aerial,3186305.0,basalt,igneous,basalt,215302.0,Deep Canyon,37.3616667,-118.51,2.79552504,"Molybdenite,Phlogopite,Scheelite",2164.0,45.6,,8.1,,,,11.98,,,,40.078,6.0,,,,,,,,,,402.07761,0.027363,715.0531,17.23354,2.8,10.6,30.0,50.0,,,0.74,0.26,,,,,,,,,,,,,,,,,,,,,,,,,,,,,,,,,,,EarthChem,D529473,whole_rock,"IGNEOUS,PLUTONIC,FELSIC,RHYOLITE",D529473,37.40972,-118.52,95.454848,73.7,0.08,12.1,0.8,,0.719848,0.04,0.05,0.54,2.98,5.22,,0.025,,,,,,,,,,,,,,,,,,,,,,,,,,,,,,,,,,,,,,,,47.96333335,1.738333335,15.28833335,3.680833335,6.975,10.28705064,0.173166665,7.475,10.05333335,2.664166665,0.836666665,0.364916665,39.4126532,,91.0447,303.4272397,,630.1628227,152.4720076,967.2627827,45.88570263,95.37396891,2.070275841,,,,,,,1356.7405,782.2215766,,4.765379764,9.822314842,,,1255.102886,
SRR5247127,SRS1971322,SAMN06268698,SRA,20.0,44.73883,-110.32578,JC2_E,125546519.0,Illumina HiSeq 2000,biofilm,1.250424826,North_America,USA,YNP,Mirror Plateau,Joseph's Coat,spring,hot_spring,hot_spring,intraplate,hotspot,continental hotspot,,reduced,aerial,aerial,958230.0,felsic,igneous,granite,292793.0,Amethyst Mountain,44.8286111,-110.25417,8.68300903,Quartz,2743.0,88.0,0.563,2.6,,,,,,0.0029,0.0002,,5.5,0.172,0.3742,539.366,0.2842,,0.0232,,34.2257,,28.1333,38.7167,1.7054,13.0427,,,,,,,,,,,,7.9092,0.325,,,,0.18,,2.8098,0.125,,,,,,,,,,,,,,,,,,,,,,,EarthChem,923,whole_rock,"IGNEOUS,VOLCANIC,FELSIC,RHYOLITE",923,44.6978,-110.2935,100.0000102,75.99150812,0.3412263288,12.51351381,,,2.158470404,0.0224273963,0.08238405374,0.6457942638,3.277196881,4.932418643,,0.03507034149,1.3,,,2.0,,63.6,1001.482644,,156.4,2.8,13.21563362,7.040013771,1.892736746,20.0,12.91054128,,2.614780679,82.72333345,,0.9317781193,48.8,67.14719156,26.3,18.45594284,171.1,,13.82864469,,70.3,3.44244731,2.175955396,23.71871299,,,5.331135967,,66.48903613,6.2556595,372.7249514,71.0227778,0.305875,14.405,1.08777778,1.415,2.393793324,0.04922222,0.65127778,1.79277778,3.77888889,4.32888889,0.24788889,41.62729011,,590.923,966.8766136,,1191.097327,834.9590313,98.12131072,43.86368736,100.1771522,1.812681201,,,,,,,2525.976142,1318.414243,,15.87033215,22.19253185,,,1918.758879,
SRR5248299,SRS1972149,SAMN06268589,SRA,14.0,44.61,-110.44,site 3 bottle 8,20825965.0,Illumina HiSeq 2000,,0.4690366105,North_America,USA,YNP,Hayden Valley,Obsidian Pool,spring,hot_spring,hot_spring,intraplate,hotspot,continental hotspot,,reduced,aerial,aerial,958230.0,felsic,igneous,granite,277797.0,Grand Canyon Of The Yellowstone,44.7527778,-110.40528,6.75254786,"Alunite,Buddingtonite,Dickite,Kaolinite,Muscovite,Opal,Pyrite,Quartz,Slawsonite",2396.0,56.0,0.156,5.7,,,,7.0,0.16,0.0014,0.0,0.42,17.0,0.0,296.0,240.2,2.8,,0.4,0.09,0.0,,285.75,33.23,0.6,5.21,,,,,,,,,,,,170.3,0.0,,,,0.0,,0.3,0.1,,,,,,,,,,,,,,,,,,,,,,,EarthChem,08CP39,whole_rock,"IGNEOUS,VOLCANIC,FELSIC,RHYOLITE",08CP39,44.733,-110.4458,100.0,76.02947143,0.3455296669,12.5636267,,,1.934763715,0.02184103753,0.0266788577,0.658986003,3.394196417,4.993490703,,0.03141546825,0.5,,,0.3360906463,3.6,56.8,1083.609687,,146.8,3.1,12.67779673,6.67443179,1.950485326,20.5,12.48464798,,2.48913948,77.20333599,,0.9002606461,49.40169468,66.12158842,30.4,18.01976937,173.9158838,5.9,13.90374048,,76.14910452,3.405900219,2.12221546,24.23505446,,,5.802778734,,62.49148187,5.896444724,375.4,71.0227778,0.305875,14.405,1.08777778,1.415,2.393793324,0.04922222,0.65127778,1.79277778,3.77888889,4.32888889,0.24788889,41.53017046,,283.689,964.1943262,,1183.388421,818.6900278,81.1837678,27.07051284,100.2267623,1.810843228,,,,,,,2458.209076,1308.863814,,20.29809204,20.05125858,,,1904.051412,
SRR5248300,SRS1972150,SAMN06268588,SRA,14.0,44.61,-110.44,site 2 bottle 7,30154664.0,Illumina HiSeq 2000,,0.0221364921,North_America,USA,YNP,Hayden Valley,Obsidian Pool,spring,hot_spring,hot_spring,intraplate,hotspot,continental hotspot,,reduced,aerial,aerial,958230.0,felsic,igneous,granite,277797.0,Grand Canyon Of The Yellowstone,44.7527778,-110.40528,6.75254786,"Alunite,Buddingtonite,Dickite,Kaolinite,Muscovite,Opal,Pyrite,Quartz,Slawsonite",2396.0,56.0,0.156,5.7,,,,7.0,0.16,0.0014,0.0,0.42,17.0,0.0,296.0,240.2,2.8,,0.4,0.09,0.0,,285.75,33.23,0.6,5.21,,,,,,,,,,,,170.3,0.0,,,,0.0,,0.3,0.1,,,,,,,,,,,,,,,,,,,,,,,EarthChem,08CP39,whole_rock,"IGNEOUS,VOLCANIC,FELSIC,RHYOLITE",08CP39,44.733,-110.4458,100.0,76.02947143,0.3455296669,12.5636267,,,1.934763715,0.02184103753,0.0266788577,0.658986003,3.394196417,4.993490703,,0.03141546825,0.5,,,0.3360906463,3.6,56.8,1083.609687,,146.8,3.1,12.67779673,6.67443179,1.950485326,20.5,12.48464798,,2.48913948,77.20333599,,0.9002606461,49.40169468,66.12158842,30.4,18.01976937,173.9158838,5.9,13.90374048,,76.14910452,3.405900219,2.12221546,24.23505446,,,5.802778734,,62.49148187,5.896444724,375.4,71.0227778,0.305875,14.405,1.08777778,1.415,2.393793324,0.04922222,0.65127778,1.79277778,3.77888889,4.32888889,0.24788889,41.53017046,,283.689,964.1943262,,1183.388421,818.6900278,81.1837678,27.07051284,100.2267623,1.810843228,,,,,,,2458.209076,1308.863814,,20.29809204,20.05125858,,,1904.051412,
SRR5248301,SRS1972151,SAMN06268446,SRA,14.0,44.61,-110.44,site 1 bottle 13,30012382.0,Illumina HiSeq 2000,,0.4929689024,North_America,USA,YNP,Hayden Valley,Obsidian Pool,spring,hot_spring,hot_spring,intraplate,hotspot,continental hotspot,,reduced,aerial,aerial,958230.0,felsic,igneous,granite,277797.0,Grand Canyon Of The Yellowstone,44.7527778,-110.40528,6.75254786,"Alunite,Buddingtonite,Dickite,Kaolinite,Muscovite,Opal,Pyrite,Quartz,Slawsonite",2396.0,56.0,0.156,5.7,,,,7.0,0.16,0.0014,0.0,0.42,17.0,0.0,296.0,240.2,2.8,,0.4,0.09,0.0,,285.75,33.23,0.6,5.21,,,,,,,,,,,,170.3,0.0,,,,0.0,,0.3,0.1,,,,,,,,,,,,,,,,,,,,,,,EarthChem,08CP39,whole_rock,"IGNEOUS,VOLCANIC,FELSIC,RHYOLITE",08CP39,44.733,-110.4458,100.0,76.02947143,0.3455296669,12.5636267,,,1.934763715,0.02184103753,0.0266788577,0.658986003,3.394196417,4.993490703,,0.03141546825,0.5,,,0.3360906463,3.6,56.8,1083.609687,,146.8,3.1,12.67779673,6.67443179,1.950485326,20.5,12.48464798,,2.48913948,77.20333599,,0.9002606461,49.40169468,66.12158842,30.4,18.01976937,173.9158838,5.9,13.90374048,,76.14910452,3.405900219,2.12221546,24.23505446,,,5.802778734,,62.49148187,5.896444724,375.4,71.0227778,0.305875,14.405,1.08777778,1.415,2.393793324,0.04922222,0.65127778,1.79277778,3.77888889,4.32888889,0.24788889,41.53017046,,283.689,964.1943262,,1183.388421,818.6900278,81.1837678,27.07051284,100.2267623,1.810843228,,,,,,,2458.209076,1308.863814,,20.29809204,20.05125858,,,1904.051412,
SRR5248302,SRS1972152,SAMN06268447,SRA,14.0,44.61,-110.44,site 1 bottle 14,27260101.0,Illumina HiSeq 2000,,0.2185987564,North_America,USA,YNP,Hayden Valley,Obsidian Pool,spring,hot_spring,hot_spring,intraplate,hotspot,continental hotspot,,reduced,aerial,aerial,958230.0,felsic,igneous,granite,277797.0,Grand Canyon Of The Yellowstone,44.7527778,-110.40528,6.75254786,"Alunite,Buddingtonite,Dickite,Kaolinite,Muscovite,Opal,Pyrite,Quartz,Slawsonite",2396.0,56.0,0.156,5.7,,,,7.0,0.16,0.0014,0.0,0.42,17.0,0.0,296.0,240.2,2.8,,0.4,0.09,0.0,,285.75,33.23,0.6,5.21,,,,,,,,,,,,170.3,0.0,,,,0.0,,0.3,0.1,,,,,,,,,,,,,,,,,,,,,,,EarthChem,08CP39,whole_rock,"IGNEOUS,VOLCANIC,FELSIC,RHYOLITE",08CP39,44.733,-110.4458,100.0,76.02947143,0.3455296669,12.5636267,,,1.934763715,0.02184103753,0.0266788577,0.658986003,3.394196417,4.993490703,,0.03141546825,0.5,,,0.3360906463,3.6,56.8,1083.609687,,146.8,3.1,12.67779673,6.67443179,1.950485326,20.5,12.48464798,,2.48913948,77.20333599,,0.9002606461,49.40169468,66.12158842,30.4,18.01976937,173.9158838,5.9,13.90374048,,76.14910452,3.405900219,2.12221546,24.23505446,,,5.802778734,,62.49148187,5.896444724,375.4,71.0227778,0.305875,14.405,1.08777778,1.415,2.393793324,0.04922222,0.65127778,1.79277778,3.77888889,4.32888889,0.24788889,41.53017046,,283.689,964.1943262,,1183.388421,818.6900278,81.1837678,27.07051284,100.2267623,1.810843228,,,,,,,2458.209076,1308.863814,,20.29809204,20.05125858,,,1904.051412,
SRR5248365,SRS1972187,SAMN06268448,SRA,14.0,44.61,-110.44,site 1 bottle C1,40333598.0,Illumina HiSeq 2000,,0.06899241944,North_America,USA,YNP,Hayden Valley,Obsidian Pool,spring,hot_spring,hot_spring,intraplate,hotspot,continental hotspot,,reduced,aerial,aerial,958230.0,felsic,igneous,granite,277797.0,Grand Canyon Of The Yellowstone,44.7527778,-110.40528,6.75254786,"Alunite,Buddingtonite,Dickite,Kaolinite,Muscovite,Opal,Pyrite,Quartz,Slawsonite",2396.0,56.0,0.156,5.7,,,,7.0,0.16,0.0014,0.0,0.42,17.0,0.0,296.0,240.2,2.8,,0.4,0.09,0.0,,285.75,33.23,0.6,5.21,,,,,,,,,,,,170.3,0.0,,,,0.0,,0.3,0.1,,,,,,,,,,,,,,,,,,,,,,,EarthChem,08CP39,whole_rock,"IGNEOUS,VOLCANIC,FELSIC,RHYOLITE",08CP39,44.733,-110.4458,100.0,76.02947143,0.3455296669,12.5636267,,,1.934763715,0.02184103753,0.0266788577,0.658986003,3.394196417,4.993490703,,0.03141546825,0.5,,,0.3360906463,3.6,56.8,1083.609687,,146.8,3.1,12.67779673,6.67443179,1.950485326,20.5,12.48464798,,2.48913948,77.20333599,,0.9002606461,49.40169468,66.12158842,30.4,18.01976937,173.9158838,5.9,13.90374048,,76.14910452,3.405900219,2.12221546,24.23505446,,,5.802778734,,62.49148187,5.896444724,375.4,71.0227778,0.305875,14.405,1.08777778,1.415,2.393793324,0.04922222,0.65127778,1.79277778,3.77888889,4.32888889,0.24788889,41.53017046,,283.689,964.1943262,,1183.388421,818.6900278,81.1837678,27.07051284,100.2267623,1.810843228,,,,,,,2458.209076,1308.863814,,20.29809204,20.05125858,,,1904.051412,
SRR5248875,SRS1972397,SAMN06268369,SRA,14.0,44.61,-110.44,OP-RAMG-01,143830024.0,Illumina HiSeq 2000,,0.16782269,North_America,USA,YNP,Hayden Valley,Obsidian Pool,spring,hot_spring,hot_spring,intraplate,hotspot,continental hotspot,,reduced,aerial,aerial,958230.0,felsic,igneous,granite,277797.0,Grand Canyon Of The Yellowstone,44.7527778,-110.40528,6.75254786,"Alunite,Buddingtonite,Dickite,Kaolinite,Muscovite,Opal,Pyrite,Quartz,Slawsonite",2396.0,56.0,0.156,5.7,,,,7.0,0.16,0.0014,0.0,0.42,17.0,0.0,296.0,240.2,2.8,,0.4,0.09,0.0,,285.75,33.23,0.6,5.21,,,,,,,,,,,,170.3,0.0,,,,0.0,,0.3,0.1,,,,,,,,,,,,,,,,,,,,,,,EarthChem,08CP39,whole_rock,"IGNEOUS,VOLCANIC,FELSIC,RHYOLITE",08CP39,44.733,-110.4458,100.0,76.02947143,0.3455296669,12.5636267,,,1.934763715,0.02184103753,0.0266788577,0.658986003,3.394196417,4.993490703,,0.03141546825,0.5,,,0.3360906463,3.6,56.8,1083.609687,,146.8,3.1,12.67779673,6.67443179,1.950485326,20.5,12.48464798,,2.48913948,77.20333599,,0.9002606461,49.40169468,66.12158842,30.4,18.01976937,173.9158838,5.9,13.90374048,,76.14910452,3.405900219,2.12221546,24.23505446,,,5.802778734,,62.49148187,5.896444724,375.4,71.0227778,0.305875,14.405,1.08777778,1.415,2.393793324,0.04922222,0.65127778,1.79277778,3.77888889,4.32888889,0.24788889,41.53017046,,283.689,964.1943262,,1183.388421,818.6900278,81.1837678,27.07051284,100.2267623,1.810843228,,,,,,,2458.209076,1308.863814,,20.29809204,20.05125858,,,1904.051412,
SRR5273245,SRS1992181,SAMN06267762,SRA,12.0,44.38,-110.69,PS_A,48150912.0,Illumina HiSeq 2500,,0.08159942433,North_America,USA,YNP,Gibbon Canyon,Perpetual Spouter,spring,hot_spring,hot_spring,intraplate,hotspot,continental hotspot,,reduced,aerial,aerial,958230.0,felsic,igneous,granite,248603.0,Norris Geyser Basin,44.7261111,-110.70306,13.6788136,Sulphur,2288.0,89.8,1.286,6.7,0.0112,,,,0.0417,,0.0001,,12.15,6.3889,803.0958,42.4456,0.0002,2.465,0.037,0.046,0.5,,466.0,55.1801,0.087,10.2,,,,,,,,,0.0001,,1.0,0.1337,0.046,0.087,,,0.001,,0.141,0.02,0.002,,0.0008,,,,,,,6.1969,,,,,0.036,,,,,,,,EarthChem,D101812,whole_rock,"IGNEOUS,VOLCANIC,FELSIC,RHYOLITE",D101811,44.3667,-110.617,99.3039126,76.44,0.14,12.09,0.46,1.0,1.4139126,0.04,,0.45,3.55,5.16,,0.02,2.0,1.0,6.0,2.0,2.5,10.0,190.0,,,0.5,,,,17.0,,,,120.0,,,57.0,,26.0,,,3.0,,0.5,10.0,,,,0.094,,,,88.0,8.0,250.0,71.0227778,0.305875,14.405,1.08777778,1.415,2.393793324,0.04922222,0.65127778,1.79277778,3.77888889,4.32888889,0.24788889,41.96675448,,187.902,956.701269,,1166.353634,786.8894082,48.96070383,5.121611947,97.86032038,1.807915798,,,,,,,2383.333032,1288.413508,,20.16405378,35.46835719,,,1877.802382,
SRR5273271,SRS1992207,SAMN06267763,SRA,12.0,44.38,-110.69,PS_B,47061671.0,Illumina HiSeq 2500,,0.4919244149,North_America,USA,YNP,Gibbon Canyon,Perpetual Spouter,spring,hot_spring,hot_spring,intraplate,hotspot,continental hotspot,,reduced,aerial,aerial,958230.0,felsic,igneous,granite,248603.0,Norris Geyser Basin,44.7261111,-110.70306,13.6788136,Sulphur,2288.0,89.8,1.286,6.7,0.0112,,,,0.0417,,0.0001,,12.15,6.3889,803.0958,42.4456,0.0002,2.465,0.037,0.046,0.5,,466.0,55.1801,0.087,10.2,,,,,,,,,0.0001,,1.0,0.1337,0.046,0.087,,,0.001,,0.141,0.02,0.002,,0.0008,,,,,,,6.1969,,,,,0.036,,,,,,,,EarthChem,D101812,whole_rock,"IGNEOUS,VOLCANIC,FELSIC,RHYOLITE",D101811,44.3667,-110.617,99.3039126,76.44,0.14,12.09,0.46,1.0,1.4139126,0.04,,0.45,3.55,5.16,,0.02,2.0,1.0,6.0,2.0,2.5,10.0,190.0,,,0.5,,,,17.0,,,,120.0,,,57.0,,26.0,,,3.0,,0.5,10.0,,,,0.094,,,,88.0,8.0,250.0,71.0227778,0.305875,14.405,1.08777778,1.415,2.393793324,0.04922222,0.65127778,1.79277778,3.77888889,4.32888889,0.24788889,41.96675448,,187.902,956.701269,,1166.353634,786.8894082,48.96070383,5.121611947,97.86032038,1.807915798,,,,,,,2383.333032,1288.413508,,20.16405378,35.46835719,,,1877.802382,
SRR5273272,SRS1992208,SAMN06267764,SRA,12.0,44.38,-110.69,PS_C,36288404.0,Illumina HiSeq 2500,,0.7209130157,North_America,USA,YNP,Gibbon Canyon,Perpetual Spouter,spring,hot_spring,hot_spring,intraplate,hotspot,continental hotspot,,reduced,aerial,aerial,958230.0,felsic,igneous,granite,248603.0,Norris Geyser Basin,44.7261111,-110.70306,13.6788136,Sulphur,2288.0,89.8,1.286,6.7,0.0112,,,,0.0417,,0.0001,,12.15,6.3889,803.0958,42.4456,0.0002,2.465,0.037,0.046,0.5,,466.0,55.1801,0.087,10.2,,,,,,,,,0.0001,,1.0,0.1337,0.046,0.087,,,0.001,,0.141,0.02,0.002,,0.0008,,,,,,,6.1969,,,,,0.036,,,,,,,,EarthChem,D101812,whole_rock,"IGNEOUS,VOLCANIC,FELSIC,RHYOLITE",D101811,44.3667,-110.617,99.3039126,76.44,0.14,12.09,0.46,1.0,1.4139126,0.04,,0.45,3.55,5.16,,0.02,2.0,1.0,6.0,2.0,2.5,10.0,190.0,,,0.5,,,,17.0,,,,120.0,,,57.0,,26.0,,,3.0,,0.5,10.0,,,,0.094,,,,88.0,8.0,250.0,71.0227778,0.305875,14.405,1.08777778,1.415,2.393793324,0.04922222,0.65127778,1.79277778,3.77888889,4.32888889,0.24788889,41.96675448,,187.902,956.701269,,1166.353634,786.8894082,48.96070383,5.121611947,97.86032038,1.807915798,,,,,,,2383.333032,1288.413508,,20.16405378,35.46835719,,,1877.802382,
SRR5273290,SRS1992226,SAMN06267626,SRA,12.0,44.38,-110.69,NAG2,50398470.0,Illumina HiSeq 2500,,0.08404837206,North_America,USA,YNP,Gibbon Canyon,Perpetual Spouter,spring,hot_spring,hot_spring,intraplate,hotspot,continental hotspot,,reduced,aerial,aerial,958230.0,felsic,igneous,granite,248603.0,Norris Geyser Basin,44.7261111,-110.70306,13.6788136,Sulphur,2288.0,89.8,1.286,6.7,0.0112,,,,0.0417,,0.0001,,12.15,6.3889,803.0958,42.4456,0.0002,2.465,0.037,0.046,0.5,,466.0,55.1801,0.087,10.2,,,,,,,,,0.0001,,1.0,0.1337,0.046,0.087,,,0.001,,0.141,0.02,0.002,,0.0008,,,,,,,6.1969,,,,,0.036,,,,,,,,EarthChem,D101812,whole_rock,"IGNEOUS,VOLCANIC,FELSIC,RHYOLITE",D101811,44.3667,-110.617,99.3039126,76.44,0.14,12.09,0.46,1.0,1.4139126,0.04,,0.45,3.55,5.16,,0.02,2.0,1.0,6.0,2.0,2.5,10.0,190.0,,,0.5,,,,17.0,,,,120.0,,,57.0,,26.0,,,3.0,,0.5,10.0,,,,0.094,,,,88.0,8.0,250.0,71.0227778,0.305875,14.405,1.08777778,1.415,2.393793324,0.04922222,0.65127778,1.79277778,3.77888889,4.32888889,0.24788889,41.96675448,,187.902,956.701269,,1166.353634,786.8894082,48.96070383,5.121611947,97.86032038,1.807915798,,,,,,,2383.333032,1288.413508,,20.16405378,35.46835719,,,1877.802382,
SRR5273315,SRS1992251,SAMN06267627,SRA,12.0,44.38,-110.69,NAG2,122646565.0,Illumina HiSeq 2500,,0.05963207926,North_America,USA,YNP,Gibbon Canyon,Perpetual Spouter,spring,hot_spring,hot_spring,intraplate,hotspot,continental hotspot,,reduced,aerial,aerial,958230.0,felsic,igneous,granite,248603.0,Norris Geyser Basin,44.7261111,-110.70306,13.6788136,Sulphur,2288.0,89.8,1.286,6.7,0.0112,,,,0.0417,,0.0001,,12.15,6.3889,803.0958,42.4456,0.0002,2.465,0.037,0.046,0.5,,466.0,55.1801,0.087,10.2,,,,,,,,,0.0001,,1.0,0.1337,0.046,0.087,,,0.001,,0.141,0.02,0.002,,0.0008,,,,,,,6.1969,,,,,0.036,,,,,,,,EarthChem,D101812,whole_rock,"IGNEOUS,VOLCANIC,FELSIC,RHYOLITE",D101811,44.3667,-110.617,99.3039126,76.44,0.14,12.09,0.46,1.0,1.4139126,0.04,,0.45,3.55,5.16,,0.02,2.0,1.0,6.0,2.0,2.5,10.0,190.0,,,0.5,,,,17.0,,,,120.0,,,57.0,,26.0,,,3.0,,0.5,10.0,,,,0.094,,,,88.0,8.0,250.0,71.0227778,0.305875,14.405,1.08777778,1.415,2.393793324,0.04922222,0.65127778,1.79277778,3.77888889,4.32888889,0.24788889,41.96675448,,187.902,956.701269,,1166.353634,786.8894082,48.96070383,5.121611947,97.86032038,1.807915798,,,,,,,2383.333032,1288.413508,,20.16405378,35.46835719,,,1877.802382,
SRR5273316,SRS1992252,SAMN06267628,SRA,12.0,44.38,-110.69,5D1_ECH,152159698.0,Illumina HiSeq 2500,,0.0,North_America,USA,YNP,Gibbon Canyon,Perpetual Spouter,spring,hot_spring,hot_spring,intraplate,hotspot,continental hotspot,,reduced,aerial,aerial,958230.0,felsic,igneous,granite,248603.0,Norris Geyser Basin,44.7261111,-110.70306,13.6788136,Sulphur,2288.0,89.8,1.286,6.7,0.0112,,,,0.0417,,0.0001,,12.15,6.3889,803.0958,42.4456,0.0002,2.465,0.037,0.046,0.5,,466.0,55.1801,0.087,10.2,,,,,,,,,0.0001,,1.0,0.1337,0.046,0.087,,,0.001,,0.141,0.02,0.002,,0.0008,,,,,,,6.1969,,,,,0.036,,,,,,,,EarthChem,D101812,whole_rock,"IGNEOUS,VOLCANIC,FELSIC,RHYOLITE",D101811,44.3667,-110.617,99.3039126,76.44,0.14,12.09,0.46,1.0,1.4139126,0.04,,0.45,3.55,5.16,,0.02,2.0,1.0,6.0,2.0,2.5,10.0,190.0,,,0.5,,,,17.0,,,,120.0,,,57.0,,26.0,,,3.0,,0.5,10.0,,,,0.094,,,,88.0,8.0,250.0,71.0227778,0.305875,14.405,1.08777778,1.415,2.393793324,0.04922222,0.65127778,1.79277778,3.77888889,4.32888889,0.24788889,41.96675448,,187.902,956.701269,,1166.353634,786.8894082,48.96070383,5.121611947,97.86032038,1.807915798,,,,,,,2383.333032,1288.413508,,20.16405378,35.46835719,,,1877.802382,
SRR5451031,SRS2126776,SAMN06706421,SRA,27.0,-42.27,-72.27,Porcelana 66DNA,10257666.0,Illumina HiSeq 2000,biofilm,0.02350182239,South_America,Chile,Chile,Porcelana Hot Spring,Porcelana Hot Spring,spring,hot_spring,hot_spring,plate margin,convergent,oceanic-continental subduction,,oxidized,aerial,aerial,3192580.0,intrusive igneous,igneous,,221685.0,Futalaufquen,-42.816667,-71.716667,64.3326418,"Barrerite,Offretite",1292.0,66.0,,6.8,,,,,,,,763.0,,,,,,,0.0065,1e-05,2e-05,0.115,,,,,,,,,,,,,,,,5e-05,,,,,,,,,,,,,,,,,,,,,,,,,,,,,,,EarthChem,822-6C,whole_rock,Igneous - Intermediate - Andesite,822-6C,-42.4,-72.6,98.828347,53.1,0.8,19.5,8.7,,7.828347,0.2,4.6,8.8,3.3,0.5,,0.2,30.0,15.0,0.8,8.0,172.0,80.0,178.0,,18.1,13.0,3.2,1.9,,20.0,3.3,,0.6,7.4,,0.3,5.0,12.1,,2.6,10.0,22.0,3.1,0.5,390.0,0.3,0.5,,,,0.3,,20.0,1.9,85.0,,,,,,,,,,,,,37.43818036,,269.163,12.58170871,46.0,258.3249458,525.7892428,1193.781562,28.36377876,77.7561397,1.246764048,,sam,-106.1213837,31.79025269,8.889191628,70.43766022,1208.254323,501.2632263,5.0383384,79.7760074,109.4471851,,-17.82413101,1184.653134,
SRR5451032,SRS2126778,SAMN06706403,SRA,27.0,-42.27,-72.27,Porcelana 58DNA,61682566.0,Illumina HiSeq 2000,biofilm,0.001542480367,South_America,Chile,Chile,Porcelana Hot Spring,Porcelana Hot Spring,spring,hot_spring,hot_spring,plate margin,convergent,oceanic-continental subduction,,oxidized,aerial,aerial,3192580.0,intrusive igneous,igneous,,221685.0,Futalaufquen,-42.816667,-71.716667,64.3326418,"Barrerite,Offretite",1292.0,58.0,,6.8,,,,,,,,916.0,,,,,,,0.0019,0.0001,1e-05,0.0384,,,,,,,,,,,,,,,,0.00014,,,,,,,,,,,,,,,,,,,,,,,,,,,,,,,EarthChem,822-6C,whole_rock,Igneous - Intermediate - Andesite,822-6C,-42.4,-72.6,98.828347,53.1,0.8,19.5,8.7,,7.828347,0.2,4.6,8.8,3.3,0.5,,0.2,30.0,15.0,0.8,8.0,172.0,80.0,178.0,,18.1,13.0,3.2,1.9,,20.0,3.3,,0.6,7.4,,0.3,5.0,12.1,,2.6,10.0,22.0,3.1,0.5,390.0,0.3,0.5,,,,0.3,,20.0,1.9,85.0,,,,,,,,,,,,,37.43818036,,269.163,12.58170871,46.0,258.3249458,525.7892428,1193.781562,28.36377876,77.7561397,1.246764048,,sam,-106.1213837,31.79025269,8.889191628,70.43766022,1208.254323,501.2632263,5.0383384,79.7760074,109.4471851,,-17.82413101,1184.653134,
SRR5451033,SRS2126777,SAMN06706385,SRA,27.0,-42.27,-72.27,Porcelana 48DNA,92870189.0,Illumina HiSeq 2000,biofilm,0.006350518478,South_America,Chile,Chile,Porcelana Hot Spring,Porcelana Hot Spring,spring,hot_spring,hot_spring,plate margin,convergent,oceanic-continental subduction,,oxidized,aerial,aerial,3192580.0,intrusive igneous,igneous,,221685.0,Futalaufquen,-42.816667,-71.716667,64.3326418,"Barrerite,Offretite",1292.0,48.0,,7.1,,,,,,,,1004.0,,,,,,,0.0012,0.0002,0.0001,0.0341,,,,,,,,,,,,,,,,6e-05,,,,,,,,,,,,,,,,,,,,,,,,,,,,,,,EarthChem,822-6C,whole_rock,Igneous - Intermediate - Andesite,822-6C,-42.4,-72.6,98.828347,53.1,0.8,19.5,8.7,,7.828347,0.2,4.6,8.8,3.3,0.5,,0.2,30.0,15.0,0.8,8.0,172.0,80.0,178.0,,18.1,13.0,3.2,1.9,,20.0,3.3,,0.6,7.4,,0.3,5.0,12.1,,2.6,10.0,22.0,3.1,0.5,390.0,0.3,0.5,,,,0.3,,20.0,1.9,85.0,,,,,,,,,,,,,37.43818036,,269.163,12.58170871,46.0,258.3249458,525.7892428,1193.781562,28.36377876,77.7561397,1.246764048,,sam,-106.1213837,31.79025269,8.889191628,70.43766022,1208.254323,501.2632263,5.0383384,79.7760074,109.4471851,,-17.82413101,1184.653134,
SRR5468438,SRS2139144,SAMN06267143,SRA,21.0,44.73,-110.71,BED_Mat_host_6_15,31107628.0,Illumina HiSeq 2500,biofilm,0.0,North_America,USA,YNP,Norris Geyser Basin,Beowulf Spring,spring,hot_spring,hot_spring,intraplate,hotspot,continental hotspot,,reduced,aerial,aerial,942539.0,felsic,igneous,granite,171336.0,Emerald Spring,44.7261111,-110.70333,0.75690347,Sulphur,2288.0,67.0,,2.9,,,,,,,,,9.0,,,,,,,,,,,,,,,,,,,,,,,,,,,,,,,,,,,,,,,,,,,,,,,,,,,,,,,,EarthChem,BN154A,whole_rock,"IGNEOUS,VOLCANIC,FELSIC,RHYOLITE",BN154A,44.5442,-110.8222,96.9901,73.81,0.245,11.96,,,1.62,0.04,0.2,0.68,3.08,5.24,0.0831,0.032,,,,,,,758.0,,151.0,,10.7,6.19,1.12,18.6,10.1,,2.11,75.7,,0.84,44.6,58.1,30.8,16.1,189.0,,11.3,,46.3,,1.7,24.5,,,5.8,,60.3,6.03,280.0,71.0227778,0.305875,14.405,1.08777778,1.415,2.393793324,0.04922222,0.65127778,1.79277778,3.77888889,4.32888889,0.24788889,41.93741267,,65.6511,939.2451773,,1160.857055,811.8345097,84.34631998,33.48622441,98.25891832,1.814863416,,,,,,,2295.348893,1287.965719,,17.17252767,1.486123924,,,1916.634784,
SRR5468440,SRS2139146,SAMN06267144,SRA,21.0,44.73,-110.71,BED_Slide_host_7_15,36692866.0,Illumina HiSeq 2500,biofilm,0.03248705769,North_America,USA,YNP,Norris Geyser Basin,Beowulf Spring,spring,hot_spring,hot_spring,intraplate,hotspot,continental hotspot,,reduced,aerial,aerial,942539.0,felsic,igneous,granite,171336.0,Emerald Spring,44.7261111,-110.70333,0.75690347,Sulphur,2288.0,67.0,,2.9,,,,,,,,,9.0,,,,,,,,,,,,,,,,,,,,,,,,,,,,,,,,,,,,,,,,,,,,,,,,,,,,,,,,EarthChem,BN154A,whole_rock,"IGNEOUS,VOLCANIC,FELSIC,RHYOLITE",BN154A,44.5442,-110.8222,96.9901,73.81,0.245,11.96,,,1.62,0.04,0.2,0.68,3.08,5.24,0.0831,0.032,,,,,,,758.0,,151.0,,10.7,6.19,1.12,18.6,10.1,,2.11,75.7,,0.84,44.6,58.1,30.8,16.1,189.0,,11.3,,46.3,,1.7,24.5,,,5.8,,60.3,6.03,280.0,71.0227778,0.305875,14.405,1.08777778,1.415,2.393793324,0.04922222,0.65127778,1.79277778,3.77888889,4.32888889,0.24788889,41.93741267,,65.6511,939.2451773,,1160.857055,811.8345097,84.34631998,33.48622441,98.25891832,1.814863416,,,,,,,2295.348893,1287.965719,,17.17252767,1.486123924,,,1916.634784,
SRR5468442,SRS2139148,SAMN06267142,SRA,21.0,44.73,-110.71,BED_Mat_virus_6_15,23862139.0,Illumina HiSeq 2500,biofilm,0.0575821985,North_America,USA,YNP,Norris Geyser Basin,Beowulf Spring,spring,hot_spring,hot_spring,intraplate,hotspot,continental hotspot,,reduced,aerial,aerial,942539.0,felsic,igneous,granite,171336.0,Emerald Spring,44.7261111,-110.70333,0.75690347,Sulphur,2288.0,67.0,,2.9,,,,,,,,,9.0,,,,,,,,,,,,,,,,,,,,,,,,,,,,,,,,,,,,,,,,,,,,,,,,,,,,,,,,EarthChem,BN154A,whole_rock,"IGNEOUS,VOLCANIC,FELSIC,RHYOLITE",BN154A,44.5442,-110.8222,96.9901,73.81,0.245,11.96,,,1.62,0.04,0.2,0.68,3.08,5.24,0.0831,0.032,,,,,,,758.0,,151.0,,10.7,6.19,1.12,18.6,10.1,,2.11,75.7,,0.84,44.6,58.1,30.8,16.1,189.0,,11.3,,46.3,,1.7,24.5,,,5.8,,60.3,6.03,280.0,71.0227778,0.305875,14.405,1.08777778,1.415,2.393793324,0.04922222,0.65127778,1.79277778,3.77888889,4.32888889,0.24788889,41.93741267,,65.6511,939.2451773,,1160.857055,811.8345097,84.34631998,33.48622441,98.25891832,1.814863416,,,,,,,2295.348893,1287.965719,,17.17252767,1.486123924,,,1916.634784,
SRR5468443,SRS2139149,SAMN06267145,SRA,21.0,44.73,-110.71,BED_Mat_virus_9_15,33260453.0,Illumina HiSeq 2500,biofilm,0.06252085227,North_America,USA,YNP,Norris Geyser Basin,Beowulf Spring,spring,hot_spring,hot_spring,intraplate,hotspot,continental hotspot,,reduced,aerial,aerial,942539.0,felsic,igneous,granite,171336.0,Emerald Spring,44.7261111,-110.70333,0.75690347,Sulphur,2288.0,67.0,,2.9,,,,,,,,,9.0,,,,,,,,,,,,,,,,,,,,,,,,,,,,,,,,,,,,,,,,,,,,,,,,,,,,,,,,EarthChem,BN154A,whole_rock,"IGNEOUS,VOLCANIC,FELSIC,RHYOLITE",BN154A,44.5442,-110.8222,96.9901,73.81,0.245,11.96,,,1.62,0.04,0.2,0.68,3.08,5.24,0.0831,0.032,,,,,,,758.0,,151.0,,10.7,6.19,1.12,18.6,10.1,,2.11,75.7,,0.84,44.6,58.1,30.8,16.1,189.0,,11.3,,46.3,,1.7,24.5,,,5.8,,60.3,6.03,280.0,71.0227778,0.305875,14.405,1.08777778,1.415,2.393793324,0.04922222,0.65127778,1.79277778,3.77888889,4.32888889,0.24788889,41.93741267,,65.6511,939.2451773,,1160.857055,811.8345097,84.34631998,33.48622441,98.25891832,1.814863416,,,,,,,2295.348893,1287.965719,,17.17252767,1.486123924,,,1916.634784,
SRR5468447,SRS2139153,SAMN06267147,SRA,23.0,44.73,-110.71,OSPB_Slides-mat_host_7_15,30470197.0,Illumina HiSeq 2500,biofilm,0.02155124639,North_America,USA,YNP,Norris Geyser Basin,One Hundred Spring,spring,hot_spring,hot_spring,intraplate,hotspot,continental hotspot,,reduced,aerial,aerial,942539.0,felsic,igneous,granite,171336.0,Emerald Spring,44.7261111,-110.70333,0.75690347,Sulphur,2288.0,72.0,,3.5,,,,0.5,,0.0,,0.14,9.0,0.0,469.0,115.27,,,1.147,,0.00162,,248.05,53.94,0.34,4.01,,,,,,,,,,,,1899.0,,,,,0.063,,1.76,0.2307,,,,,,,,,,,,,,,5.746,,,,,,,,EarthChem,BN154A,whole_rock,"IGNEOUS,VOLCANIC,FELSIC,RHYOLITE",BN154A,44.5442,-110.8222,96.9901,73.81,0.245,11.96,,,1.62,0.04,0.2,0.68,3.08,5.24,0.0831,0.032,,,,,,,758.0,,151.0,,10.7,6.19,1.12,18.6,10.1,,2.11,75.7,,0.84,44.6,58.1,30.8,16.1,189.0,,11.3,,46.3,,1.7,24.5,,,5.8,,60.3,6.03,280.0,71.0227778,0.305875,14.405,1.08777778,1.415,2.393793324,0.04922222,0.65127778,1.79277778,3.77888889,4.32888889,0.24788889,41.93741267,,65.6511,939.2451773,,1160.857055,811.8345097,84.34631998,33.48622441,98.25891832,1.814863416,,,,,,,2295.348893,1287.965719,,17.17252767,1.486123924,,,1916.634784,
SRR5468448,SRS2139155,SAMN06267148,SRA,23.0,44.73,-110.71,OSPB_Mat_virus_9_15,27542959.0,Illumina HiSeq 2500,biofilm,0.008019682411,North_America,USA,YNP,Norris Geyser Basin,One Hundred Spring,spring,hot_spring,hot_spring,intraplate,hotspot,continental hotspot,,reduced,aerial,aerial,942539.0,felsic,igneous,granite,171336.0,Emerald Spring,44.7261111,-110.70333,0.75690347,Sulphur,2288.0,72.0,,3.5,,,,0.5,,0.0,,0.14,9.0,0.0,469.0,115.27,,,1.147,,0.00162,,248.05,53.94,0.34,4.01,,,,,,,,,,,,1899.0,,,,,0.063,,1.76,0.2307,,,,,,,,,,,,,,,5.746,,,,,,,,EarthChem,BN154A,whole_rock,"IGNEOUS,VOLCANIC,FELSIC,RHYOLITE",BN154A,44.5442,-110.8222,96.9901,73.81,0.245,11.96,,,1.62,0.04,0.2,0.68,3.08,5.24,0.0831,0.032,,,,,,,758.0,,151.0,,10.7,6.19,1.12,18.6,10.1,,2.11,75.7,,0.84,44.6,58.1,30.8,16.1,189.0,,11.3,,46.3,,1.7,24.5,,,5.8,,60.3,6.03,280.0,71.0227778,0.305875,14.405,1.08777778,1.415,2.393793324,0.04922222,0.65127778,1.79277778,3.77888889,4.32888889,0.24788889,41.93741267,,65.6511,939.2451773,,1160.857055,811.8345097,84.34631998,33.48622441,98.25891832,1.814863416,,,,,,,2295.348893,1287.965719,,17.17252767,1.486123924,,,1916.634784,
SRR5468518,SRS2139222,SAMN06267026,SRA,9.0,40.65,-119.38,SSWsed_matched,47658417.0,Illumina HiSeq 2500,sediment,0.001415610052,North_America,USA,Nevada,Sandys Spring West,Sandys Spring West,spring,hot_spring,hot_spring,intraplate,rift,continental rift,,mild_reduced,aerial,aerial,953401.0,sedimentary,sedimentary,sedimentary,65053.0,Great Boiling Spring,40.6613889,-119.36639,1.63599459,Siderite,1280.0,86.6,,7.21,,,,,,,,,,,,,,,,,,,,,,,,,,,,,,,,,,,,,,,,,,,,,,,,,,,,,,,,,,,,,,,,,EarthChem,D197541,whole_rock,"IGNEOUS,PLUTONIC,FELSIC",D197541,40.67639,-119.38472,99.469658,66.8,0.54,15.8,1.8,1.9,3.519658,0.05,1.6,3.9,4.5,2.6,,0.16,7.8,11.0,2.8,11.0,90.0,120.0,1000.0,1.2,100.0,11.0,,,3.1,16.0,25.0,,,39.0,38.0,,9.6,,14.0,,79.0,11.0,,,520.0,,,,0.37,,,,13.0,1.3,83.0,,,,,,,,,,,,,29.15280913,,96.9986,379.5847849,,456.1102863,199.3231579,784.0530012,131.7466782,111.3759047,2.643840039,,,,,,,1190.898,658.1127571,,89.98882439,85.83845727,,,1607.770707,
SRR5468531,SRS2139235,SAMN06267027,SRA,9.0,40.65,-119.38,SSWsed_130316,52910580.0,Illumina HiSeq 2500,sediment,0.03235934176,North_America,USA,Nevada,Sandys Spring West,Sandys Spring West,spring,hot_spring,hot_spring,intraplate,rift,continental rift,,mild_reduced,aerial,aerial,953401.0,sedimentary,sedimentary,sedimentary,65053.0,Great Boiling Spring,40.6613889,-119.36639,1.63599459,Siderite,1280.0,86.6,,7.21,,,,,,,,,,,,,,,,,,,,,,,,,,,,,,,,,,,,,,,,,,,,,,,,,,,,,,,,,,,,,,,,,EarthChem,D197541,whole_rock,"IGNEOUS,PLUTONIC,FELSIC",D197541,40.67639,-119.38472,99.469658,66.8,0.54,15.8,1.8,1.9,3.519658,0.05,1.6,3.9,4.5,2.6,,0.16,7.8,11.0,2.8,11.0,90.0,120.0,1000.0,1.2,100.0,11.0,,,3.1,16.0,25.0,,,39.0,38.0,,9.6,,14.0,,79.0,11.0,,,520.0,,,,0.37,,,,13.0,1.3,83.0,,,,,,,,,,,,,29.15280913,,96.9986,379.5847849,,456.1102863,199.3231579,784.0530012,131.7466782,111.3759047,2.643840039,,,,,,,1190.898,658.1127571,,89.98882439,85.83845727,,,1607.770707,
SRR5468562,SRS2139251,SAMN06267029,SRA,2.0,37.69,-118.84,LHC4sed_matched,63851897.0,Illumina HiSeq 2500,sediment,0.02447462317,North_America,USA,California,Little Hot Creek,Little Hot Creek,spring,hot_spring,hot_spring,intraplate,rift,continental rift,,mild_reduced,aerial,aerial,3186305.0,basalt,igneous,basalt,83167.0,Hot Creek Pit,37.6908333,-118.86694,2.9964192,Kaolinite,2101.0,78.7,1.087,6.85,,,,,,0.000306,4.9e-06,,6.0,,172.996,89.62398,0.0164,0.10387,0.15252984,,1.161446,,367.824,24.54852,,29.65772,2.8,10.6,30.0,50.0,,,0.74,0.26,,,,0.1217312,,,,,,,,,,,,,,,,,,2.36654,,,,,,,,,,,,,EarthChem,B-348C,whole_rock,"IGNEOUS,VOLCANIC,FELSIC,RHYOLITE",B-348C,37.62,-118.75,99.6,77.29765356,0.08104023915,12.42336342,,0.7288032905,0.7288032905,0.03473153107,0.0,0.4851889643,3.778369592,4.651920222,,0.1189291821,,,,,,,30.0,,,,,,,,,,,,,,24.0,,,,166.0,,,,11.0,,,,,,,,26.0,,78.0,47.96333335,1.738333335,15.28833335,3.680833335,6.975,10.28705064,0.173166665,7.475,10.05333335,2.664166665,0.836666665,0.364916665,40.28037324,,66.0812,280.9593014,,588.1971329,170.1985583,962.5145185,4.396607736,94.28152584,2.190199491,,,,,,,2177.925104,791.0629244,,18.62155334,5.410416774,,,1297.150571,
SRR5468563,SRS2139252,SAMN06267028,SRA,9.0,40.65,-119.38,SSWTFFsm_matched,46790066.0,Illumina HiSeq 2500,fluid,0.3850662639,North_America,USA,Nevada,Sandys Spring West,Sandys Spring West,spring,hot_spring,hot_spring,intraplate,rift,continental rift,,mild_reduced,aerial,aerial,953401.0,sedimentary,sedimentary,sedimentary,65053.0,Great Boiling Spring,40.6613889,-119.36639,1.63599459,Siderite,1280.0,86.6,,7.21,,,,,,,,,,,,,,,,,,,,,,,,,,,,,,,,,,,,,,,,,,,,,,,,,,,,,,,,,,,,,,,,,EarthChem,D197541,whole_rock,"IGNEOUS,PLUTONIC,FELSIC",D197541,40.67639,-119.38472,99.469658,66.8,0.54,15.8,1.8,1.9,3.519658,0.05,1.6,3.9,4.5,2.6,,0.16,7.8,11.0,2.8,11.0,90.0,120.0,1000.0,1.2,100.0,11.0,,,3.1,16.0,25.0,,,39.0,38.0,,,,14.0,,79.0,11.0,,,520.0,,,,0.37,,,,13.0,1.3,83.0,,,,,,,,,,,,,29.15280913,,96.9986,379.5847849,,456.1102863,199.3231579,784.0530012,131.7466782,111.3759047,2.643840039,,,,,,,1190.898,658.1127571,,89.98882439,85.83845727,,,1607.770707,
SRR5468564,SRS2139253,SAMN06267030,SRA,2.0,37.69,-118.84,LHC4sed_replicate,69363427.0,Illumina HiSeq 2500,,0.002429426513,North_America,USA,California,Little Hot Creek,Little Hot Creek,spring,hot_spring,hot_spring,intraplate,rift,continental rift,,mild_reduced,aerial,aerial,3186305.0,basalt,igneous,basalt,83167.0,Hot Creek Pit,37.6908333,-118.86694,2.9964192,Kaolinite,2101.0,78.7,1.087,6.85,,,,,,0.000306,4.9e-06,,6.0,,172.996,89.62398,0.0164,0.10387,0.15252984,,1.161446,,367.824,24.54852,,29.65772,2.8,10.6,30.0,50.0,,,0.74,0.26,,,,0.1217312,,,,,,,,,,,,,,,,,,2.36654,,,,,,,,,,,,,EarthChem,B-601B,whole_rock,"IGNEOUS, VOLCANIC, FELSIC, RHYOLITE",B-601B,37.62,-118.75,99.2825335,75.45432207,0.154110023,12.92674873,,,1.334312319,0.04726040706,0.3174666474,1.20411298,3.48185912,4.543163479,,0.1366442204,,4.2921,,91.4224,8.8982,,885.5333,,109.1243,4.1254,,,1.01795,,,,,58.7273,,0.3477,,38.5232,,,122.478,3.9892,5.5193,,,1.1806,0.646,15.6987,1847.621,,4.1174,,,2.2446,225.4377,47.96333335,1.738333335,15.28833335,3.680833335,6.975,10.28705064,0.173166665,7.475,10.05333335,2.664166665,0.836666665,0.364916665,40.28037324,,66.0812,280.9593014,,588.1971329,170.1985583,962.5145185,4.396607736,94.28152584,2.190199491,,,,,,,2177.925104,791.0629244,,18.62155334,5.410416774,,,1297.150571,
SRR5468565,SRS2139254,SAMN06267032,SRA,34.0,25.44,98.44,GXS 20120812B,42307607.0,Illumina HiSeq 2500,sediment,0.001990539241,Asia,China,YunNA province,Gongxiaoshe hot spring,Gongxiaoshe hot spring,spring,hot_spring,hot_spring,intraplate,hotspot,continental hotspot,,oxidized,aerial,aerial,3192131.0,sedimentary,sedimentary,sedimentary,155457.0,Xiaolonghe Sn Deposit,25.45,98.4333333,0.7590388,"Cassiterite,Magnetite,Muscovite,Pyrite,Quartz,Topaz",2524.0,73.8,1.449,7.29,,0.44,3e-05,,0.125,,,,,12.9,92.8,2.1,0.0,,0.05,0.05,0.1,,418.5,45.9,3.35,9.2,,,,,,,,,,7e-05,,0.175,0.0103,0.000153,0.00028,0.000366,0.00371,,,0.51,0.00287,9e-06,0.00012,0.49,0.0003,4.5e-05,,,1.2e-05,,6.9e-05,0.31,,,0.55,3.6e-05,,0.00094,,0.056,2.4e-05,4.2e-05,EarthChem,CZ08-1,whole_rock,"TRACHYANDESITE, BASALTIC",CZ08-1,25.2352,98.5223,97.55,54.03,1.35,16.87,2.13,5.18,7.0965953,0.13,5.91,6.46,3.84,3.23,,0.55,28.99,27.05,,84.32,139.1,76.77,982.1,,124.3,115.2,4.84,2.6,1.93,,6.66,,0.98,69.27,,0.35,32.3,47.76,13.89,13.41,86.42,20.13,7.93,,705.6,1.86,0.91,21.4,,,2.46,,25.48,2.46,224.2,,,,,,,,,,,,,40.26886259,,14.0582,758.7742921,,1459.29617,1163.116997,16.63584605,24.0472108,81.59077148,2.585708703,,,,,,,1741.60864,1188.054784,,24.57337473,6.781192064,,,1001.214852,
SRR5468566,SRS2139255,SAMN06267031,SRA,34.0,25.44,98.44,GXS 110809B,32006697.0,Illumina HiSeq 2500,sediment,0.03868184902,Asia,China,YunNA province,Gongxiaoshe hot spring,Gongxiaoshe hot spring,spring,hot_spring,hot_spring,intraplate,hotspot,continental hotspot,,oxidized,aerial,aerial,3192131.0,sedimentary,sedimentary,sedimentary,155457.0,Xiaolonghe Sn Deposit,25.45,98.4333333,0.7590388,"Cassiterite,Magnetite,Muscovite,Pyrite,Quartz,Topaz",2524.0,73.8,1.449,7.29,,0.44,3e-05,,0.125,,,,,12.9,92.8,2.1,0.0,,0.05,0.05,0.1,,418.5,45.9,3.35,9.2,,,,,,,,,,7e-05,,0.175,0.0103,0.000153,0.00028,0.000366,0.00371,,,0.51,0.00287,9e-06,0.00012,0.49,0.0003,4.5e-05,,,1.2e-05,,6.9e-05,0.31,,,0.55,3.6e-05,,0.00094,,0.056,2.4e-05,4.2e-05,EarthChem,CZ08-1,whole_rock,"TRACHYANDESITE, BASALTIC",CZ08-1,25.2352,98.5223,97.55,54.03,1.35,16.87,2.13,5.18,7.0965953,0.13,5.91,6.46,3.84,3.23,,0.55,28.99,27.05,,84.32,139.1,76.77,982.1,,124.3,115.2,4.84,2.6,1.93,,6.66,,0.98,69.27,,0.35,32.3,47.76,13.89,13.41,86.42,20.13,7.93,,705.6,1.86,0.91,21.4,,,2.46,,25.48,2.46,224.2,,,,,,,,,,,,,40.26886259,,14.0582,758.7742921,,1459.29617,1163.116997,16.63584605,24.0472108,81.59077148,2.585708703,,,,,,,1741.60864,1188.054784,,24.57337473,6.781192064,,,1001.214852,
SRR5468567,SRS2139256,SAMN06267034,SRA,35.0,25.44,98.46,JNZ 110809A,40841409.0,Illumina HiSeq 2500,sediment,0.0417823477,Asia,China,YunNA province,Jinze hot spring,Jinze hot spring,spring,hot_spring,hot_spring,intraplate,hotspot,continental hotspot,,oxidized,aerial,aerial,3192131.0,sedimentary,sedimentary,sedimentary,8304.0,Tengchong Co.,25.3808333,98.4677778,1.29832595,"Kaolinite,Actinolite,Ludwigite,Albite,Magnetite,Aluminite,Marcasite,Alunite,Microcline,Alunogen,Molybdenite,Analcime,Muscovite,Anatase,Opal,Andalusite,Orthoclase,Aragonite,Phlogopite,Arsenopyrite,Pyrite,Bismuth,Pyrrhotite,Bornite,Quartz,Calcite,Rhodochrosite,Calcurmolite,Rozenite,Cassiterite,Rutile,Cerussite,Samarskite-(Y),Chalcocite,Scheelite,Chalcopyrite,Siderite,Chondrodite,Silver,Coffinite,Smithsonite,Coquimbite,Sphalerite,Cosalite,Spinel,Dickite,Spodumene,Diopside,Stannite,Dolomite,Stibnite,Epidote,Studtite,Euxenite-(Y),Sulphur,Fluoborite,Szaibelyite,Fluorite,Tengchongite,Forsterite,Tetrahedrite,Galena,Thenardite,Galenobismutite,Thermonatrite,Goethite,Topaz,Gold,Tremolite,Gypsum,Trona,Halite,Uraninite,Halotrichite,Vesuvianite,Hematite,Wollastonite,Joseite-A,Zircon",2524.0,81.6,1.124,6.71,,0.25,0.0,,0.13,,,,,5.1,146.9,22.2,0.0,0.0,0.4,0.4,0.0,0.0,390.2,42.6,3.33,8.2,,,,,,,,,,5.4e-05,4.0,0.105,0.022,0.00039,0.0003,0.000616,0.0047,,0.4,0.64,0.004,8e-06,,0.486,0.00015,5.6e-05,,1e-05,1e-05,,,,,,0.581,0.00033,0.1,,0.000214,0.0529,3e-05,0.00039,EarthChem,CZ08-1,whole_rock,"TRACHYANDESITE, BASALTIC",CZ08-1,25.2352,98.5223,97.55,54.03,1.35,16.87,2.13,5.18,7.0965953,0.13,5.91,6.46,3.84,3.23,,0.55,28.99,27.05,,84.32,139.1,76.77,982.1,,124.3,115.2,4.84,2.6,1.93,,6.66,,0.98,69.27,,0.35,32.3,47.76,13.89,13.41,86.42,20.13,7.93,,705.6,1.86,0.91,21.4,,,2.46,,25.48,2.46,224.2,,,,,,,,,,,,,40.37830312,,11.5848,760.5790962,,1460.253888,1163.481482,16.03345751,23.62278061,81.63163372,2.584112309,,,,,,,1734.47104,1188.446481,,22.62063233,6.650873917,,,1003.054466,
SRR5468568,SRS2139257,SAMN06267033,SRA,35.0,25.44,98.46,JNZ 20120812A,45284860.0,Illumina HiSeq 2500,sediment,0.004932064332,Asia,China,YunNA province,Jinze hot spring,Jinze hot spring,spring,hot_spring,hot_spring,intraplate,hotspot,continental hotspot,,oxidized,aerial,aerial,3192131.0,sedimentary,sedimentary,sedimentary,8304.0,Tengchong Co.,25.3808333,98.4677778,1.29832595,"Kaolinite,Actinolite,Ludwigite,Albite,Magnetite,Aluminite,Marcasite,Alunite,Microcline,Alunogen,Molybdenite,Analcime,Muscovite,Anatase,Opal,Andalusite,Orthoclase,Aragonite,Phlogopite,Arsenopyrite,Pyrite,Bismuth,Pyrrhotite,Bornite,Quartz,Calcite,Rhodochrosite,Calcurmolite,Rozenite,Cassiterite,Rutile,Cerussite,Samarskite-(Y),Chalcocite,Scheelite,Chalcopyrite,Siderite,Chondrodite,Silver,Coffinite,Smithsonite,Coquimbite,Sphalerite,Cosalite,Spinel,Dickite,Spodumene,Diopside,Stannite,Dolomite,Stibnite,Epidote,Studtite,Euxenite-(Y),Sulphur,Fluoborite,Szaibelyite,Fluorite,Tengchongite,Forsterite,Tetrahedrite,Galena,Thenardite,Galenobismutite,Thermonatrite,Goethite,Topaz,Gold,Tremolite,Gypsum,Trona,Halite,Uraninite,Halotrichite,Vesuvianite,Hematite,Wollastonite,Joseite-A,Zircon",2524.0,81.6,1.124,6.71,,0.25,0.0,,0.13,,,,,5.1,146.9,22.2,0.0,0.0,0.4,0.4,0.0,0.0,390.2,42.6,3.33,8.2,,,,,,,,,,5.4e-05,4.0,0.105,0.022,0.00039,0.0003,0.000616,0.0047,,0.4,0.64,0.004,8e-06,,0.486,0.00015,5.6e-05,,1e-05,1e-05,,,,,,0.581,0.00033,0.1,,0.000214,0.0529,3e-05,0.00039,EarthChem,CZ08-1,whole_rock,"TRACHYANDESITE, BASALTIC",CZ08-1,25.2352,98.5223,97.55,54.03,1.35,16.87,2.13,5.18,7.0965953,0.13,5.91,6.46,3.84,3.23,,0.55,28.99,27.05,,84.32,139.1,76.77,982.1,,124.3,115.2,4.84,2.6,1.93,,6.66,,0.98,69.27,,0.35,32.3,47.76,13.89,13.41,86.42,20.13,7.93,,705.6,1.86,0.91,21.4,,,2.46,,25.48,2.46,224.2,,,,,,,,,,,,,40.37830312,,11.5848,760.5790962,,1460.253888,1163.481482,16.03345751,23.62278061,81.63163372,2.584112309,,,,,,,1734.47104,1188.446481,,22.62063233,6.650873917,,,1003.054466,
SRR5650782,SRS2255719,SAMN06562581,SRA,19.0,44.76,-110.73,Bijah Spring Sample #4,923313.0,NextSeq 500,sediment,0.4074691991,North_America,USA,YNP,Mammoth Norris Corridor,Bijah Spring,spring,hot_spring,hot_spring,intraplate,hotspot,continental hotspot,,reduced,aerial,aerial,942539.0,felsic,igneous,granite,235939.0,Roaring Mountain,44.7797222,-110.73722,1.11700074,Sulphur,2286.0,79.0,0.632,7.4,-0.0096,,,,1.8429,,,,5.8,8.3476,176.7553,104.5452,,0.7474,0.1619,0.5201,0.5051,,266.7934,30.1374,0.0419,3.85,,,,,,,,,0.0001,,,0.241,0.054,,,,,,0.081,0.009,0.003,,,,,,,,,1.4338,0.0012,,,,0.012,,,,,,,,EarthChem,C131957,whole_rock,UNKNOWN,C131957,44.75333,-110.725,98.379696,75.7,0.17,12.7,1.6,,1.439696,0.01,0.05,0.3,2.98,5.01,,0.07,8.0,0.2,2.2,0.5,6.0,61.0,430.0,4.8,59.0,0.5,4.9,3.3,0.87,20.0,3.8,,1.0,35.0,14.0,,72.0,23.0,,6.5,,,4.8,5.6,14.0,3.8,0.75,26.0,,0.7,2.1,1.0,20.0,0.51,220.0,71.0227778,0.305875,14.405,1.08777778,1.415,2.393793324,0.04922222,0.65127778,1.79277778,3.77888889,4.32888889,0.24788889,41.97360086,,98.76,936.4773528,,1159.002675,812.9736642,87.14956009,36.97907025,98.17127217,1.815570356,,,,,,,2361.593356,1286.53606,,18.27633634,4.002696107,,,1919.924595,
SRR5650826,SRS2255600,SAMN06562582,SRA,16.0,44.56007742,-110.86,YNP Mound Spring,1100126.0,NextSeq 500,sediment,0.06398035033,North_America,USA,YNP,Lower Geyser Basin,Mound Spring,spring,hot_spring,hot_spring,intraplate,hotspot,continental hotspot,,reduced,aerial,aerial,958230.0,felsic,igneous,granite,192263.0,Ojo Caliente Spring,44.5627778,-110.83861,2.38087523,"Pectolite,Aegirine,Analcime,Calcite,Fluorite,Quartz,Montmorillonite,Pyrite",2278.0,94.5,0.655,8.99,-0.2136,,,,,,,,7.7,32.0,247.0,15.7,0.0133,0.786,0.095,0.211,0.2,,292.0,8.84,0.0,0.273,,,,,,,,,0.0003,0.0,2.0,0.006,0.0,0.014,0.0009,0.0,0.0055,,0.351,0.0,0.001,,0.0,,,,,,,1.43,0.0017,,,,0.0,,,,,,,,EarthChem,BN154A,whole_rock,"IGNEOUS,VOLCANIC,FELSIC,RHYOLITE",BN154A,44.5442,-110.8222,96.9901,73.81,0.245,11.96,,,1.62,0.04,0.2,0.68,3.08,5.24,0.0831,0.032,,,,,,,758.0,,151.0,,10.7,6.19,1.12,18.6,10.1,,2.11,75.7,,0.84,44.6,58.1,30.8,16.1,189.0,,11.3,,46.3,,1.7,24.5,,,5.8,,60.3,6.03,280.0,71.0227778,0.305875,14.405,1.08777778,1.415,2.393793324,0.04922222,0.65127778,1.79277778,3.77888889,4.32888889,0.24788889,42.28970986,,5.2626,936.0060673,,1150.741175,790.2367793,63.22156969,20.8677561,96.38287328,1.8125125,,,,,,,2198.983552,1275.353036,,14.65048704,17.61773222,,,1897.466611,
SRR5681517,SRS2282939,SAMN06343747,SRA,22.0,44.72,-110.7,ECH_B host_MetaG,48450316.0,Illumina HiSeq 2500,biofilm,1.812980631,North_America,USA,YNP,Norris Geyser Basin,Echinus Geyser,spring,hot_spring,geyser,intraplate,hotspot,continental hotspot,,reduced,aerial,aerial,942539.0,felsic,igneous,granite,248603.0,Norris Geyser Basin,44.7261111,-110.70306,0.41610108,Sulphur,2288.0,63.5,1.054,3.3,0.4322,,,,,,,,9.0,6.7,144.0,267.0,0.0002,0.513,0.0,0.0022,1.05,,175.0,37.2,0.484,4.43,,,,,,,,,0.0003,0.0,2.0,1.27,0.258,0.0,0.003,0.0,0.014,,1.97,0.054,0.007,,0.0012,,,,,,,0.868,0.0011,,,,0.007,,,,,,,,EarthChem,C131957,whole_rock,UNKNOWN,C131957,44.75333,-110.725,98.379696,75.7,0.17,12.7,1.6,,1.439696,0.01,0.05,0.3,2.98,5.01,,0.07,8.0,0.2,2.2,0.5,6.0,61.0,430.0,4.8,59.0,0.5,4.9,3.3,0.87,20.0,3.8,,1.0,35.0,14.0,,72.0,23.0,,6.5,,,4.8,5.6,14.0,3.8,0.75,26.0,,0.7,2.1,1.0,20.0,0.51,220.0,71.0227778,0.305875,14.405,1.08777778,1.415,2.393793324,0.04922222,0.65127778,1.79277778,3.77888889,4.32888889,0.24788889,41.91934539,,58.6203,940.4120352,,1161.740604,811.6511113,83.50279785,32.31310184,98.31803191,1.814606857,,,,,,,2377.0,1288.708461,,16.70272372,0.8400750165,,,1915.545984,
SRR5682117,SRS2283412,SAMN06343748,SRA,22.0,44.72,-110.7,ECH_B host_MetaG,31575300.0,Illumina HiSeq 2500,biofilm,0.4710281967,North_America,USA,YNP,Norris Geyser Basin,Echinus Geyser,spring,hot_spring,geyser,intraplate,hotspot,continental hotspot,,reduced,aerial,aerial,942539.0,felsic,igneous,granite,248603.0,Norris Geyser Basin,44.7261111,-110.70306,0.41610108,Sulphur,2288.0,63.5,1.054,3.3,0.4322,,,,,,,,9.0,6.7,144.0,267.0,0.0002,0.513,0.0,0.0022,1.05,,175.0,37.2,0.484,4.43,,,,,,,,,0.0003,0.0,2.0,1.27,0.258,0.0,0.003,0.0,0.014,,1.97,0.054,0.007,,0.0012,,,,,,,0.868,0.0011,,,,0.007,,,,,,,,EarthChem,C131957,whole_rock,UNKNOWN,C131957,44.75333,-110.725,98.379696,75.7,0.17,12.7,1.6,,1.439696,0.01,0.05,0.3,2.98,5.01,,0.07,8.0,0.2,2.2,0.5,6.0,61.0,430.0,4.8,59.0,0.5,4.9,3.3,0.87,20.0,3.8,,1.0,35.0,14.0,,72.0,23.0,,6.5,,,4.8,5.6,14.0,3.8,0.75,26.0,,0.7,2.1,1.0,20.0,0.51,220.0,71.0227778,0.305875,14.405,1.08777778,1.415,2.393793324,0.04922222,0.65127778,1.79277778,3.77888889,4.32888889,0.24788889,41.91934539,,58.6203,940.4120352,,1161.740604,811.6511113,83.50279785,32.31310184,98.31803191,1.814606857,,,,,,,2377.0,1288.708461,,16.70272372,0.8400750165,,,1915.545984,
SRR5682124,SRS2283418,SAMN06343749,SRA,22.0,44.72,-110.7,ECH_C virus_MetaG,24336046.0,Illumina HiSeq 2500,biofilm,1.307665119,North_America,USA,YNP,Norris Geyser Basin,Echinus Geyser,spring,hot_spring,geyser,intraplate,hotspot,continental hotspot,,reduced,aerial,aerial,942539.0,felsic,igneous,granite,248603.0,Norris Geyser Basin,44.7261111,-110.70306,0.41610108,Sulphur,2288.0,63.5,1.054,3.3,0.4322,,,,,,,,9.0,6.7,144.0,267.0,0.0002,0.513,0.0,0.0022,1.05,,175.0,37.2,0.484,4.43,,,,,,,,,0.0003,0.0,2.0,1.27,0.258,0.0,0.003,0.0,0.014,,1.97,0.054,0.007,,0.0012,,,,,,,0.868,0.0011,,,,0.007,,,,,,,,EarthChem,C131957,whole_rock,UNKNOWN,C131957,44.75333,-110.725,98.379696,75.7,0.17,12.7,1.6,,1.439696,0.01,0.05,0.3,2.98,5.01,,0.07,8.0,0.2,2.2,0.5,6.0,61.0,430.0,4.8,59.0,0.5,4.9,3.3,0.87,20.0,3.8,,1.0,35.0,14.0,,72.0,23.0,,6.5,,,4.8,5.6,14.0,3.8,0.75,26.0,,0.7,2.1,1.0,20.0,0.51,220.0,71.0227778,0.305875,14.405,1.08777778,1.415,2.393793324,0.04922222,0.65127778,1.79277778,3.77888889,4.32888889,0.24788889,41.91934539,,58.6203,940.4120352,,1161.740604,811.6511113,83.50279785,32.31310184,98.31803191,1.814606857,,,,,,,2377.0,1288.708461,,16.70272372,0.8400750165,,,1915.545984,
SRR5682125,SRS2283419,SAMN06343750,SRA,22.0,44.72,-110.7,ECH_C host_MetaG,44833188.0,Illumina HiSeq 2500,biofilm,0.6136245357,North_America,USA,YNP,Norris Geyser Basin,Echinus Geyser,spring,hot_spring,geyser,intraplate,hotspot,continental hotspot,,reduced,aerial,aerial,942539.0,felsic,igneous,granite,248603.0,Norris Geyser Basin,44.7261111,-110.70306,0.41610108,Sulphur,2288.0,63.5,1.054,3.3,0.4322,,,,,,,,9.0,6.7,144.0,267.0,0.0002,0.513,0.0,0.0022,1.05,,175.0,37.2,0.484,4.43,,,,,,,,,0.0003,0.0,2.0,1.27,0.258,0.0,0.003,0.0,0.014,,1.97,0.054,0.007,,0.0012,,,,,,,0.868,0.0011,,,,0.007,,,,,,,,EarthChem,C131957,whole_rock,UNKNOWN,C131957,44.75333,-110.725,98.379696,75.7,0.17,12.7,1.6,,1.439696,0.01,0.05,0.3,2.98,5.01,,0.07,8.0,0.2,2.2,0.5,6.0,61.0,430.0,4.8,59.0,0.5,4.9,3.3,0.87,20.0,3.8,,1.0,35.0,14.0,,72.0,23.0,,6.5,,,4.8,5.6,14.0,3.8,0.75,26.0,,0.7,2.1,1.0,20.0,0.51,220.0,71.0227778,0.305875,14.405,1.08777778,1.415,2.393793324,0.04922222,0.65127778,1.79277778,3.77888889,4.32888889,0.24788889,41.91934539,,58.6203,940.4120352,,1161.740604,811.6511113,83.50279785,32.31310184,98.31803191,1.814606857,,,,,,,2377.0,1288.708461,,16.70272372,0.8400750165,,,1915.545984,
SRR5682141,SRS2283430,SAMN06343751,SRA,21.0,44.73,-110.71,BED_virus_MetaG,73506375.0,Illumina HiSeq 2500,biofilm,1.258232022,North_America,USA,YNP,Norris Geyser Basin,Beowulf Spring,spring,hot_spring,hot_spring,intraplate,hotspot,continental hotspot,,reduced,aerial,aerial,942539.0,felsic,igneous,granite,171336.0,Emerald Spring,44.7261111,-110.70333,0.75690347,Sulphur,2288.0,67.0,,2.9,,,,,,,,,9.0,,,,,,,,,,,,,,,,,,,,,,,,,,,,,,,,,,,,,,,,,,,,,,,,,,,,,,,,EarthChem,C131957,whole_rock,UNKNOWN,C131957,44.75333,-110.725,98.379696,75.7,0.17,12.7,1.6,,1.439696,0.01,0.05,0.3,2.98,5.01,,0.07,8.0,0.2,2.2,0.5,6.0,61.0,430.0,4.8,59.0,0.5,4.9,3.3,0.87,20.0,3.8,,1.0,35.0,14.0,,72.0,23.0,,6.5,,,4.8,5.6,14.0,3.8,0.75,26.0,,0.7,2.1,1.0,20.0,0.51,220.0,71.0227778,0.305875,14.405,1.08777778,1.415,2.393793324,0.04922222,0.65127778,1.79277778,3.77888889,4.32888889,0.24788889,41.93741267,,65.6511,939.2451773,,1160.857055,811.8345097,84.34631998,33.48622441,98.25891832,1.814863416,,,,,,,2295.348893,1287.965719,,17.17252767,1.486123924,,,1916.634784,
SRR5682896,SRS2284098,SAMN06343752,SRA,10.0,44.9,-110.7,BED_host_MetaG,48098141.0,Illumina HiSeq 2500,biofilm,1.283744749,North_America,USA,YNP,Norris Geyser Basin,Beowulf Spring,spring,hot_spring,hot_spring,intraplate,hotspot,continental hotspot,,reduced,aerial,aerial,2773574.0,basalt,igneous,basalt,19003.0,Obsidian Cliff,44.8216667,-110.72778,4.3625577,Clinoferrosilite,2288.0,67.0,,2.9,,,,,,,,,9.0,,,,,,,,,,,,,,,,,,,,,,,,,,,,,,,,,,,,,,,,,,,,,,,,,,,,,,,,EarthChem,C131957,whole_rock,UNKNOWN,C131957,44.75333,-110.725,98.379696,75.7,0.17,12.7,1.6,,1.439696,0.01,0.05,0.3,2.98,5.01,,0.07,8.0,0.2,2.2,0.5,6.0,61.0,430.0,4.8,59.0,0.5,4.9,3.3,0.87,20.0,3.8,,1.0,35.0,14.0,,72.0,23.0,,6.5,,,4.8,5.6,14.0,3.8,0.75,26.0,,0.7,2.1,1.0,20.0,0.51,220.0,47.96333335,1.738333335,15.28833335,3.680833335,6.975,10.28705064,0.173166665,7.475,10.05333335,2.664166665,0.836666665,0.364916665,41.97227378,,479.742,932.6799316,,1160.204956,825.4614258,102.8200302,52.2830162,98.57619771,1.818100214,,,,,,,2273.0,1289.728271,,12.03034496,17.20866203,,,1935.541138,
SRR5682979,SRS2284181,SAMN06343753,SRA,23.0,44.73,-110.71,OSPB_host_MetaG,49417887.0,Illumina HiSeq 2500,biofilm,0.6616257779,North_America,USA,YNP,Norris Geyser Basin,One Hundred Spring,spring,hot_spring,hot_spring,intraplate,hotspot,continental hotspot,,reduced,aerial,aerial,942539.0,felsic,igneous,granite,171336.0,Emerald Spring,44.7261111,-110.70333,0.75690347,Sulphur,2288.0,72.0,,3.5,,,,0.5,,0.0,,0.14,9.0,0.0,469.0,115.27,,,1.147,,0.00162,,248.05,53.94,0.34,4.01,,,,,,,,,,,,1899.0,,,,,0.063,,1.76,0.2307,,,,,,,,,,,,,,,5.746,,,,,,,,EarthChem,C131957,whole_rock,UNKNOWN,C131957,44.75333,-110.725,98.379696,75.7,0.17,12.7,1.6,,1.439696,0.01,0.05,0.3,2.98,5.01,,0.07,8.0,0.2,2.2,0.5,6.0,61.0,430.0,4.8,59.0,0.5,4.9,3.3,0.87,20.0,3.8,,1.0,35.0,14.0,,72.0,23.0,,6.5,,,4.8,5.6,14.0,3.8,0.75,26.0,,0.7,2.1,1.0,20.0,0.51,220.0,71.0227778,0.305875,14.405,1.08777778,1.415,2.393793324,0.04922222,0.65127778,1.79277778,3.77888889,4.32888889,0.24788889,41.93741267,,65.6511,939.2451773,,1160.857055,811.8345097,84.34631998,33.48622441,98.25891832,1.814863416,,,,,,,2295.348893,1287.965719,,17.17252767,1.486123924,,,1916.634784,
SRR5723934,SRS2301460,SAMN06267149,SRA,23.0,44.73,-110.71,OSPB_Mat_host_9_15,33794479.0,Illumina HiSeq 2500,biofilm,0.4327870629,North_America,USA,YNP,Norris Geyser Basin,One Hundred Spring,spring,hot_spring,hot_spring,intraplate,hotspot,continental hotspot,,reduced,aerial,aerial,942539.0,felsic,igneous,granite,171336.0,Emerald Spring,44.7261111,-110.70333,0.75690347,Sulphur,2288.0,72.0,,3.5,,,,0.5,,0.0,,0.14,9.0,0.0,469.0,115.27,,,1.147,,0.00162,,248.05,53.94,0.34,4.01,,,,,,,,,,,,1899.0,,,,,0.063,,1.76,0.2307,,,,,,,,,,,,,,,5.746,,,,,,,,EarthChem,BN154A,whole_rock,"IGNEOUS,VOLCANIC,FELSIC,RHYOLITE",BN154A,44.5442,-110.8222,96.9901,73.81,0.245,11.96,,,1.62,0.04,0.2,0.68,3.08,5.24,0.0831,0.032,,,,,,,758.0,,151.0,,10.7,6.19,1.12,18.6,10.1,,2.11,75.7,,0.84,44.6,58.1,30.8,16.1,189.0,,11.3,,46.3,,1.7,24.5,,,5.8,,60.3,6.03,280.0,71.0227778,0.305875,14.405,1.08777778,1.415,2.393793324,0.04922222,0.65127778,1.79277778,3.77888889,4.32888889,0.24788889,41.93741267,,65.6511,939.2451773,,1160.857055,811.8345097,84.34631998,33.48622441,98.25891832,1.814863416,,,,,,,2295.348893,1287.965719,,17.17252767,1.486123924,,,1916.634784,
SRR5723982,SRS2301506,SAMN06267146,SRA,21.0,44.73,-110.71,BED_Mat_host_9_15,116178929.0,Illumina HiSeq 2500,biofilm,0.6673935005,North_America,USA,YNP,Norris Geyser Basin,Beowulf Spring,spring,hot_spring,hot_spring,intraplate,hotspot,continental hotspot,,reduced,aerial,aerial,942539.0,felsic,igneous,granite,171336.0,Emerald Spring,44.7261111,-110.70333,0.75690347,Sulphur,2288.0,67.0,,2.9,,,,,,,,,9.0,,,,,,,,,,,,,,,,,,,,,,,,,,,,,,,,,,,,,,,,,,,,,,,,,,,,,,,,EarthChem,BN154A,whole_rock,"IGNEOUS,VOLCANIC,FELSIC,RHYOLITE",BN154A,44.5442,-110.8222,96.9901,73.81,0.245,11.96,,,1.62,0.04,0.2,0.68,3.08,5.24,0.0831,0.032,,,,,,,758.0,,151.0,,10.7,6.19,1.12,18.6,10.1,,2.11,75.7,,0.84,44.6,58.1,30.8,16.1,189.0,,11.3,,46.3,,1.7,24.5,,,5.8,,60.3,6.03,280.0,71.0227778,0.305875,14.405,1.08777778,1.415,2.393793324,0.04922222,0.65127778,1.79277778,3.77888889,4.32888889,0.24788889,41.93741267,,65.6511,939.2451773,,1160.857055,811.8345097,84.34631998,33.48622441,98.25891832,1.814863416,,,,,,,2295.348893,1287.965719,,17.17252767,1.486123924,,,1916.634784,
SRR5747841,SRS2307237,SAMN06267239,SRA,3.0,36.96,-116.72,OV2 TP2,39153284.0,Illumina HiSeq 2500,,1.457258572,North_America,USA,Nevada,Beatty hot spring,Well OV2,spring,deep_well,hot_spring,intraplate,rift,continental rift,,mild_reduced,aerial,aerial,3186305.0,basalt,igneous,basalt,65210.0,Bailey's Hot Springs,36.9744444,-116.72306,0.79814098,Sulphur,2273.0,29.53,,7.91,,,,,,,,,1.73,5.03,54.43,115.54,,,1.33,,,0.01,177.51,6.29,1.81,19.54,,,,,,,,,,,,,0.0,,,,,,0.252,,,,,,,,,,,0.21,,,,,0.15,,,,,,,,EarthChem,TM2FVP,whole_rock,"IGNEOUS,VOLCANIC,MAFIC,BASALT",TM2FVP,37.13,-116.37,98.6772121,50.89,1.86,17.39,9.41,,8.4672121,0.17,4.74,7.1,4.23,2.85,,0.98,,24.8,,,167.0,,1390.0,,142.2,57.0,,,2.58,,,,,70.7,,0.402,,,,,48.0,14.97,10.06,,949.0,1.9,1.04,4.47,,,,,32.0,2.64,371.0,47.96333335,1.738333335,15.28833335,3.680833335,6.975,10.28705064,0.173166665,7.475,10.05333335,2.664166665,0.836666665,0.364916665,32.46340081,,177.844,364.0177322,,791.0111888,19.22349379,919.4272877,65.32950662,117.8209809,1.797227499,,,,,,,1105.889792,668.8205236,,21.62315686,37.19677847,,,1138.784728,
SRR5747860,SRS2307240,SAMN06267238,SRA,3.0,36.96,-116.72,OV2 TP1,39979549.0,Illumina HiSeq 2500,,0.4938473666,North_America,USA,Nevada,Beatty hot spring,Well OV2,spring,deep_well,hot_spring,intraplate,rift,continental rift,,mild_reduced,aerial,aerial,3186305.0,basalt,igneous,basalt,65210.0,Bailey's Hot Springs,36.9744444,-116.72306,0.79814098,Sulphur,2273.0,29.53,,7.91,,,,,,,,,1.73,5.03,54.43,115.54,,,1.33,,,0.01,177.51,6.29,1.81,19.54,,,,,,,,,,,,,0.0,,,,,,0.252,,,,,,,,,,,0.21,,,,,0.15,,,,,,,,EarthChem,TM2FVP,whole_rock,"IGNEOUS,VOLCANIC,MAFIC,BASALT",TM2FVP,37.13,-116.37,98.6772121,50.89,1.86,17.39,9.41,,8.4672121,0.17,4.74,7.1,4.23,2.85,,0.98,,24.8,,,167.0,,1390.0,,142.2,57.0,,,2.58,,,,,70.7,,0.402,,,,,48.0,14.97,10.06,,949.0,1.9,1.04,4.47,,,,,32.0,2.64,371.0,47.96333335,1.738333335,15.28833335,3.680833335,6.975,10.28705064,0.173166665,7.475,10.05333335,2.664166665,0.836666665,0.364916665,32.46340081,,177.844,364.0177322,,791.0111888,19.22349379,919.4272877,65.32950662,117.8209809,1.797227499,,,,,,,1105.889792,668.8205236,,21.62315686,37.19677847,,,1138.784728,
SRR5747861,SRS2307241,SAMN06267240,SRA,3.0,36.96,-116.72,OV2 TP3,52017668.0,Illumina HiSeq 2500,,1.233509144,North_America,USA,Nevada,Beatty hot spring,Well OV2,spring,deep_well,hot_spring,intraplate,rift,continental rift,,mild_reduced,aerial,aerial,3186305.0,basalt,igneous,basalt,65210.0,Bailey's Hot Springs,36.9744444,-116.72306,0.79814098,Sulphur,2273.0,29.53,,7.91,,,,,,,,,1.73,5.03,54.43,115.54,,,1.33,,,0.01,177.51,6.29,1.81,19.54,,,,,,,,,,,,,0.0,,,,,,0.252,,,,,,,,,,,0.21,,,,,0.15,,,,,,,,EarthChem,TM2FVP,whole_rock,"IGNEOUS,VOLCANIC,MAFIC,BASALT",TM2FVP,37.13,-116.37,98.6772121,50.89,1.86,17.39,9.41,,8.4672121,0.17,4.74,7.1,4.23,2.85,,0.98,,24.8,,,167.0,,1390.0,,142.2,57.0,,,2.58,,,,,70.7,,0.402,,,,,48.0,14.97,10.06,,949.0,1.9,1.04,4.47,,,,,32.0,2.64,371.0,47.96333335,1.738333335,15.28833335,3.680833335,6.975,10.28705064,0.173166665,7.475,10.05333335,2.664166665,0.836666665,0.364916665,32.46340081,,177.844,364.0177322,,791.0111888,19.22349379,919.4272877,65.32950662,117.8209809,1.797227499,,,,,,,1105.889792,668.8205236,,21.62315686,37.19677847,,,1138.784728,
SRR6049666,SRS2523762,SAMN07631051,SRA,14.0,44.61,-110.44,OP-RAMG-02,177955723.0,Illumina HiSeq 2500,sediment,0.3129258538,North_America,USA,YNP,Hayden Valley,Obsidian Pool,spring,hot_spring,hot_spring,intraplate,hotspot,continental hotspot,,reduced,aerial,aerial,958230.0,felsic,igneous,granite,277797.0,Grand Canyon Of The Yellowstone,44.7527778,-110.40528,6.75254786,"Alunite,Buddingtonite,Dickite,Kaolinite,Muscovite,Opal,Pyrite,Quartz,Slawsonite",2396.0,56.0,0.156,5.7,,,,7.0,0.16,0.0014,0.0,0.42,17.0,0.0,296.0,240.2,2.8,,0.4,0.09,0.01068,,285.75,33.23,0.6,5.21,,,,,,,,,,,,170.3,0.0,,,,0.0,,0.3,0.1,,,,,,,,,,,,,,,,,,,,,,,EarthChem,08CP39,whole_rock,"IGNEOUS,VOLCANIC,FELSIC,RHYOLITE",08CP39,44.733,-110.4458,100.0,76.02947143,0.3455296669,12.5636267,,,1.934763715,0.02184103753,0.0266788577,0.658986003,3.394196417,4.993490703,,0.03141546825,0.5,,,0.3360906463,3.6,56.8,1083.609687,,146.8,3.1,12.67779673,6.67443179,1.950485326,20.5,12.48464798,,2.48913948,77.20333599,,0.9002606461,49.40169468,66.12158842,30.4,18.01976937,173.9158838,5.9,13.90374048,,76.14910452,3.405900219,2.12221546,24.23505446,,,5.802778734,,62.49148187,5.896444724,375.4,71.0227778,0.305875,14.405,1.08777778,1.415,2.393793324,0.04922222,0.65127778,1.79277778,3.77888889,4.32888889,0.24788889,41.53017046,,283.689,964.1943262,,1183.388421,818.6900278,81.1837678,27.07051284,100.2267623,1.810843228,,,,,,,2458.209076,1308.863814,,20.29809204,20.05125858,,,1904.051412,
SRR6056608,SRS2529787,SAMN07631022,SRA,56.0,36.53,25.49,2SBTROV14_V59a,131198248.0,Illumina HiSeq 2500,biofilm,11.30579861,Mediterranean_Sea,Aegean_Sea,Aegean_sea,Kolumbo volcano,chimney V59,vent,deep_vent,deep_vent,plate margin,convergent,oceanic_subduction,,oxidized,subaerial,subaerial_saltwater,3149154.0,submarine continental crust,igneous,basalt,253452.0,Kolumbo Submarine Volcano,36.5166667,25.4916667,1.35104517,"Galena,Baryte,Gypsum,Orpiment,Pyrite,Realgar,Sphalerite",-505.0,22.0,,8.0,,,,,,,,,7.1,,,,,,,,,,1740.0,200.0,300.0,200.0,,,,,,,,,535.0,1660.0,10.0,241000.0,,9.83,2.67,1.7,10000.0,100.0,400.0,23.9,0.01,0.074,1.39,0.886,18.3,,,0.002,0.091,0.1,10000.0,1.0,0.04,0.02,43.4,0.01,10.0,890.0,0.082,0.338,0.045,0.14,Publication,https://doi.org/10.1002/2016GC006398,whole_rock,ANDESITE,NA007-115,36.518321,25.480971,99.998,60.15,0.84,17.66,,6.23,6.23,0.15,2.5,6.33,3.82,2.1,0.042,0.176,13.6,12.57,0.38,1.69,124.7,,357.4,1.37,34.08,1.11,3.9,2.42,1.18,17.81,3.82,,0.82,16.55,9.65,0.377,9.76,17.17,10.0,4.2,35.5,20.89,3.81,,538.6,0.614,0.628,5.0,4122.0,0.48,1.37,0.15,24.22,2.47,151.1,47.96333335,1.738333335,15.28833335,3.680833335,6.975,10.28705064,0.173166665,7.475,10.05333335,2.664166665,0.836666665,0.364916665,23.63277478,3577.372702,0.0,43.22336096,,250.5244723,1009.149592,944.1369686,16.19213858,60.72357939,1.748608246,,hel,-107.1049576,28.20862198,1.022092462,226.6505127,-197.105075,1936.040195,4.253800541,598.7207566,28.57609668,1.0,-18.04494095,107.9804145,
SRR6056610,SRS2529789,SAMN07631024,SRA,56.0,36.53,25.49,4SBTROV10_white,110378642.0,Illumina HiSeq 2500,biofilm,0.4353819858,Mediterranean_Sea,Aegean_Sea,Aegean_sea,Kolumbo volcano,inactive area of Kolumbo,vent,deep_vent,deep_vent,plate margin,convergent,oceanic_subduction,,oxidized,subaerial,subaerial_saltwater,3149154.0,submarine continental crust,igneous,basalt,253452.0,Kolumbo Submarine Volcano,36.5166667,25.4916667,1.35104517,"Galena,Baryte,Gypsum,Orpiment,Pyrite,Realgar,Sphalerite",-505.0,70.0,,6.0,,,,,,,,,7.1,,,,,,,,,,1740.0,200.0,300.0,200.0,,,,,,,,,535.0,1660.0,10.0,241000.0,,9.83,2.67,1.7,10000.0,100.0,400.0,23.9,0.01,0.074,1.39,0.886,18.3,,,0.002,0.091,0.1,10000.0,1.0,0.04,0.02,43.4,0.01,10.0,890.0,0.082,0.338,0.045,0.14,Publication,https://doi.org/10.1002/2016GC006398,whole_rock,ANDESITE,NA007-115,36.518321,25.480971,99.998,60.15,0.84,17.66,,6.23,6.23,0.15,2.5,6.33,3.82,2.1,0.042,0.176,13.6,12.57,0.38,1.69,124.7,,357.4,1.37,34.08,1.11,3.9,2.42,1.18,17.81,3.82,,0.82,16.55,9.65,0.377,9.76,17.17,10.0,4.2,35.5,20.89,3.81,,538.6,0.614,0.628,5.0,4122.0,0.48,1.37,0.15,24.22,2.47,151.1,47.96333335,1.738333335,15.28833335,3.680833335,6.975,10.28705064,0.173166665,7.475,10.05333335,2.664166665,0.836666665,0.364916665,23.63277478,3577.372702,0.0,43.22336096,,250.5244723,1009.149592,944.1369686,16.19213858,60.72357939,1.748608246,,hel,-107.1049576,28.20862198,1.022092462,226.6505127,-197.105075,1936.040195,4.253800541,598.7207566,28.57609668,1.0,-18.04494095,107.9804145,
SRR6207163,SRS2622025,SAMN06268699,SRA,15.0,44.38,-110.69,Con_C,127721447.0,Illumina HiSeq 2000,sediment,0.07378185617,North_America,USA,YNP,Lower Geyser Basin,Conch Hot Spring,spring,hot_spring,hot_spring,intraplate,hotspot,continental hotspot,,reduced,aerial,aerial,958230.0,felsic,igneous,granite,248603.0,Norris Geyser Basin,44.7261111,-110.70306,13.6788136,Sulphur,2154.0,92.3,1.017,9.0,,,,,,,,,7.7,,234.3,13.45,0.00025855,,,,,,,,,,,,,,,,,,,,,,,,,,,,,,,,,,,,,,,,,,,,,,,,,,,,EarthChem,D101812,whole_rock,"IGNEOUS,VOLCANIC,FELSIC,RHYOLITE",D101811,44.3667,-110.617,99.3039126,76.44,0.14,12.09,0.46,1.0,1.4139126,0.04,,0.45,3.55,5.16,,0.02,2.0,1.0,6.0,2.0,2.5,10.0,190.0,,,0.5,,,,17.0,,,,120.0,,,57.0,,26.0,,,3.0,,0.5,10.0,,,,0.094,,,,88.0,8.0,250.0,71.0227778,0.305875,14.405,1.08777778,1.415,2.393793324,0.04922222,0.65127778,1.79277778,3.77888889,4.32888889,0.24788889,41.96675448,,187.902,956.701269,,1166.353634,786.8894082,48.96070383,5.121611947,97.86032038,1.807915798,,,,,,,2383.333032,1288.413508,,20.16405378,35.46835719,,,1877.802382,
SRR6244844,SRS2651329,SAMN06269059,SRA,33.0,49.95,-116.52,H14,5066885.0,NextSeq 500,sediment,0.0002775095149,North_America,Canada,Canada,Dewar Creek,Dewar Creek,spring,hot_spring,hot_spring,plate margin,convergent,collisional,,oxidized,aerial,aerial,970576.0,sedimentary,sedimentary,sedimentary,237505.0,Invermere,50.3405556,-116.42389,22.1123722,"Arsenopyrite,Baryte,Bournonite,Dolomite,Galena,Ktenasite,Meneghinite,Pyrite,Quartz,Scheelite,Sphalerite,Tetrahedrite",1498.0,82.8,0.878,6.4,,,,,,,,,,,54.0,287.0,0.00311915,,0.04,,,,206.0,10.9,0.3,27.9,,,,,,,,,,4.0,,42.0,58.0,,,,6.0,,,,,,,,,,,,,907.0,,,,,3.3,,,,,,,,EarthChem,AB02-04,whole_rock,"IGNEOUS, VOLCANIC, INTERMEDIATE, TRACHYTE",AB02-04,49.2078,-114.7025,91.25,58.58,0.28,17.67,3.77,,,0.09,0.79,3.56,5.68,4.44,,0.16,5.0,8.71,5.0,35.0,540.0,87.0,42.0,,89.0,36.0,9.9,5.9,3.4,41.0,9.9,,2.0,47.0,35.0,1.04,55.0,46.0,20.0,11.0,,89.3,10.0,30.0,260.0,3.78,1.6,14.8,1.9,3.78,5.0,,48.0,6.51,500.0,,,,,,,,,,,,,36.79787884,,4.63447,453.6681621,,760.7307844,906.7270323,783.055154,387.9296266,64.40763312,1.94020098,,cas,-376.6121521,65.89542389,4.354143143,78.15634918,1958.2235,906.7270323,227.569663,24.05778602,449.0317664,,-19.13105202,2526.205037,
SRR6244845,SRS2651330,SAMN06269058,SRA,33.0,49.95,-116.52,G14,4414067.0,NextSeq 500,sediment,0.003150814374,North_America,Canada,Canada,Dewar Creek,Dewar Creek,spring,hot_spring,hot_spring,plate margin,convergent,collisional,,oxidized,aerial,aerial,970576.0,sedimentary,sedimentary,sedimentary,237505.0,Invermere,50.3405556,-116.42389,22.1123722,"Arsenopyrite,Baryte,Bournonite,Dolomite,Galena,Ktenasite,Meneghinite,Pyrite,Quartz,Scheelite,Sphalerite,Tetrahedrite",1498.0,82.8,0.878,6.4,,,,,,,,,,,54.0,287.0,0.00311915,,0.04,,,,206.0,10.9,0.3,27.9,,,,,,,,,,4.0,,42.0,58.0,,,,6.0,,,,,,,,,,,,,907.0,,,,,3.3,,,,,,,,EarthChem,AB02-04,whole_rock,"IGNEOUS, VOLCANIC, INTERMEDIATE, TRACHYTE",AB02-04,49.2078,-114.7025,91.25,58.58,0.28,17.67,3.77,,,0.09,0.79,3.56,5.68,4.44,,0.16,5.0,8.71,5.0,35.0,540.0,87.0,42.0,,89.0,36.0,9.9,5.9,3.4,41.0,9.9,,2.0,47.0,35.0,1.04,55.0,46.0,20.0,11.0,,89.3,10.0,30.0,260.0,3.78,1.6,14.8,1.9,3.78,5.0,,48.0,6.51,500.0,,,,,,,,,,,,,36.79787884,,4.63447,453.6681621,,760.7307844,906.7270323,783.055154,387.9296266,64.40763312,1.94020098,,cas,-376.6121521,65.89542389,4.354143143,78.15634918,1958.2235,906.7270323,227.569663,24.05778602,449.0317664,,-19.13105202,2526.205037,
SRR6344961,SRS2733204,SAMN08105301,SRA,28.0,54.3,160.02,A04,23070175.0,Illumina MiSeq,sediment,0.6969282031,Asia,Russia,Kamchatka,Uzon Caldera,Arkashin,spring,hot_spring,hot_spring,plate margin,convergent,oceanic-continental subduction,,oxidized,aerial,aerial,3187536.0,mafic,igneous,basalt,266034.0,Malyi Semyachik Volcano,54.1333333,159.666667,42.9684228,"Anorthite,Forsterite,Rhonite",5305.0,99.0,,3.7,,0.2,0.02,,1.00833333,,,,8.1,,,,,,,,,,,,75.4,1130.0,,,,,,,,,,5.8,11.0,2620.0,9.74,,,4.95,7.21,,3390.0,43.0,,,,6.24,,,,,,,0.784,2.08,,,11.2,,,,,,,,EarthChem,1988 L-80,whole_rock,"IGNEOUS,VOLCANIC",1988 L-80,54.27,159.98,98.159,74.44,0.21,13.06,,,1.49,0.064,0.4,1.74,3.98,2.74,,0.035,3.0,,,,10.0,23.0,741.0,,16.0,4.0,,,,11.0,,,,11.0,,,1.6,8.0,5.0,,52.0,177.0,,,,,,2.0,,,1.0,,,,87.0,47.96333335,1.738333335,15.28833335,3.680833335,6.975,10.28705064,0.173166665,7.475,10.05333335,2.664166665,0.836666665,0.364916665,35.80921241,,2366.74,16.41039333,,196.6839222,2927.134521,2410.626104,2.59272073,88.06324496,1.882842956,,kur,-77.44856262,34.36979675,7.555336952,104.3449707,1119.224,3844.72191,1.302067518,76.24548425,28.23858015,,-51.89009857,356.5460432,
SRR6344962,SRS2733205,SAMN08105287,SRA,29.0,54.29,160.05,Zavarzin (Z05),22349392.0,Illumina MiSeq,sediment,0.6141924103,Asia,Russia,Kamchatka,Uzon Caldera,Zavarzin Spring,spring,hot_spring,hot_spring,plate margin,convergent,oceanic-continental subduction,,oxidized,aerial,aerial,3187536.0,mafic,igneous,basalt,266034.0,Malyi Semyachik Volcano,54.1333333,159.666667,45.6547595,"Anorthite,Forsterite,Rhonite",5305.0,74.0,,5.5,,0.13,0.03,,1.51666667,,,,8.1,,,,,,,,,,,,117.8,454.0,,,,,,,,,,17.1,13.0,60500.0,263.0,,,58.3,44.8,,2890.0,126.0,,,,0.515,,,,,,,1.77,,,,35.2,,,,,,,,EarthChem,1988 L-80,whole_rock,"IGNEOUS,VOLCANIC",1988 L-80,54.27,159.98,98.159,74.44,0.21,13.06,,,1.49,0.064,0.4,1.74,3.98,2.74,,0.035,3.0,,,,10.0,23.0,741.0,,16.0,4.0,,,,11.0,,,,11.0,,,1.6,8.0,5.0,,52.0,177.0,,,,,,2.0,,,1.0,,,,87.0,47.96333335,1.738333335,15.28833335,3.680833335,6.975,10.28705064,0.173166665,7.475,10.05333335,2.664166665,0.836666665,0.364916665,35.51390554,,2400.43,15.72234855,,194.4552265,2928.73354,2412.561147,3.740973824,87.99940485,1.882692504,,kur,-75.48336029,33.75045395,7.555336952,104.3449707,888.706375,3844.69525,2.641930401,78.4910284,27.8588455,,-51.89009857,355.7909679,
SRR6439354,SRS2806256,SAMN08290430,SRA,40.0,-49.48,37.99,SWIR4_deep_sea_vent_2x101bp_df,8921186.0,Illumina HiSeq 2500,,0.6258537668,Indian_Ocean,Indian_Ridge,Southwest_Indian_Ridge,SWIR,SWIR4,vent,deep_vent,deep_vent,plate margin,divergent,oceanic divergent,,mild_reduced,subaerial,subaerial_saltwater,,basalt,igneous,basalt,303996.0,Cape Hinode,-68.133889,42.6894444,1661.00099,"Corundum,Epidote,Kyanite,Quartz,Spinel",-2328.0,,,,,,,,,,,,9.8,,,,,,,,,,,,,,,,,,,,,,,,,,,,,,,,,,,,,,,,,,,,,,,,,,,,,,,,EarthChem,LC28,whole_rock,"IGNEOUS,VOLCANIC,MAFIC,BASALT",LC28,-46.75,37.75,98.31936637,46.699,2.558,13.08333333,12.10666667,,10.8936997,0.1646666667,11.05366667,10.238,3.083333333,0.2413333333,,0.3043333333,87.526,63.601,,232.555,238.612,84.508,345.0,,69.135,420.352,,,,,,,,30.225,,,27.92,38.675,,,9.85,24.5,,,429.06,,,4.0,,,,,22.34,,189.31,47.96333335,1.738333335,15.28833335,3.680833335,6.975,10.28705064,0.173166665,7.475,10.05333335,2.664166665,0.836666665,0.364916665,6.924065808,228.4840168,0.0,284.3186401,,4019.996104,433.4733577,275.7645287,287.4345176,59.76403447,0.7930197454,12.7963216,,,,,,-4640.579412,433.4733577,,1999.764429,299.532696,,,1701.633278,68.07670776
SRR6439355,SRS2806254,SAMN08290429,SRA,40.0,-49.38,37.52,SWIR3_deep_sea_vent_2x101bp_30ivtvg01,18987264.0,Illumina HiSeq 2500,,0.4013294954,Indian_Ocean,Indian_Ridge,Southwest_Indian_Ridge,SWIR,SWIR4,vent,deep_vent,deep_vent,plate margin,divergent,oceanic divergent,,mild_reduced,subaerial,subaerial_saltwater,,basalt,igneous,basalt,303996.0,Cape Hinode,-68.133889,42.6894444,1691.03304,"Corundum,Epidote,Kyanite,Quartz,Spinel",-2822.0,,,,,,,,,,,,9.8,,,,,,,,,,,,,,,,,,,,,,,,,,,,,,,,,,,,,,,,,,,,,,,,,,,,,,,,EarthChem,LC28,whole_rock,"IGNEOUS,VOLCANIC,MAFIC,BASALT",LC28,-46.75,37.75,98.31936637,46.699,2.558,13.08333333,12.10666667,,10.8936997,0.1646666667,11.05366667,10.238,3.083333333,0.2413333333,,0.3043333333,87.526,63.601,,232.555,238.612,84.508,345.0,,69.135,420.352,,,,,,,,30.225,,,27.92,38.675,,,9.85,24.5,,,429.06,,,4.0,,,,,22.34,,189.31,47.96333335,1.738333335,15.28833335,3.680833335,6.975,10.28705064,0.173166665,7.475,10.05333335,2.664166665,0.836666665,0.364916665,6.871368889,133.4010316,0.0,271.631181,,4000.611235,398.9270527,267.0356972,276.2890985,60.25348597,0.8011459537,9.141833088,,,,,,-4836.280832,398.9270527,,1972.922217,286.2559596,,,1709.104919,62.14020801
SRR6439356,SRS2806255,SAMN08290428,SRA,40.0,-49.39,37.78,SWIR2_deep_sea_vent_2x101bp_30iiirov01,17272258.0,Illumina HiSeq 2500,,1.238511535,Indian_Ocean,Indian_Ridge,Southwest_Indian_Ridge,SWIR,SWIR4,vent,deep_vent,deep_vent,plate margin,divergent,oceanic divergent,,mild_reduced,subaerial,subaerial_saltwater,,basalt,igneous,basalt,303996.0,Cape Hinode,-68.133889,42.6894444,1677.88331,"Corundum,Epidote,Kyanite,Quartz,Spinel",-2742.0,,,,,,,,,,,,9.8,,,,,,,,,,,,,,,,,,,,,,,,,,,,,,,,,,,,,,,,,,,,,,,,,,,,,,,,EarthChem,LC28,whole_rock,"IGNEOUS,VOLCANIC,MAFIC,BASALT",LC28,-46.75,37.75,98.31936637,46.699,2.558,13.08333333,12.10666667,,10.8936997,0.1646666667,11.05366667,10.238,3.083333333,0.2413333333,,0.3043333333,87.526,63.601,,232.555,238.612,84.508,345.0,,69.135,420.352,,,,,,,,30.225,,,27.92,38.675,,,9.85,24.5,,,429.06,,,4.0,,,,,22.34,,189.31,47.96333335,1.738333335,15.28833335,3.680833335,6.975,10.28705064,0.173166665,7.475,10.05333335,2.664166665,0.836666665,0.364916665,6.888168066,180.0313351,0.0,273.092461,,4014.528315,415.2475097,266.2563652,276.8798818,60.06417799,0.7984537515,6.415606193,,,,,,-4502.61808,415.2475097,,1983.379601,287.6687271,,,1709.924573,65.35948135
SRR6439358,SRS2806252,SAMN08290434,SRA,40.0,-48.85,37.99,SWIR8_deep_sea_vent_2x150bp_vent10,46155084.0,Illumina HiSeq 2500,,0.7199881184,Indian_Ocean,Indian_Ridge,Southwest_Indian_Ridge,SWIR,SWIR4,vent,deep_vent,deep_vent,plate margin,divergent,oceanic divergent,,mild_reduced,subaerial,subaerial_saltwater,,basalt,igneous,basalt,303996.0,Cape Hinode,-68.133889,42.6894444,1711.42764,"Corundum,Epidote,Kyanite,Quartz,Spinel",-1711.0,,,,,,,,,,,,9.8,,,,,,,,,,,,,,,,,,,,,,,,,,,,,,,,,,,,,,,,,,,,,,,,,,,,,,,,EarthChem,LC28,whole_rock,"IGNEOUS,VOLCANIC,MAFIC,BASALT",LC28,-46.75,37.75,98.31936637,46.699,2.558,13.08333333,12.10666667,,10.8936997,0.1646666667,11.05366667,10.238,3.083333333,0.2413333333,,0.3043333333,87.526,63.601,,232.555,238.612,84.508,345.0,,69.135,420.352,,,,,,,,30.225,,,27.92,38.675,,,9.85,24.5,,,429.06,,,4.0,,,,,22.34,,189.31,47.96333335,1.738333335,15.28833335,3.680833335,6.975,10.28705064,0.173166665,7.475,10.05333335,2.664166665,0.836666665,0.364916665,6.864540315,234.568628,0.0,214.8061422,,4064.596393,392.7357777,205.7007446,217.5580907,61.0741652,0.8181797566,2.446728434,,,,,,-4916.842438,392.7357777,,1939.968827,229.2300847,,,1771.272485,55.50289701
SRR6439359,SRS2806251,SAMN08290433,SRA,40.0,-51.73,37.47,SWIR7_deep_sea_vent_2x150bp_vent9,48974570.0,Illumina HiSeq 2500,,0.7621732453,Indian_Ocean,Indian_Ridge,Southwest_Indian_Ridge,SWIR,SWIR4,vent,deep_vent,deep_vent,plate margin,divergent,oceanic divergent,,mild_reduced,subaerial,subaerial_saltwater,,basalt,igneous,basalt,31175.0,Prince Olav Coast (Prince Ulaf Coast),-68.566389,40.9833333,1499.25245,"Almandine,Copiapite,Ferrohogbomite-2N2S,Hydroniumjarosite,Kyanite,Magnesio-hastingsite,Muscovite,Potassic-ferro-pargasite,Quartz,Staurolite,Atacamite",-1592.0,,,,,,,,,,,,9.8,,,,,,,,,,,,,,,,,,,,,,,,,,,,,,,,,,,,,,,,,,,,,,,,,,,,,,,,EarthChem,LC28,whole_rock,"IGNEOUS,VOLCANIC,MAFIC,BASALT",LC28,-46.75,37.75,98.31936637,46.699,2.558,13.08333333,12.10666667,,10.8936997,0.1646666667,11.05366667,10.238,3.083333333,0.2413333333,,0.3043333333,87.526,63.601,,232.555,238.612,84.508,345.0,,69.135,420.352,,,,,,,,30.225,,,27.92,38.675,,,9.85,24.5,,,429.06,,,4.0,,,,,22.34,,189.31,47.96333335,1.738333335,15.28833335,3.680833335,6.975,10.28705064,0.173166665,7.475,10.05333335,2.664166665,0.836666665,0.364916665,6.834818391,263.0174721,0.0,533.0670697,,3837.172619,547.099778,527.4577007,537.5565248,61.32518219,0.7084456533,28.25824785,,,,,,-4393.272286,493.0834597,,2201.767387,198.3017007,,,1448.785685,81.87441411
SRR6439360,SRS2806250,SAMN08290432,SRA,40.0,-49.48,37.52,SWIR6_deep_sea_vent_2x150bp_vent8,43972275.0,Illumina HiSeq 2500,,0.6153432571,Indian_Ocean,Indian_Ridge,Southwest_Indian_Ridge,SWIR,SWIR4,vent,deep_vent,deep_vent,plate margin,divergent,oceanic divergent,,mild_reduced,subaerial,subaerial_saltwater,,basalt,igneous,basalt,303996.0,Cape Hinode,-68.133889,42.6894444,1683.09015,"Corundum,Epidote,Kyanite,Quartz,Spinel",-1973.0,,,,,,,,,,,,9.8,,,,,,,,,,,,,,,,,,,,,,,,,,,,,,,,,,,,,,,,,,,,,,,,,,,,,,,,EarthChem,LC28,whole_rock,"IGNEOUS,VOLCANIC,MAFIC,BASALT",LC28,-46.75,37.75,98.31936637,46.699,2.558,13.08333333,12.10666667,,10.8936997,0.1646666667,11.05366667,10.238,3.083333333,0.2413333333,,0.3043333333,87.526,63.601,,232.555,238.612,84.508,345.0,,69.135,420.352,,,,,,,,30.225,,,27.92,38.675,,,9.85,24.5,,,429.06,,,4.0,,,,,22.34,,189.31,47.96333335,1.738333335,15.28833335,3.680833335,6.975,10.28705064,0.173166665,7.475,10.05333335,2.664166665,0.836666665,0.364916665,6.88604923,141.6127942,0.0,282.7512863,,3993.586731,405.3281793,278.0571608,287.389359,60.05333607,0.7971764437,9.778046149,,,,,,-4950.662592,405.3281793,,1982.573005,297.3758965,,,1698.037416,62.98230249
SRR6439361,SRS2806249,SAMN08290431,SRA,40.0,-49.66,37.47,SWIR5_deep_sea_vent_2x150bp_vent5,50301393.0,Illumina HiSeq 2500,,2.346586602,Indian_Ocean,Indian_Ridge,Southwest_Indian_Ridge,SWIR,SWIR4,vent,deep_vent,deep_vent,plate margin,divergent,oceanic divergent,,mild_reduced,subaerial,subaerial_saltwater,,basalt,igneous,basalt,31175.0,Prince Olav Coast (Prince Ulaf Coast),-68.566389,40.9833333,1671.10868,"Almandine,Copiapite,Ferrohogbomite-2N2S,Hydroniumjarosite,Kyanite,Magnesio-hastingsite,Muscovite,Potassic-ferro-pargasite,Quartz,Staurolite,Atacamite",-1753.0,,,,,,,,,,,,9.8,,,,,,,,,,,,,,,,,,,,,,,,,,,,,,,,,,,,,,,,,,,,,,,,,,,,,,,,EarthChem,LC28,whole_rock,"IGNEOUS,VOLCANIC,MAFIC,BASALT",LC28,-46.75,37.75,98.31936637,46.699,2.558,13.08333333,12.10666667,,10.8936997,0.1646666667,11.05366667,10.238,3.083333333,0.2413333333,,0.3043333333,87.526,63.601,,232.555,238.612,84.508,345.0,,69.135,420.352,,,,,,,,30.225,,,27.92,38.675,,,9.85,24.5,,,429.06,,,4.0,,,,,22.34,,189.31,47.96333335,1.738333335,15.28833335,3.680833335,6.975,10.28705064,0.173166665,7.475,10.05333335,2.664166665,0.836666665,0.364916665,6.936049782,154.9220816,0.0,302.8488122,,3978.174645,414.5119982,298.3802419,307.6024179,59.74600763,0.7904893229,8.762126897,,,,,,-4711.757664,414.5119982,,1998.210528,313.8419673,,,1677.758241,65.03746969
SRR6439362,SRS2806248,SAMN08290436,SRA,39.0,-13.35,-15.01,SMAR2,18034379.0,Illumina HiSeq 2500,,1.193903279,Atlantic_Ocean,MAR,South-mid_Atlantic_Ridge,SMAR,SMAR-2,vent,deep_vent,deep_vent,plate margin,divergent,oceanic divergent,,mild_reduced,subaerial,subaerial_saltwater,,basalt,igneous,basalt,107068.0,Middleton Peak,-7.95,-14.366667,585.200671,"Aegirine,Aenigmatite,Arfvedsonite,Dalyite,Quartz",-2891.0,,,,,,,,,,,,8.9,,,,,,,,,,,,,,,,,,,,,,,3005.0,,,,,,,495.0,,,,,,,,,,,,,,,,,,,,,,,,,,MORB,MARR187,whole_rock,BASALT,MARR187,-12.919,-14.611,99.64,50.33,1.18,16.11,,,8.67,0.18,8.65,11.33,2.69,0.11,,0.39,82.0,46.5,0.31,185.0,253.0,87.4,21.5,,9.79,354.0,4.83,3.02,1.09,15.8,3.77,1.82,1.05,3.25,4.6,0.42,3.58,8.5,0.37,1.61,1.58,35.3,2.96,0.76,127.0,0.23,0.73,0.217,1.34,0.017,0.06,0.08,28.2,2.8,84.8,47.96333335,1.738333335,15.28833335,3.680833335,6.975,10.28705064,0.173166665,7.475,10.05333335,2.664166665,0.836666665,0.364916665,6.996058351,180.9337489,0.0,2118.096926,,4758.95089,50.27693013,602.0002307,601.3974012,111.6266931,1.484538958,20.83083495,,,,,,-2617.999719,50.27693013,,2096.275215,59.89306902,,,2041.714682,2.998674793
SRR6439363,SRS2806247,SAMN08290435,SRA,39.0,-14.35,-14.04,SMAR1,9338500.0,Illumina HiSeq 2500,,0.2239802658,Atlantic_Ocean,MAR,South-mid_Atlantic_Ridge,SMAR,SMAR-1,vent,deep_vent,deep_vent,plate margin,divergent,oceanic divergent,,mild_reduced,subaerial,subaerial_saltwater,,basalt,igneous,basalt,58.0,Green Mountain,-7.95,-14.333056,690.691079,"Aegirine,Dalyite,Quartz,Vlasovite",-3034.0,,,,,,,,,,,,8.9,,,,,,,,,,,,,,,,,,,,,,,2133.0,,,,,,,539.0,,,,,,,,,,,,,,,,,,,,,,,,,,MORB,MARR189,whole_rock,BASALT,MARR189,-15.014,-13.415,98.86,49.8,1.63,15.77,,,8.66,0.19,7.2,10.64,3.29,0.62,,1.06,76.0,41.1,0.36,105.0,265.0,86.4,92.8,,24.69,249.0,5.33,3.23,1.38,16.7,4.49,,1.15,11.02,5.7,0.44,16.02,14.74,0.84,3.25,9.02,36.7,1.09,1.25,243.0,1.33,0.84,1.158,1.62,0.03,0.338,0.29,30.7,2.96,135.6,47.96333335,1.738333335,15.28833335,3.680833335,6.975,10.28705064,0.173166665,7.475,10.05333335,2.664166665,0.836666665,0.364916665,7.25458487,44.28173497,0.0,2184.028225,,4670.594926,24.51290197,700.7785671,708.8640632,121.305018,2.07816791,20.4512548,,,,,,-2246.5585,23.15864641,,2164.370529,30.54028305,,,2119.871212,2.335552842
SRR6439364,SRS2806245,SAMN08290438,SRA,39.0,-14.31,-13.35,SMAR4,18156401.0,Illumina HiSeq 2500,,0.5066744075,Atlantic_Ocean,MAR,South-mid_Atlantic_Ridge,SMAR,SMAR-4,vent,deep_vent,deep_vent,plate margin,divergent,oceanic divergent,,mild_reduced,subaerial,subaerial_saltwater,,basalt,igneous,basalt,58.0,Green Mountain,-7.95,-14.333056,695.279896,"Aegirine,Dalyite,Quartz,Vlasovite",-2194.0,,,,,,,,,,,,8.9,,,,,,,,,,,,,,,,,,,,,,,8370.0,,,,,,,182298.0,,,,,,,,,,,,,,,,,,,,,,,,,,MORB,MARR189,whole_rock,BASALT,MARR189,-15.014,-13.415,98.86,49.8,1.63,15.77,,,8.66,0.19,7.2,10.64,3.29,0.62,,1.06,76.0,41.1,0.36,105.0,265.0,86.4,92.8,,24.69,249.0,5.33,3.23,1.38,16.7,4.49,,1.15,11.02,5.7,0.44,16.02,14.74,0.84,3.25,9.02,36.7,1.09,1.25,243.0,1.33,0.84,1.158,1.62,0.03,0.338,0.29,30.7,2.96,135.6,47.96333335,1.738333335,15.28833335,3.680833335,6.975,10.28705064,0.173166665,7.475,10.05333335,2.664166665,0.836666665,0.364916665,7.386731503,48.12044284,0.0,2156.718522,,4690.251505,23.34822861,701.5902671,712.281439,111.071941,2.962260241,16.61421116,,,,,,-2256.993375,32.39593674,,2138.183088,98.8883083,,,2099.023299,1.3792244
SRR6439365,SRS2806246,SAMN08290437,SRA,39.0,-14.06,-13.02,SMAR3,17512415.0,Illumina HiSeq 2500,,1.307665119,Atlantic_Ocean,MAR,South-mid_Atlantic_Ridge,SMAR,SMAR-3,vent,deep_vent,deep_vent,plate margin,divergent,oceanic divergent,,mild_reduced,subaerial,subaerial_saltwater,,basalt,igneous,basalt,58.0,Green Mountain,-7.95,-14.333056,676.057086,"Aegirine,Dalyite,Quartz,Vlasovite",-2773.0,,,,,,,,,,,,8.9,,,,,,,,,,,,,,,,,,,,,,,35176.0,,,,,,,35176.0,,,,,,,,,,,,,,,,,,,,,,,,,,MORB,MARR189,whole_rock,BASALT,MARR189,-15.014,-13.415,98.86,49.8,1.63,15.77,,,8.66,0.19,7.2,10.64,3.29,0.62,,1.06,76.0,41.1,0.36,105.0,265.0,86.4,92.8,,24.69,249.0,5.33,3.23,1.38,16.7,4.49,,1.15,11.02,5.7,0.44,16.02,14.74,0.84,3.25,9.02,36.7,1.09,1.25,243.0,1.33,0.84,1.158,1.62,0.03,0.338,0.29,30.7,2.96,135.6,47.96333335,1.738333335,15.28833335,3.680833335,6.975,10.28705064,0.173166665,7.475,10.05333335,2.664166665,0.836666665,0.364916665,7.244795778,75.88694301,0.0,2119.971535,,4724.843544,64.63414156,678.8240158,691.7611757,104.5886579,3.155352124,13.18977463,,,,,,-2723.405696,64.79073812,,2101.873819,133.9096249,,,2064.878542,4.181448405
SRR6439366,SRS2806244,SAMN08290440,SRA,39.0,-14.51,-13.35,SMAR6,17359520.0,Illumina HiSeq 2500,,0.6136245357,Atlantic_Ocean,MAR,South-mid_Atlantic_Ridge,SMAR,SMAR-6,vent,deep_vent,deep_vent,plate margin,divergent,oceanic divergent,,mild_reduced,subaerial,subaerial_saltwater,,basalt,igneous,basalt,58.0,Green Mountain,-7.95,-14.333056,716.610337,"Aegirine,Dalyite,Quartz,Vlasovite",-1820.0,,,,,,,,,,,,8.9,,,,,,,,,,,,,,,,,,,,,,,7504.0,,,,,,,2841.0,,,,,,,,,,,,,,,,,,,,,,,,,,MORB,MARR189,whole_rock,BASALT,MARR189,-15.014,-13.415,98.86,49.8,1.63,15.77,,,8.66,0.19,7.2,10.64,3.29,0.62,,1.06,76.0,41.1,0.36,105.0,265.0,86.4,92.8,,24.69,249.0,5.33,3.23,1.38,16.7,4.49,,1.15,11.02,5.7,0.44,16.02,14.74,0.84,3.25,9.02,36.7,1.09,1.25,243.0,1.33,0.84,1.158,1.62,0.03,0.338,0.29,30.7,2.96,135.6,47.96333335,1.738333335,15.28833335,3.680833335,6.975,10.28705064,0.173166665,7.475,10.05333335,2.664166665,0.836666665,0.364916665,7.429203675,17.52102108,0.0,2177.87676,,4668.620813,17.99160396,723.6056597,734.1396535,109.21879,2.982293085,16.58095717,,,,,,-2430.283594,47.49602702,,2159.444124,104.6046437,,,2120.688271,1.064601962
SRR6439367,SRS2806243,SAMN08290439,SRA,39.0,-14.51,-13.58,SMAR5,16095175.0,Illumina HiSeq 2500,,1.23628837,Atlantic_Ocean,MAR,South-mid_Atlantic_Ridge,SMAR,SMAR-5,vent,deep_vent,deep_vent,plate margin,divergent,oceanic divergent,,mild_reduced,subaerial,subaerial_saltwater,,basalt,igneous,basalt,58.0,Green Mountain,-7.95,-14.333056,712.811831,"Aegirine,Dalyite,Quartz,Vlasovite",-2400.0,,,,,,,,,,,,8.9,,,,,,,,,,,,,,,,,,,,,,,7504.0,,,,,,,2841.0,,,,,,,,,,,,,,,,,,,,,,,,,,MORB,MARR189,whole_rock,BASALT,MARR189,-15.014,-13.415,98.86,49.8,1.63,15.77,,,8.66,0.19,7.2,10.64,3.29,0.62,,1.06,76.0,41.1,0.36,105.0,265.0,86.4,92.8,,24.69,249.0,5.33,3.23,1.38,16.7,4.49,,1.15,11.02,5.7,0.44,16.02,14.74,0.84,3.25,9.02,36.7,1.09,1.25,243.0,1.33,0.84,1.158,1.62,0.03,0.338,0.29,30.7,2.96,135.6,47.96333335,1.738333335,15.28833335,3.680833335,6.975,10.28705064,0.173166665,7.475,10.05333335,2.664166665,0.836666665,0.364916665,7.420803241,36.66896473,0.0,2185.239391,,4663.420426,7.458741132,721.8857524,730.754868,113.4655719,2.611828986,19.60890566,,,,,,-2791.035352,38.37198214,,2166.423077,81.95248688,,,2125.857474,0.3243091485
SRR6439368,SRS2806242,SAMN08290442,SRA,47.0,-14.51,-13.58,SMAR8,54901128.0,Illumina HiSeq 2500,,1.793232982,Atlantic_Ocean,MAR,South-mid_Atlantic_Ridge,SMAR,SMAR-8,vent,deep_vent,deep_vent,plate margin,divergent,oceanic divergent,,mild_reduced,subaerial,subaerial_saltwater,,basalt,igneous,basalt,58.0,Green Mountain,-7.95,-14.333056,712.811831,"Aegirine,Dalyite,Quartz,Vlasovite",-2785.0,,,,,,,,,,,,8.9,,,,,,,,,,,,,,,,,,,,,,,7175.0,,,,,,,565.0,,,,,,,,,,,,,,,,,,,,,,,,,,MORB,MARR189,whole_rock,BASALT,MARR189,-15.014,-13.415,98.86,49.8,1.63,15.77,,,8.66,0.19,7.2,10.64,3.29,0.62,,1.06,76.0,41.1,0.36,105.0,265.0,86.4,92.8,,24.69,249.0,5.33,3.23,1.38,16.7,4.49,,1.15,11.02,5.7,0.44,16.02,14.74,0.84,3.25,9.02,36.7,1.09,1.25,243.0,1.33,0.84,1.158,1.62,0.03,0.338,0.29,30.7,2.96,135.6,47.96333335,1.738333335,15.28833335,3.680833335,6.975,10.28705064,0.173166665,7.475,10.05333335,2.664166665,0.836666665,0.364916665,7.420803241,36.66896473,0.0,2185.239391,,4663.420426,7.458741132,721.8857524,730.754868,113.4655719,2.611828986,19.60890566,,,,,,-2791.035352,38.37198214,,2166.423077,81.95248688,,,2125.857474,0.3243091485
SRR6439369,SRS2806241,SAMN08290441,SRA,47.0,-14.51,-13.58,SMAR7,46569749.0,Illumina HiSeq 2500,,1.473831923,Atlantic_Ocean,MAR,South-mid_Atlantic_Ridge,SMAR,SMAR-7,vent,deep_vent,deep_vent,plate margin,divergent,oceanic divergent,,mild_reduced,subaerial,subaerial_saltwater,,basalt,igneous,basalt,58.0,Green Mountain,-7.95,-14.333056,712.811831,"Aegirine,Dalyite,Quartz,Vlasovite",-2785.0,,,,,,,,,,,,8.9,,,,,,,,,,,,,,,,,,,,,,,7504.0,,,,,,,2841.0,,,,,,,,,,,,,,,,,,,,,,,,,,MORB,MARR189,whole_rock,BASALT,MARR189,-15.014,-13.415,98.86,49.8,1.63,15.77,,,8.66,0.19,7.2,10.64,3.29,0.62,,1.06,76.0,41.1,0.36,105.0,265.0,86.4,92.8,,24.69,249.0,5.33,3.23,1.38,16.7,4.49,,1.15,11.02,5.7,0.44,16.02,14.74,0.84,3.25,9.02,36.7,1.09,1.25,243.0,1.33,0.84,1.158,1.62,0.03,0.338,0.29,30.7,2.96,135.6,47.96333335,1.738333335,15.28833335,3.680833335,6.975,10.28705064,0.173166665,7.475,10.05333335,2.664166665,0.836666665,0.364916665,7.420803241,36.66896473,0.0,2185.239391,,4663.420426,7.458741132,721.8857524,730.754868,113.4655719,2.611828986,19.60890566,,,,,,-2791.035352,38.37198214,,2166.423077,81.95248688,,,2125.857474,0.3243091485
SRR6439370,SRS2806240,SAMN08290444,SRA,53.0,47.56,-129.06,JDF2,57145250.0,Illumina HiSeq 2500,rock,0.653903846,Pacific_Ocean,JDFR,Main_Endeavor_Field,Main_Endeavor_Field,MilliQ-S10 chimney JDF2,vent,deep_vent,deep_vent,plate margin,divergent,oceanic divergent,,mild_reduced,subaerial,subaerial_saltwater,954279.0,mafic,igneous,basalt,249876.0,Endeavor Segment,47.9163889,-129.09972,25.3694426,"Anhydrite,Baryte,Chalcopyrite,Marcasite,Pyrite,Quartz,Sphalerite,Wurtzite",-2182.0,,,,,0.35,,,,,0.25,,,,2197.9,,19.0,7.99,,,,,1195.428,89.907,60.7625,92.1794,,,,,,,,,0.00258543,0.69894,6.0,21.72176,4.83384,0.00374205,0.105642,,1.189916,0.00036675,0.037772,0.7964966,0.000632642,,,0.0031896,,,,,,0.21514,0.203056,0.170934,,,1.13906,,,,0.00011901,,,,MORB,JUAN8,whole_rock,BASALT,JUAN10,47.025,-129.184,99.56,50.33,1.87,14.05,,,11.8,0.2,6.95,11.47,2.57,0.15,,0.17,66.0,44.8,0.55,77.0,385.0,93.0,22.8,0.67,12.78,206.0,6.74,4.38,1.39,17.6,5.23,3.01,1.46,4.4,6.2,0.64,4.06,11.19,0.52,2.13,2.24,43.4,3.96,,96.0,0.3,0.99,0.287,,,0.11,,38.3,4.27,105.9,47.96333335,1.738333335,15.28833335,3.680833335,6.975,10.28705064,0.173166665,7.475,10.05333335,2.664166665,0.836666665,0.364916665,10.75704577,63.89119324,0.0,274.8994754,,181.6846053,5.700621907,187.6862313,43.48283731,144.0494387,3.451937516,30.89930953,,,,,,-2582.743808,20.83613173,,286.8658085,41.75810466,,,2641.483063,0.1082531392
SRR6439371,SRS2806239,SAMN08290443,SRA,53.0,47.56,-129.06,JDF1,54679674.0,Illumina HiSeq 2500,rock,0.4318775499,Pacific_Ocean,JDFR,Main_Endeavor_Field,Main_Endeavor_Field,MilliQ-S10 chimney JDF1,vent,deep_vent,deep_vent,plate margin,divergent,oceanic divergent,,mild_reduced,subaerial,subaerial_saltwater,,basalt,igneous,basalt,249876.0,Endeavor Segment,47.9163889,-129.09972,25.3694426,"Anhydrite,Baryte,Chalcopyrite,Marcasite,Pyrite,Quartz,Sphalerite,Wurtzite",-2182.0,,,,,0.37,,,,,0.25,,,,2197.9,,19.0,7.99,,,,,1195.428,89.907,60.7625,92.1794,,,,,,,,,0.00258543,0.69894,6.0,21.72176,4.83384,0.00374205,0.105642,,1.189916,0.00036675,0.037772,0.7964966,0.000632642,,,0.0031896,,,,,,0.21514,0.203056,0.170934,,,1.13906,,,,0.00011901,,,,MORB,JUAN8,whole_rock,BASALT,JUAN10,47.025,-129.184,99.56,50.33,1.87,14.05,,,11.8,0.2,6.95,11.47,2.57,0.15,,0.17,66.0,44.8,0.55,77.0,385.0,93.0,22.8,0.67,12.78,206.0,6.74,4.38,1.39,17.6,5.23,3.01,1.46,4.4,6.2,0.64,4.06,11.19,0.52,2.13,2.24,43.4,3.96,,96.0,0.3,0.99,0.287,,,0.11,,38.3,4.27,105.9,47.96333335,1.738333335,15.28833335,3.680833335,6.975,10.28705064,0.173166665,7.475,10.05333335,2.664166665,0.836666665,0.364916665,10.75704577,63.89119324,0.0,274.8994754,,181.6846053,5.700621907,187.6862313,43.48283731,144.0494387,3.451937516,30.89930953,,,,,,-2582.743808,20.83613173,,286.8658085,41.75810466,,,2641.483063,0.1082531392
SRR6439372,SRS2806238,SAMN08290445,SRA,53.0,47.56,-129.06,JDF3,45012198.0,Illumina HiSeq 2500,rock,0.6765340359,Pacific_Ocean,JDFR,Main_Endeavor_Field,Main_Endeavor_Field,MilliQ-S10 chimney JDF3,vent,deep_vent,deep_vent,plate margin,divergent,oceanic divergent,,mild_reduced,subaerial,subaerial_saltwater,,basalt,igneous,basalt,249876.0,Endeavor Segment,47.9163889,-129.09972,25.3694426,"Anhydrite,Baryte,Chalcopyrite,Marcasite,Pyrite,Quartz,Sphalerite,Wurtzite",-2182.0,,,,,0.35,,,,,0.25,,,,2197.9,,19.0,7.99,,,,,1195.428,89.907,60.7625,92.1794,,,,,,,,,0.00258543,0.69894,6.0,21.72176,4.83384,0.00374205,0.105642,,1.189916,0.00036675,0.037772,0.7964966,0.000632642,,,0.0031896,,,,,,0.21514,0.203056,0.170934,,,1.13906,,,,0.00011901,,,,MORB,JUAN8,whole_rock,BASALT,JUAN10,47.025,-129.184,99.56,50.33,1.87,14.05,,,11.8,0.2,6.95,11.47,2.57,0.15,,0.17,66.0,44.8,0.55,77.0,385.0,93.0,22.8,0.67,12.78,206.0,6.74,4.38,1.39,17.6,5.23,3.01,1.46,4.4,6.2,0.64,4.06,11.19,0.52,2.13,2.24,43.4,3.96,,96.0,0.3,0.99,0.287,,,0.11,,38.3,4.27,105.9,47.96333335,1.738333335,15.28833335,3.680833335,6.975,10.28705064,0.173166665,7.475,10.05333335,2.664166665,0.836666665,0.364916665,10.75704577,63.89119324,0.0,274.8994754,,181.6846053,5.700621907,187.6862313,43.48283731,144.0494387,3.451937516,30.89930953,,,,,,-2582.743808,20.83613173,,286.8658085,41.75810466,,,2641.483063,0.1082531392
SRR7905022,SRS3822705,SAMN10130913,SRA,38.0,34.32,139.22,Jinata Pool 1L,82664852.0,Illumina HiSeq 3000,sediment,0.3129258538,Asia,Japan,Japan,Jinata Onsen,JP1L,spring,hot_spring,hot_spring,plate margin,convergent,oceanic-continental subduction,,oxidized,intertidal,intertidal_saltwater,,non-alkaline felsic volcanics,igneous,felsic,222702.0,Niijima Island,34.35,139.25,4.1846555,"Albite,Cummingtonite,Quartz",0.0,59.5,,5.8,,,,5.51,1.31,,,0.406,,,,,,,,,,,,,,,,,,,,,,,,,,14.7976,,,,,,,,,,,,,,,,,,,,,,,,,,,,,,,EarthChem,UJ-10B,whole_rock,"IGNEOUS, VOLCANIC, MAFIC, BASALT",UJ-10B,34.45,139.3,98.71549775,50.792,0.742,15.482,10.60501411,,9.542497749,0.154,9.912,9.966,1.682,0.315,,0.128,,,,102.2393093,239.320509,,109.5252438,0.427,14.95,,3.183,1.772,0.98,15.17475485,3.037,,0.652,6.128,8.85,0.274,1.591,10.02,2.27,,5.12,,2.684,,481.8099727,0.1074,0.491,0.684,,0.025,0.184,,16.8,1.813,54.9,71.0227778,0.305875,14.405,1.08777778,1.415,2.393793324,0.04922222,0.65127778,1.79277778,3.77888889,4.32888889,0.24788889,21.46505401,1026.940935,0.0,46.41985634,,70.11450683,928.763525,1292.788922,9.542899124,88.89834081,3.781571638,,izu,-125.0746536,42.21412277,1.740597248,123.0453568,-50.028096,1385.627487,2.882903099,139.2273677,6.215583585,1.0,58.12046051,89.67881697,
SRR7905023,SRS3822703,SAMN10130914,SRA,38.0,34.32,139.22,Jinata Pool 1,161478969.0,Illumina HiSeq 3000,sediment,0.9595746476,Asia,Japan,Japan,Jinata Onsen,JP1,spring,hot_spring,hot_spring,plate margin,convergent,oceanic-continental subduction,,oxidized,intertidal,intertidal_saltwater,,non-alkaline felsic volcanics,igneous,felsic,222702.0,Niijima Island,34.35,139.25,4.1846555,"Albite,Cummingtonite,Quartz",0.0,59.5,,5.8,,,,5.51,1.31,,,0.406,,,,,,,,,,,,,,,,,,,,,,,,,,14.7976,,,,,,,,,,,,,,,,,,,,,,,,,,,,,,,EarthChem,UJ-10B,whole_rock,"IGNEOUS, VOLCANIC, MAFIC, BASALT",UJ-10B,34.45,139.3,98.71549775,50.792,0.742,15.482,10.60501411,,9.542497749,0.154,9.912,9.966,1.682,0.315,,0.128,,,,102.2393093,239.320509,,109.5252438,0.427,14.95,,3.183,1.772,0.98,15.17475485,3.037,,0.652,6.128,8.85,0.274,1.591,10.02,2.27,,5.12,,2.684,,481.8099727,0.1074,0.491,0.684,,0.025,0.184,,16.8,1.813,54.9,71.0227778,0.305875,14.405,1.08777778,1.415,2.393793324,0.04922222,0.65127778,1.79277778,3.77888889,4.32888889,0.24788889,21.46505401,1026.940935,0.0,46.41985634,,70.11450683,928.763525,1292.788922,9.542899124,88.89834081,3.781571638,,izu,-125.0746536,42.21412277,1.740597248,123.0453568,-50.028096,1385.627487,2.882903099,139.2273677,6.215583585,1.0,58.12046051,89.67881697,
SRR7905024,SRS3822704,SAMN10130912,SRA,38.0,34.32,139.22,Jinata Pool 2,103796006.0,Illumina HiSeq 3000,sediment,0.1069369818,Asia,Japan,Japan,Jinata Onsen,JP2,spring,hot_spring,hot_spring,plate margin,convergent,oceanic-continental subduction,,oxidized,intertidal,intertidal_saltwater,,non-alkaline felsic volcanics,igneous,felsic,222702.0,Niijima Island,34.35,139.25,4.1846555,"Albite,Cummingtonite,Quartz",0.0,54.0,,6.5,,,,2.09,0.76,,,0.9,,,,,,,,,,,,,,,,,,,,,,,,,,8.43184,,,,,,,,,,,,,,,,,,,,,,,,,,,,,,,EarthChem,UJ-10B,whole_rock,"IGNEOUS, VOLCANIC, MAFIC, BASALT",UJ-10B,34.45,139.3,98.71549775,50.792,0.742,15.482,10.60501411,,9.542497749,0.154,9.912,9.966,1.682,0.315,,0.128,,,,102.2393093,239.320509,,109.5252438,0.427,14.95,,3.183,1.772,0.98,15.17475485,3.037,,0.652,6.128,8.85,0.274,1.591,10.02,2.27,,5.12,,2.684,,481.8099727,0.1074,0.491,0.684,,0.025,0.184,,16.8,1.813,54.9,71.0227778,0.305875,14.405,1.08777778,1.415,2.393793324,0.04922222,0.65127778,1.79277778,3.77888889,4.32888889,0.24788889,21.46505401,1026.940935,0.0,46.41985634,,70.11450683,928.763525,1292.788922,9.542899124,88.89834081,3.781571638,,izu,-125.0746536,42.21412277,1.740597248,123.0453568,-50.028096,1385.627487,2.882903099,139.2273677,6.215583585,1.0,58.12046051,89.67881697,
SRR7905025,SRS3822702,SAMN10130915,SRA,38.0,34.32,139.22,Jinata Pool 3,59247.0,Illumina HiSeq 3000,sediment,1.676847596,Asia,Japan,Japan,Jinata Onsen,JP3,spring,hot_spring,hot_spring,plate margin,convergent,oceanic-continental subduction,,oxidized,intertidal,intertidal_saltwater,,non-alkaline felsic volcanics,igneous,felsic,222702.0,Niijima Island,34.35,139.25,4.1846555,"Albite,Cummingtonite,Quartz",0.0,46.0,,6.7,,,,1.79,0.76,,,1.2,,,,,,,,,,,,,,,,,,,,,,,,,,5.584,,,,,,,,,,,,,,,,,,,,,,,,,,,,,,,EarthChem,UJ-10B,whole_rock,"IGNEOUS, VOLCANIC, MAFIC, BASALT",UJ-10B,34.45,139.3,98.71549775,50.792,0.742,15.482,10.60501411,,9.542497749,0.154,9.912,9.966,1.682,0.315,,0.128,,,,102.2393093,239.320509,,109.5252438,0.427,14.95,,3.183,1.772,0.98,15.17475485,3.037,,0.652,6.128,8.85,0.274,1.591,10.02,2.27,,5.12,,2.684,,481.8099727,0.1074,0.491,0.684,,0.025,0.184,,16.8,1.813,54.9,71.0227778,0.305875,14.405,1.08777778,1.415,2.393793324,0.04922222,0.65127778,1.79277778,3.77888889,4.32888889,0.24788889,21.46505401,1026.940935,0.0,46.41985634,,70.11450683,928.763525,1292.788922,9.542899124,88.89834081,3.781571638,,izu,-125.0746536,42.21412277,1.740597248,123.0453568,-50.028096,1385.627487,2.882903099,139.2273677,6.215583585,1.0,58.12046051,89.67881697,
SRR8554436,SRS4347136,SAMN10863906,SRA,13.0,44.58,-110.79,YNP-CB-006-1,162414943.0,Illumina NovaSeq 6000,biofilm,0.7184624951,North_America,USA,YNP,Gibbon Canyon,,spring,hot_spring,hot_spring,intraplate,hotspot,continental hotspot,,reduced,aerial,aerial,958230.0,felsic,igneous,granite,171301.0,Yellowstone National Park,44.5622222,-110.83806,5.38950452,"Aegirine,Analcime,Calcite,Fluorite,Montmorillonite,Pectolite,Pyrite,Quartz",2288.0,73.1,0.545,2.91,,,,,,,,,12.15,,,,,,,,,,,,,,,,,,,,,,,,,,,,,,,,,,,,,,,,,,,,,,,,,,,,,,,,EarthChem,BM7-3,whole_rock,"IGNEOUS, VOLCANIC, FELSIC, RHYOLITE",BM7-3,44.5225,-110.8268,96.7985,73.57,0.263,12.07,,,1.59,0.041,0.17,0.72,3.07,5.18,0.0925,0.032,,,,,,,800.0,,146.0,,10.4,5.97,1.16,,9.88,,,73.4,,0.83,45.4,56.6,30.6,15.7,187.0,,11.1,,49.2,,1.72,24.7,,,5.9,,60.1,5.81,292.0,71.0227778,0.305875,14.405,1.08777778,1.415,2.393793324,0.04922222,0.65127778,1.79277778,3.77888889,4.32888889,0.24788889,42.11318522,,12.7359,940.1534241,,1156.055342,795.8244502,66.59179539,19.21212118,97.20838154,1.812453981,,,,,,,2289.19356,1280.982495,,20.4142594,15.0891632,,,1899.809292,
SRR8581213,SRS4370950,SAMN10948629,SRA,31.0,31.59,77.3,HS_Bank,19100942.0,Illumina,biofilm,11.30579861,Asia,India,Himalayas,Kheerganga,Kheerganga,spring,hot_spring,hot_spring,plate margin,convergent,collisional,,oxidized,aerial,aerial,3189341.0,metamorphic,metamorphic,metamorphic,232806.0,Shang Sumdo Region,33.8536111,77.7075,70.838975,"Calcite,Quartz",3050.0,45.0,0.555,7.6,,,,,,,,,,,,,,,,,,,,,,,,,,,,,,,,,,,,,,,,,,,,,,,,,,,,,,,,,,,,,,,,,EarthChem,V300,whole_rock,"IGNEOUS, VOLCANIC, MAFIC, BASALT",V300,32.8,77.3,96.21,43.5,3.35,14.85,,5.4,16.35,0.22,6.25,7.55,3.0,0.58,,0.56,13.0,0.5,,1.0,420.0,5.0,,0.5,75.0,46.0,,,8.0,16.0,,,,22.0,1.0,,175.0,44.0,450.0,,,9.0,,,5.0,,,,,,8200.0,,280.0,70.0,,,,,,,,,,,,,,53.82519815,,206.517,1120.977589,,2488.452703,2673.129412,2186.083313,512.3065753,124.2170061,4.774570507,,him,-18.14720917,16.18264389,3.927944183,99.17035675,2070.705,2675.07294,1.108797431,5.642765215,89.44139282,,11.66196918,1340.996885,
SRR8863378,,,,,,,,,,,,,,,,,,,,,,,,,,,,,,,,,,,,,,,,,,,,,,,,,,,,,,,,,,,,,,,,,,,,,,,,,,,,,,,,,,,,,,,,,,,,,,,,,,,,,,,,,,,,,,,,,,,,,,,,,,,,,,,,,,,,,,,,,,,,,,,,,,,,,,,,,,,,,,,,,,,,,,,,,,,,,,,,,,,,,,,,,,,,,,,,,,,,,,,,,,
SRR8863384,SRS4596089,SAMN10864101,SRA,18.0,44.53,-110.8,20050624_m2,180435379.0,Illumina HiSeq 2000,biofilm,0.7519574407,North_America,USA,YNP,Lower Geyser Basin,Octopus Spring,spring,hot_spring,hot_spring,intraplate,hotspot,continental hotspot,,reduced,aerial,aerial,958230.0,felsic,igneous,granite,248602.0,Upper Geyser Basin,44.4641667,-110.82917,4.15748861,"Gyrolite,Truscottite",2238.0,90.5,0.668,8.04,-0.0785,,,14.7,0.1167,,,0.0,7.7,22.7485,246.1986,17.5914,0.0236,0.7904,0.063,,0.04179,,276.03,15.4185,0.011,0.765,,,,,,,,,0.0001,0.001,5.0,,0.003,,,,0.002,,0.243,,0.002,,,,,,,,,3.2514,0.001,,,,0.001,,,,,,,,EarthChem,BM7-3,whole_rock,"IGNEOUS, VOLCANIC, FELSIC, RHYOLITE",BM7-3,44.5225,-110.8268,96.7985,73.57,0.263,12.07,,,1.59,0.041,0.17,0.72,3.07,5.18,0.0925,0.032,,,,,,,800.0,,146.0,,10.4,5.97,1.16,,9.88,,,73.4,,0.83,45.4,56.6,30.6,15.7,187.0,,11.1,,49.2,,1.72,24.7,,,5.9,,60.1,5.81,292.0,71.0227778,0.305875,14.405,1.08777778,1.415,2.393793324,0.04922222,0.65127778,1.79277778,3.77888889,4.32888889,0.24788889,42.14955257,,-0.699905,941.7280428,,1155.821418,791.4766082,61.01711115,14.99010876,96.91832214,1.811548018,,,,,,,2277.315,1280.017928,,17.83450809,20.26851004,,,1894.236098,
